[7m>>> linux custom Building[27m
/usr/bin/sed -i -e '/^\(# \)\?CONFIG_GCC_PLUGINS\>/d' /workspace/project/buildroot/buildroot-mchp/output/build/linux-custom//.config && echo '# CONFIG_GCC_PLUGINS is not set' >> /workspace/project/buildroot/buildroot-mchp/output/build/linux-custom//.config
GIT_DIR=. PATH="/workspace/project/buildroot/buildroot-mchp/output/host/bin:/workspace/project/buildroot/buildroot-mchp/output/host/sbin:/opt/toolchains/buildroot/bin:/usr/local/sbin:/usr/local/bin:/usr/sbin:/usr/bin:/sbin:/bin" PKG_CONFIG="/workspace/project/buildroot/buildroot-mchp/output/host/bin/pkg-config" PKG_CONFIG_SYSROOT_DIR="/" PKG_CONFIG_ALLOW_SYSTEM_CFLAGS=1 PKG_CONFIG_ALLOW_SYSTEM_LIBS=1 PKG_CONFIG_LIBDIR="/workspace/project/buildroot/buildroot-mchp/output/host/lib/pkgconfig:/workspace/project/buildroot/buildroot-mchp/output/host/share/pkgconfig" BR_BINARIES_DIR=/workspace/project/buildroot/buildroot-mchp/output/images /usr/bin/make -j5 HOSTCC="/usr/bin/gcc -O2 -isystem /workspace/project/buildroot/buildroot-mchp/output/host/include -L/workspace/project/buildroot/buildroot-mchp/output/host/lib -Wl,-rpath,/workspace/project/buildroot/buildroot-mchp/output/host/lib" ARCH=arm KCFLAGS="-Wno-attribute-alias" INSTALL_MOD_PATH=/workspace/project/buildroot/buildroot-mchp/output/target CROSS_COMPILE="/workspace/project/buildroot/buildroot-mchp/output/host/bin/arm-buildroot-linux-uclibcgnueabihf-" WERROR=0 REGENERATE_PARSERS=1 DEPMOD=/workspace/project/buildroot/buildroot-mchp/output/host/sbin/depmod INSTALL_MOD_STRIP=1 -C /workspace/project/buildroot/buildroot-mchp/output/build/linux-custom all
make[1]: Entering directory '/workspace/project/buildroot/buildroot-mchp/output/build/linux-custom'
/usr/bin/make --no-print-directory -C /workspace/project/buildroot/buildroot-mchp/output/build/linux-custom \
-f /workspace/project/buildroot/buildroot-mchp/output/build/linux-custom/Makefile all
: "  SYNC    include/config/auto.conf.cmd"
/usr/bin/make -f ./Makefile syncconfig
/usr/bin/make -f ./scripts/Makefile.build obj=scripts/basic
/usr/bin/make -f ./scripts/Makefile.build obj=scripts/kconfig syncconfig
scripts/kconfig/conf  --syncconfig Kconfig
/usr/bin/make -f ./scripts/Makefile.build obj=arch/arm/tools uapi
/usr/bin/make -f ./scripts/Makefile.build obj=scripts/basic
set -e; mkdir -p include/config/; trap "rm -f include/config/.tmp_kernel.release" EXIT; { ./scripts/setlocalversion .; } > include/config/.tmp_kernel.release; if [ ! -r include/config/kernel.release ] || ! cmp -s include/config/kernel.release include/config/.tmp_kernel.release; then : '  UPD     include/config/kernel.release'; mv -f include/config/.tmp_kernel.release include/config/kernel.release; fi
/usr/bin/make -f ./scripts/Makefile.asm-headers obj=arch/arm/include/generated/uapi/asm \
generic=include/uapi/asm-generic
set -e; mkdir -p include/generated/uapi/linux/; trap "rm -f include/generated/uapi/linux/.tmp_version.h" EXIT; { 	if [ 48 -gt 255 ]; then echo \#define LINUX_VERSION_CODE 396543; else echo \#define LINUX_VERSION_CODE 396336; fi; echo '#define KERNEL_VERSION(a,b,c) (((a) << 16) + ((b) << 8) + ((c) > 255 ? 255 : (c)))'; echo \#define LINUX_VERSION_MAJOR 6; echo \#define LINUX_VERSION_PATCHLEVEL 12; echo \#define LINUX_VERSION_SUBLEVEL 48; } > include/generated/uapi/linux/.tmp_version.h; if [ ! -r include/generated/uapi/linux/version.h ] || ! cmp -s include/generated/uapi/linux/version.h include/generated/uapi/linux/.tmp_version.h; then : '  UPD     include/generated/uapi/linux/version.h'; mv -f include/generated/uapi/linux/.tmp_version.h include/generated/uapi/linux/version.h; fi
set -e; mkdir -p include/generated/; trap "rm -f include/generated/.tmp_compile.h" EXIT; { ./scripts/mkcompile_h "arm" "arm-buildroot-linux-uclibcgnueabihf-gcc.br_real (Buildroot linux4microchip-2026.04-4-ge96704c16a-dirty) 13.4.0" "/workspace/project/buildroot/buildroot-mchp/output/host/bin/arm-buildroot-linux-uclibcgnueabihf-ld"; } > include/generated/.tmp_compile.h; if [ ! -r include/generated/compile.h ] || ! cmp -s include/generated/compile.h include/generated/.tmp_compile.h; then : '  UPD     include/generated/compile.h'; mv -f include/generated/.tmp_compile.h include/generated/compile.h; fi
./scripts/remove-stale-files
/usr/bin/make -f ./scripts/Makefile.build obj=scripts/dtc
/usr/bin/make -f ./scripts/Makefile.asm-headers obj=arch/arm/include/generated/asm \
generic=include/asm-generic
./scripts/misc-check
/usr/bin/make -f ./scripts/Makefile.build obj=scripts
set -e; mkdir -p include/generated/; trap "rm -f include/generated/.tmp_utsrelease.h" EXIT; { 	if [ `echo -n "6.12.48" | wc -c ` -gt 64 ]; then echo '"6.12.48" exceeds 64 characters' >&2; exit 1; fi; echo \#define UTS_RELEASE \"6.12.48\"; } > include/generated/.tmp_utsrelease.h; if [ ! -r include/generated/utsrelease.h ] || ! cmp -s include/generated/utsrelease.h include/generated/.tmp_utsrelease.h; then : '  UPD     include/generated/utsrelease.h'; mv -f include/generated/.tmp_utsrelease.h include/generated/utsrelease.h; fi
/usr/bin/make -f ./scripts/Makefile.build obj=arch/arm/boot/dts need-dtbslist=1
/usr/bin/make -f ./scripts/Makefile.build obj=arch/arm/boot/dts/actions \
need-builtin= \
need-modorder= \

/usr/bin/make -f ./scripts/Makefile.build obj=arch/arm/boot/dts/airoha \
need-builtin= \
need-modorder= \

/usr/bin/make -f ./scripts/Makefile.build obj=arch/arm/boot/dts/allwinner \
need-builtin= \
need-modorder= \

/usr/bin/make -f ./scripts/Makefile.build obj=arch/arm/boot/dts/alphascale \
need-builtin= \
need-modorder= \

/usr/bin/make -f ./scripts/Makefile.build obj=arch/arm/boot/dts/amazon \
need-builtin= \
need-modorder= \

/usr/bin/make -f ./scripts/Makefile.build obj=arch/arm/boot/dts/amlogic \
need-builtin= \
need-modorder= \

/usr/bin/make -f ./scripts/Makefile.build obj=arch/arm/boot/dts/arm \
need-builtin= \
need-modorder= \

/usr/bin/make -f ./scripts/Makefile.build obj=arch/arm/boot/dts/aspeed \
need-builtin= \
need-modorder= \

/usr/bin/make -f ./scripts/Makefile.build obj=arch/arm/tools kapi
/usr/bin/make -f ./scripts/Makefile.build obj=arch/arm/boot/dts/axis \
need-builtin= \
need-modorder= \

/usr/bin/make -f ./scripts/Makefile.build obj=arch/arm/boot/dts/broadcom \
need-builtin= \
need-modorder= \

/usr/bin/make -f ./scripts/Makefile.build obj=scripts/mod
/usr/bin/make -f ./scripts/Makefile.build obj=arch/arm/boot/dts/calxeda \
need-builtin= \
need-modorder= \

/usr/bin/make -f ./scripts/Makefile.build obj=arch/arm/boot/dts/cirrus \
need-builtin= \
need-modorder= \

set -e; mkdir -p scripts/mod/; trap "rm -f scripts/mod/.tmp_devicetable-offsets.h" EXIT; { 	 echo "#ifndef __DEVICETABLE_OFFSETS_H__"; echo "#define __DEVICETABLE_OFFSETS_H__"; echo "/*"; echo " * DO NOT MODIFY."; echo " *"; echo " * This file was generated by Kbuild"; echo " */"; echo ""; sed -ne 	's:^[[:space:]]*\.ascii[[:space:]]*"\(.*\)".*:\1:; /^->/{s:->#\(.*\):/* \1 */:; s:^->\([^ ]*\) [\$#]*\([^ ]*\) \(.*\):#define \1 \2 /* \3 */:; s:->::; p;}' < scripts/mod/devicetable-offsets.s; echo ""; echo "#endif"; } > scripts/mod/.tmp_devicetable-offsets.h; if [ ! -r scripts/mod/devicetable-offsets.h ] || ! cmp -s scripts/mod/devicetable-offsets.h scripts/mod/.tmp_devicetable-offsets.h; then : '  UPD     scripts/mod/devicetable-offsets.h'; mv -f scripts/mod/.tmp_devicetable-offsets.h scripts/mod/devicetable-offsets.h; fi
/usr/bin/make -f ./scripts/Makefile.build obj=arch/arm/boot/dts/cnxt \
need-builtin= \
need-modorder= \

/usr/bin/make -f ./scripts/Makefile.build obj=arch/arm/boot/dts/gemini \
need-builtin= \
need-modorder= \

/usr/bin/make -f ./scripts/Makefile.build obj=arch/arm/boot/dts/hisilicon \
need-builtin= \
need-modorder= \

/usr/bin/make -f ./scripts/Makefile.build obj=arch/arm/boot/dts/hpe \
need-builtin= \
need-modorder= \

/usr/bin/make -f ./scripts/Makefile.build obj=arch/arm/boot/dts/intel \
need-builtin= \
need-modorder= \

/usr/bin/make -f ./scripts/Makefile.build obj=arch/arm/boot/dts/marvell \
need-builtin= \
need-modorder= \

/usr/bin/make -f ./scripts/Makefile.build obj=arch/arm/boot/dts/mediatek \
need-builtin= \
need-modorder= \

/usr/bin/make -f ./scripts/Makefile.build obj=arch/arm/boot/dts/intel/axm \
need-builtin= \
need-modorder= \

/usr/bin/make -f ./scripts/Makefile.build obj=arch/arm/boot/dts/microchip \
need-builtin= \
need-modorder= \

/usr/bin/make -f ./scripts/Makefile.build obj=arch/arm/boot/dts/intel/ixp \
need-builtin= \
need-modorder= \

/usr/bin/make -f ./scripts/Makefile.build obj=arch/arm/boot/dts/moxa \
need-builtin= \
need-modorder= \

/usr/bin/make -f ./scripts/Makefile.build obj=. prepare
/usr/bin/make -f ./scripts/Makefile.build obj=arch/arm/boot/dts/nspire \
need-builtin= \
need-modorder= \

/usr/bin/make -f ./scripts/Makefile.build obj=arch/arm/boot/dts/nuvoton \
need-builtin= \
need-modorder= \

/usr/bin/make -f ./scripts/Makefile.build obj=arch/arm/boot/dts/nvidia \
need-builtin= \
need-modorder= \

/usr/bin/make -f ./scripts/Makefile.build obj=arch/arm/boot/dts/nxp \
need-builtin= \
need-modorder= \

/usr/bin/make -f ./scripts/Makefile.build obj=arch/arm/boot/dts/intel/pxa \
need-builtin= \
need-modorder= \

/usr/bin/make -f ./scripts/Makefile.build obj=arch/arm/boot/dts/intel/socfpga \
need-builtin= \
need-modorder= \

/usr/bin/make -f ./scripts/Makefile.build obj=arch/arm/boot/dts/qcom \
need-builtin= \
need-modorder= \

/usr/bin/make -f ./scripts/Makefile.build obj=arch/arm/boot/dts/nxp/imx \
need-builtin= \
need-modorder= \

set -e; mkdir -p include/generated/; trap "rm -f include/generated/.tmp_timeconst.h" EXIT; { echo 100 | bc -q kernel/time/timeconst.bc; } > include/generated/.tmp_timeconst.h; if [ ! -r include/generated/timeconst.h ] || ! cmp -s include/generated/timeconst.h include/generated/.tmp_timeconst.h; then : '  UPD     include/generated/timeconst.h'; mv -f include/generated/.tmp_timeconst.h include/generated/timeconst.h; fi
/usr/bin/make -f ./scripts/Makefile.build obj=arch/arm/boot/dts/nxp/lpc \
need-builtin= \
need-modorder= \

set -e; mkdir -p include/generated/; trap "rm -f include/generated/.tmp_bounds.h" EXIT; { 	 echo "#ifndef __LINUX_BOUNDS_H__"; echo "#define __LINUX_BOUNDS_H__"; echo "/*"; echo " * DO NOT MODIFY."; echo " *"; echo " * This file was generated by Kbuild"; echo " */"; echo ""; sed -ne 	's:^[[:space:]]*\.ascii[[:space:]]*"\(.*\)".*:\1:; /^->/{s:->#\(.*\):/* \1 */:; s:^->\([^ ]*\) [\$#]*\([^ ]*\) \(.*\):#define \1 \2 /* \3 */:; s:->::; p;}' < kernel/bounds.s; echo ""; echo "#endif"; } > include/generated/.tmp_bounds.h; if [ ! -r include/generated/bounds.h ] || ! cmp -s include/generated/bounds.h include/generated/.tmp_bounds.h; then : '  UPD     include/generated/bounds.h'; mv -f include/generated/.tmp_bounds.h include/generated/bounds.h; fi
/usr/bin/make -f ./scripts/Makefile.build obj=arch/arm/boot/dts/realtek \
need-builtin= \
need-modorder= \

/usr/bin/make -f ./scripts/Makefile.build obj=arch/arm/boot/dts/nxp/ls \
need-builtin= \
need-modorder= \

/usr/bin/make -f ./scripts/Makefile.build obj=arch/arm/boot/dts/nxp/mxs \
need-builtin= \
need-modorder= \

/usr/bin/make -f ./scripts/Makefile.build obj=arch/arm/boot/dts/nxp/vf \
need-builtin= \
need-modorder= \

/usr/bin/make -f ./scripts/Makefile.build obj=arch/arm/boot/dts/renesas \
need-builtin= \
need-modorder= \

/usr/bin/make -f ./scripts/Makefile.build obj=arch/arm/boot/dts/rockchip \
need-builtin= \
need-modorder= \

/usr/bin/make -f ./scripts/Makefile.build obj=arch/arm/boot/dts/samsung \
need-builtin= \
need-modorder= \

/usr/bin/make -f ./scripts/Makefile.build obj=arch/arm/boot/dts/sigmastar \
need-builtin= \
need-modorder= \

/usr/bin/make -f ./scripts/Makefile.build obj=arch/arm/boot/dts/socionext \
need-builtin= \
need-modorder= \

/usr/bin/make -f ./scripts/Makefile.build obj=arch/arm/boot/dts/st \
need-builtin= \
need-modorder= \

/usr/bin/make -f ./scripts/Makefile.build obj=arch/arm/boot/dts/sunplus \
need-builtin= \
need-modorder= \

/usr/bin/make -f ./scripts/Makefile.build obj=arch/arm/boot/dts/synaptics \
need-builtin= \
need-modorder= \

set -e; mkdir -p include/generated/; trap "rm -f include/generated/.tmp_asm-offsets.h" EXIT; { 	 echo "#ifndef __ASM_OFFSETS_H__"; echo "#define __ASM_OFFSETS_H__"; echo "/*"; echo " * DO NOT MODIFY."; echo " *"; echo " * This file was generated by Kbuild"; echo " */"; echo ""; sed -ne 	's:^[[:space:]]*\.ascii[[:space:]]*"\(.*\)".*:\1:; /^->/{s:->#\(.*\):/* \1 */:; s:^->\([^ ]*\) [\$#]*\([^ ]*\) \(.*\):#define \1 \2 /* \3 */:; s:->::; p;}' < arch/arm/kernel/asm-offsets.s; echo ""; echo "#endif"; } > include/generated/.tmp_asm-offsets.h; if [ ! -r include/generated/asm-offsets.h ] || ! cmp -s include/generated/asm-offsets.h include/generated/.tmp_asm-offsets.h; then : '  UPD     include/generated/asm-offsets.h'; mv -f include/generated/.tmp_asm-offsets.h include/generated/asm-offsets.h; fi
/usr/bin/make -f ./scripts/Makefile.build obj=arch/arm/boot/dts/ti \
need-builtin= \
need-modorder= \

/usr/bin/make -f ./scripts/Makefile.build obj=arch/arm/boot/dts/unisoc \
need-builtin= \
need-modorder= \

/usr/bin/make -f ./scripts/Makefile.build obj=arch/arm/boot/dts/vt8500 \
need-builtin= \
need-modorder= \

/usr/bin/make -f ./scripts/Makefile.build obj=arch/arm/boot/dts/ti/davinci \
need-builtin= \
need-modorder= \

/usr/bin/make -f ./scripts/Makefile.build obj=arch/arm/boot/dts/ti/keystone \
need-builtin= \
need-modorder= \

/usr/bin/make -f ./scripts/Makefile.build obj=arch/arm/boot/dts/xen \
need-builtin= \
need-modorder= \

/usr/bin/make -f ./scripts/Makefile.build obj=arch/arm/boot/dts/ti/omap \
need-builtin= \
need-modorder= \

/usr/bin/make -f ./scripts/Makefile.build obj=arch/arm/boot/dts/xilinx \
need-builtin= \
need-modorder= \

# CALL    scripts/checksyscalls.sh
  sh scripts/checksyscalls.sh /workspace/project/buildroot/buildroot-mchp/output/host/bin/arm-buildroot-linux-uclibcgnueabihf-gcc -Wp,-MMD,./.missing-syscalls.d -nostdinc -I./arch/arm/include -I./arch/arm/include/generated  -I./include -I./arch/arm/include/uapi -I./arch/arm/include/generated/uapi -I./include/uapi -I./include/generated/uapi -include ./include/linux/compiler-version.h -include ./include/linux/kconfig.h -include ./include/linux/compiler_types.h -D__KERNEL__ -mlittle-endian -D__LINUX_ARM_ARCH__=7 -fmacro-prefix-map=./= -std=gnu11 -fshort-wchar -funsigned-char -fno-common -fno-PIE -fno-strict-aliasing -fno-dwarf2-cfi-asm -mno-fdpic -fno-ipa-sra -mtp=cp15 -mabi=aapcs-linux -mfpu=vfp -funwind-tables -marm -Wa,-mno-warn-deprecated -march=armv7-a -msoft-float -Uarm -fno-delete-null-pointer-checks -O2 -fno-allow-store-data-races -fstack-protector-strong -fomit-frame-pointer -ftrivial-auto-var-init=zero -fno-stack-clash-protection -fstrict-flex-arrays=3 -fno-strict-overflow -fno-stack-check -fconserve-stack -fno-builtin-wcslen -fno-builtin-wcslen -Wall -Wextra -Wundef -Werror=implicit-function-declaration -Werror=implicit-int -Werror=return-type -Werror=strict-prototypes -Wno-format-security -Wno-trigraphs -Wno-frame-address -Wno-address-of-packed-member -Wmissing-declarations -Wmissing-prototypes -Wframe-larger-than=1024 -Wno-main -Wno-dangling-pointer -Wvla -Wno-pointer-sign -Wcast-function-type -Wno-array-bounds -Wno-stringop-overflow -Wno-alloc-size-larger-than -Wimplicit-fallthrough=5 -Werror=date-time -Werror=incompatible-pointer-types -Werror=designated-init -Wenum-conversion -Wunused -Wno-unused-but-set-variable -Wno-unused-const-variable -Wno-packed-not-aligned -Wno-format-overflow -Wno-format-truncation -Wno-stringop-truncation -Wno-override-init -Wno-missing-field-initializers -Wno-type-limits -Wno-shift-negative-value -Wno-maybe-uninitialized -Wno-sign-compare -Wno-unused-parameter -Wno-attribute-alias    -DKBUILD_MODFILE='"./missing-syscalls"' -DKBUILD_BASENAME='"missing_syscalls"' -DKBUILD_MODNAME='"missing_syscalls"' -D__KBUILD_MODNAME=kmod_missing_syscalls 
/usr/bin/make -f ./scripts/Makefile.build obj=. need-builtin=1 need-modorder=1 
/usr/bin/make -f ./scripts/Makefile.build obj=scripts scripts/module.lds
/usr/bin/make -f ./scripts/Makefile.build obj=certs \
need-builtin=1 \
need-modorder=1 \

/usr/bin/make -f ./scripts/Makefile.build obj=crypto \
need-builtin=1 \
need-modorder=1 \

/usr/bin/make -f ./scripts/Makefile.build obj=block \
need-builtin=1 \
need-modorder=1 \

/usr/bin/make -f ./scripts/Makefile.build obj=io_uring \
need-builtin=1 \
need-modorder=1 \

/usr/bin/make -f ./scripts/Makefile.build obj=arch/arm/lib \
need-builtin=1 \
need-modorder=1 \

# CC      io_uring/io_uring.o
  /workspace/project/buildroot/buildroot-mchp/output/host/bin/arm-buildroot-linux-uclibcgnueabihf-gcc -Wp,-MMD,io_uring/.io_uring.o.d -nostdinc -I./arch/arm/include -I./arch/arm/include/generated  -I./include -I./arch/arm/include/uapi -I./arch/arm/include/generated/uapi -I./include/uapi -I./include/generated/uapi -include ./include/linux/compiler-version.h -include ./include/linux/kconfig.h -include ./include/linux/compiler_types.h -D__KERNEL__ -mlittle-endian -D__LINUX_ARM_ARCH__=7 -fmacro-prefix-map=./= -std=gnu11 -fshort-wchar -funsigned-char -fno-common -fno-PIE -fno-strict-aliasing -fno-dwarf2-cfi-asm -mno-fdpic -fno-ipa-sra -mtp=cp15 -mabi=aapcs-linux -mfpu=vfp -funwind-tables -marm -Wa,-mno-warn-deprecated -march=armv7-a -msoft-float -Uarm -fno-delete-null-pointer-checks -O2 -fno-allow-store-data-races -fstack-protector-strong -fomit-frame-pointer -ftrivial-auto-var-init=zero -fno-stack-clash-protection -fstrict-flex-arrays=3 -fno-strict-overflow -fno-stack-check -fconserve-stack -fno-builtin-wcslen -fno-builtin-wcslen -Wall -Wextra -Wundef -Werror=implicit-function-declaration -Werror=implicit-int -Werror=return-type -Werror=strict-prototypes -Wno-format-security -Wno-trigraphs -Wno-frame-address -Wno-address-of-packed-member -Wmissing-declarations -Wmissing-prototypes -Wframe-larger-than=1024 -Wno-main -Wno-dangling-pointer -Wvla -Wno-pointer-sign -Wcast-function-type -Wno-array-bounds -Wno-stringop-overflow -Wno-alloc-size-larger-than -Wimplicit-fallthrough=5 -Werror=date-time -Werror=incompatible-pointer-types -Werror=designated-init -Wenum-conversion -Wunused -Wno-unused-but-set-variable -Wno-unused-const-variable -Wno-packed-not-aligned -Wno-format-overflow -Wno-format-truncation -Wno-stringop-truncation -Wno-override-init -Wno-missing-field-initializers -Wno-type-limits -Wno-shift-negative-value -Wno-maybe-uninitialized -Wno-sign-compare -Wno-unused-parameter -Wno-attribute-alias -mstack-protector-guard=tls -mstack-protector-guard-offset=1032    -DKBUILD_MODFILE='"io_uring/io_uring"' -DKBUILD_BASENAME='"io_uring"' -DKBUILD_MODNAME='"io_uring"' -D__KBUILD_MODNAME=kmod_io_uring -c -o io_uring/io_uring.o io_uring/io_uring.c  
/usr/bin/make -f ./scripts/Makefile.build obj=block/partitions \
need-builtin=1 \
need-modorder=1 \

# AS      arch/arm/lib/ashldi3.o
  /workspace/project/buildroot/buildroot-mchp/output/host/bin/arm-buildroot-linux-uclibcgnueabihf-gcc -Wp,-MMD,arch/arm/lib/.ashldi3.o.d -nostdinc -I./arch/arm/include -I./arch/arm/include/generated  -I./include -I./arch/arm/include/uapi -I./arch/arm/include/generated/uapi -I./include/uapi -I./include/generated/uapi -include ./include/linux/compiler-version.h -include ./include/linux/kconfig.h -D__KERNEL__ -mlittle-endian -D__LINUX_ARM_ARCH__=7 -fmacro-prefix-map=./= -D__ASSEMBLY__ -fno-PIE -mabi=aapcs-linux -mfpu=vfp -funwind-tables -marm -Wa,-mno-warn-deprecated -Wa,-march=armv7-a -include ./arch/arm/include/asm/unified.h -msoft-float    -DKBUILD_MODFILE='"arch/arm/lib/ashldi3"' -DKBUILD_MODNAME='"ashldi3"' -D__KBUILD_MODNAME=kmod_ashldi3 -c -o arch/arm/lib/ashldi3.o arch/arm/lib/ashldi3.S 
# CC      block/partitions/core.o
  /workspace/project/buildroot/buildroot-mchp/output/host/bin/arm-buildroot-linux-uclibcgnueabihf-gcc -Wp,-MMD,block/partitions/.core.o.d -nostdinc -I./arch/arm/include -I./arch/arm/include/generated  -I./include -I./arch/arm/include/uapi -I./arch/arm/include/generated/uapi -I./include/uapi -I./include/generated/uapi -include ./include/linux/compiler-version.h -include ./include/linux/kconfig.h -include ./include/linux/compiler_types.h -D__KERNEL__ -mlittle-endian -D__LINUX_ARM_ARCH__=7 -fmacro-prefix-map=./= -std=gnu11 -fshort-wchar -funsigned-char -fno-common -fno-PIE -fno-strict-aliasing -fno-dwarf2-cfi-asm -mno-fdpic -fno-ipa-sra -mtp=cp15 -mabi=aapcs-linux -mfpu=vfp -funwind-tables -marm -Wa,-mno-warn-deprecated -march=armv7-a -msoft-float -Uarm -fno-delete-null-pointer-checks -O2 -fno-allow-store-data-races -fstack-protector-strong -fomit-frame-pointer -ftrivial-auto-var-init=zero -fno-stack-clash-protection -fstrict-flex-arrays=3 -fno-strict-overflow -fno-stack-check -fconserve-stack -fno-builtin-wcslen -fno-builtin-wcslen -Wall -Wextra -Wundef -Werror=implicit-function-declaration -Werror=implicit-int -Werror=return-type -Werror=strict-prototypes -Wno-format-security -Wno-trigraphs -Wno-frame-address -Wno-address-of-packed-member -Wmissing-declarations -Wmissing-prototypes -Wframe-larger-than=1024 -Wno-main -Wno-dangling-pointer -Wvla -Wno-pointer-sign -Wcast-function-type -Wno-array-bounds -Wno-stringop-overflow -Wno-alloc-size-larger-than -Wimplicit-fallthrough=5 -Werror=date-time -Werror=incompatible-pointer-types -Werror=designated-init -Wenum-conversion -Wunused -Wno-unused-but-set-variable -Wno-unused-const-variable -Wno-packed-not-aligned -Wno-format-overflow -Wno-format-truncation -Wno-stringop-truncation -Wno-override-init -Wno-missing-field-initializers -Wno-type-limits -Wno-shift-negative-value -Wno-maybe-uninitialized -Wno-sign-compare -Wno-unused-parameter -Wno-attribute-alias -mstack-protector-guard=tls -mstack-protector-guard-offset=1032    -DKBUILD_MODFILE='"block/partitions/core"' -DKBUILD_BASENAME='"core"' -DKBUILD_MODNAME='"core"' -D__KBUILD_MODNAME=kmod_core -c -o block/partitions/core.o block/partitions/core.c  
# AS      arch/arm/lib/ashrdi3.o
  /workspace/project/buildroot/buildroot-mchp/output/host/bin/arm-buildroot-linux-uclibcgnueabihf-gcc -Wp,-MMD,arch/arm/lib/.ashrdi3.o.d -nostdinc -I./arch/arm/include -I./arch/arm/include/generated  -I./include -I./arch/arm/include/uapi -I./arch/arm/include/generated/uapi -I./include/uapi -I./include/generated/uapi -include ./include/linux/compiler-version.h -include ./include/linux/kconfig.h -D__KERNEL__ -mlittle-endian -D__LINUX_ARM_ARCH__=7 -fmacro-prefix-map=./= -D__ASSEMBLY__ -fno-PIE -mabi=aapcs-linux -mfpu=vfp -funwind-tables -marm -Wa,-mno-warn-deprecated -Wa,-march=armv7-a -include ./arch/arm/include/asm/unified.h -msoft-float    -DKBUILD_MODFILE='"arch/arm/lib/ashrdi3"' -DKBUILD_MODNAME='"ashrdi3"' -D__KBUILD_MODNAME=kmod_ashrdi3 -c -o arch/arm/lib/ashrdi3.o arch/arm/lib/ashrdi3.S 
# AS      arch/arm/lib/backtrace.o
  /workspace/project/buildroot/buildroot-mchp/output/host/bin/arm-buildroot-linux-uclibcgnueabihf-gcc -Wp,-MMD,arch/arm/lib/.backtrace.o.d -nostdinc -I./arch/arm/include -I./arch/arm/include/generated  -I./include -I./arch/arm/include/uapi -I./arch/arm/include/generated/uapi -I./include/uapi -I./include/generated/uapi -include ./include/linux/compiler-version.h -include ./include/linux/kconfig.h -D__KERNEL__ -mlittle-endian -D__LINUX_ARM_ARCH__=7 -fmacro-prefix-map=./= -D__ASSEMBLY__ -fno-PIE -mabi=aapcs-linux -mfpu=vfp -funwind-tables -marm -Wa,-mno-warn-deprecated -Wa,-march=armv7-a -include ./arch/arm/include/asm/unified.h -msoft-float    -DKBUILD_MODFILE='"arch/arm/lib/backtrace"' -DKBUILD_MODNAME='"backtrace"' -D__KBUILD_MODNAME=kmod_backtrace -c -o arch/arm/lib/backtrace.o arch/arm/lib/backtrace.S 
# HOSTCC  certs/extract-cert
  /usr/bin/gcc -O2 -isystem /workspace/project/buildroot/buildroot-mchp/output/host/include -L/workspace/project/buildroot/buildroot-mchp/output/host/lib -Wl,-rpath,/workspace/project/buildroot/buildroot-mchp/output/host/lib -Wp,-MMD,certs/.extract-cert.d -Wall -Wmissing-prototypes -Wstrict-prototypes -O2 -fomit-frame-pointer -std=gnu11   -I ./scripts/include   -I./scripts   -o certs/extract-cert certs/extract-cert.c   -lcrypto
# AS      arch/arm/lib/bswapsdi2.o
  /workspace/project/buildroot/buildroot-mchp/output/host/bin/arm-buildroot-linux-uclibcgnueabihf-gcc -Wp,-MMD,arch/arm/lib/.bswapsdi2.o.d -nostdinc -I./arch/arm/include -I./arch/arm/include/generated  -I./include -I./arch/arm/include/uapi -I./arch/arm/include/generated/uapi -I./include/uapi -I./include/generated/uapi -include ./include/linux/compiler-version.h -include ./include/linux/kconfig.h -D__KERNEL__ -mlittle-endian -D__LINUX_ARM_ARCH__=7 -fmacro-prefix-map=./= -D__ASSEMBLY__ -fno-PIE -mabi=aapcs-linux -mfpu=vfp -funwind-tables -marm -Wa,-mno-warn-deprecated -Wa,-march=armv7-a -include ./arch/arm/include/asm/unified.h -msoft-float    -DKBUILD_MODFILE='"arch/arm/lib/bswapsdi2"' -DKBUILD_MODNAME='"bswapsdi2"' -D__KBUILD_MODNAME=kmod_bswapsdi2 -c -o arch/arm/lib/bswapsdi2.o arch/arm/lib/bswapsdi2.S 
/usr/bin/make -f ./scripts/Makefile.build obj=crypto/asymmetric_keys \
need-builtin=1 \
need-modorder=1 \

# CC      crypto/asymmetric_keys/asymmetric_type.o
  /workspace/project/buildroot/buildroot-mchp/output/host/bin/arm-buildroot-linux-uclibcgnueabihf-gcc -Wp,-MMD,crypto/asymmetric_keys/.asymmetric_type.o.d -nostdinc -I./arch/arm/include -I./arch/arm/include/generated  -I./include -I./arch/arm/include/uapi -I./arch/arm/include/generated/uapi -I./include/uapi -I./include/generated/uapi -include ./include/linux/compiler-version.h -include ./include/linux/kconfig.h -include ./include/linux/compiler_types.h -D__KERNEL__ -mlittle-endian -D__LINUX_ARM_ARCH__=7 -fmacro-prefix-map=./= -std=gnu11 -fshort-wchar -funsigned-char -fno-common -fno-PIE -fno-strict-aliasing -fno-dwarf2-cfi-asm -mno-fdpic -fno-ipa-sra -mtp=cp15 -mabi=aapcs-linux -mfpu=vfp -funwind-tables -marm -Wa,-mno-warn-deprecated -march=armv7-a -msoft-float -Uarm -fno-delete-null-pointer-checks -O2 -fno-allow-store-data-races -fstack-protector-strong -fomit-frame-pointer -ftrivial-auto-var-init=zero -fno-stack-clash-protection -fstrict-flex-arrays=3 -fno-strict-overflow -fno-stack-check -fconserve-stack -fno-builtin-wcslen -fno-builtin-wcslen -Wall -Wextra -Wundef -Werror=implicit-function-declaration -Werror=implicit-int -Werror=return-type -Werror=strict-prototypes -Wno-format-security -Wno-trigraphs -Wno-frame-address -Wno-address-of-packed-member -Wmissing-declarations -Wmissing-prototypes -Wframe-larger-than=1024 -Wno-main -Wno-dangling-pointer -Wvla -Wno-pointer-sign -Wcast-function-type -Wno-array-bounds -Wno-stringop-overflow -Wno-alloc-size-larger-than -Wimplicit-fallthrough=5 -Werror=date-time -Werror=incompatible-pointer-types -Werror=designated-init -Wenum-conversion -Wunused -Wno-unused-but-set-variable -Wno-unused-const-variable -Wno-packed-not-aligned -Wno-format-overflow -Wno-format-truncation -Wno-stringop-truncation -Wno-override-init -Wno-missing-field-initializers -Wno-type-limits -Wno-shift-negative-value -Wno-maybe-uninitialized -Wno-sign-compare -Wno-unused-parameter -Wno-attribute-alias -mstack-protector-guard=tls -mstack-protector-guard-offset=1032    -DKBUILD_MODFILE='"crypto/asymmetric_keys/asymmetric_keys"' -DKBUILD_BASENAME='"asymmetric_type"' -DKBUILD_MODNAME='"asymmetric_keys"' -D__KBUILD_MODNAME=kmod_asymmetric_keys -c -o crypto/asymmetric_keys/asymmetric_type.o crypto/asymmetric_keys/asymmetric_type.c  
certs/extract-cert.c:21:10: fatal error: openssl/bio.h: No such file or directory
   21 | #include <openssl/bio.h>
      |          ^~~~~~~~~~~~~~~
compilation terminated.
make[4]: *** [scripts/Makefile.host:116: certs/extract-cert] Error 1
make[3]: *** [scripts/Makefile.build:478: certs] Error 2
make[3]: *** Waiting for unfinished jobs....
# CC      io_uring/opdef.o
  /workspace/project/buildroot/buildroot-mchp/output/host/bin/arm-buildroot-linux-uclibcgnueabihf-gcc -Wp,-MMD,io_uring/.opdef.o.d -nostdinc -I./arch/arm/include -I./arch/arm/include/generated  -I./include -I./arch/arm/include/uapi -I./arch/arm/include/generated/uapi -I./include/uapi -I./include/generated/uapi -include ./include/linux/compiler-version.h -include ./include/linux/kconfig.h -include ./include/linux/compiler_types.h -D__KERNEL__ -mlittle-endian -D__LINUX_ARM_ARCH__=7 -fmacro-prefix-map=./= -std=gnu11 -fshort-wchar -funsigned-char -fno-common -fno-PIE -fno-strict-aliasing -fno-dwarf2-cfi-asm -mno-fdpic -fno-ipa-sra -mtp=cp15 -mabi=aapcs-linux -mfpu=vfp -funwind-tables -marm -Wa,-mno-warn-deprecated -march=armv7-a -msoft-float -Uarm -fno-delete-null-pointer-checks -O2 -fno-allow-store-data-races -fstack-protector-strong -fomit-frame-pointer -ftrivial-auto-var-init=zero -fno-stack-clash-protection -fstrict-flex-arrays=3 -fno-strict-overflow -fno-stack-check -fconserve-stack -fno-builtin-wcslen -fno-builtin-wcslen -Wall -Wextra -Wundef -Werror=implicit-function-declaration -Werror=implicit-int -Werror=return-type -Werror=strict-prototypes -Wno-format-security -Wno-trigraphs -Wno-frame-address -Wno-address-of-packed-member -Wmissing-declarations -Wmissing-prototypes -Wframe-larger-than=1024 -Wno-main -Wno-dangling-pointer -Wvla -Wno-pointer-sign -Wcast-function-type -Wno-array-bounds -Wno-stringop-overflow -Wno-alloc-size-larger-than -Wimplicit-fallthrough=5 -Werror=date-time -Werror=incompatible-pointer-types -Werror=designated-init -Wenum-conversion -Wunused -Wno-unused-but-set-variable -Wno-unused-const-variable -Wno-packed-not-aligned -Wno-format-overflow -Wno-format-truncation -Wno-stringop-truncation -Wno-override-init -Wno-missing-field-initializers -Wno-type-limits -Wno-shift-negative-value -Wno-maybe-uninitialized -Wno-sign-compare -Wno-unused-parameter -Wno-attribute-alias -mstack-protector-guard=tls -mstack-protector-guard-offset=1032    -DKBUILD_MODFILE='"io_uring/opdef"' -DKBUILD_BASENAME='"opdef"' -DKBUILD_MODNAME='"opdef"' -D__KBUILD_MODNAME=kmod_opdef -c -o io_uring/opdef.o io_uring/opdef.c  
# AS      arch/arm/lib/call_with_stack.o
  /workspace/project/buildroot/buildroot-mchp/output/host/bin/arm-buildroot-linux-uclibcgnueabihf-gcc -Wp,-MMD,arch/arm/lib/.call_with_stack.o.d -nostdinc -I./arch/arm/include -I./arch/arm/include/generated  -I./include -I./arch/arm/include/uapi -I./arch/arm/include/generated/uapi -I./include/uapi -I./include/generated/uapi -include ./include/linux/compiler-version.h -include ./include/linux/kconfig.h -D__KERNEL__ -mlittle-endian -D__LINUX_ARM_ARCH__=7 -fmacro-prefix-map=./= -D__ASSEMBLY__ -fno-PIE -mabi=aapcs-linux -mfpu=vfp -funwind-tables -marm -Wa,-mno-warn-deprecated -Wa,-march=armv7-a -include ./arch/arm/include/asm/unified.h -msoft-float    -DKBUILD_MODFILE='"arch/arm/lib/call_with_stack"' -DKBUILD_MODNAME='"call_with_stack"' -D__KBUILD_MODNAME=kmod_call_with_stack -c -o arch/arm/lib/call_with_stack.o arch/arm/lib/call_with_stack.S 
# AS      arch/arm/lib/changebit.o
  /workspace/project/buildroot/buildroot-mchp/output/host/bin/arm-buildroot-linux-uclibcgnueabihf-gcc -Wp,-MMD,arch/arm/lib/.changebit.o.d -nostdinc -I./arch/arm/include -I./arch/arm/include/generated  -I./include -I./arch/arm/include/uapi -I./arch/arm/include/generated/uapi -I./include/uapi -I./include/generated/uapi -include ./include/linux/compiler-version.h -include ./include/linux/kconfig.h -D__KERNEL__ -mlittle-endian -D__LINUX_ARM_ARCH__=7 -fmacro-prefix-map=./= -D__ASSEMBLY__ -fno-PIE -mabi=aapcs-linux -mfpu=vfp -funwind-tables -marm -Wa,-mno-warn-deprecated -Wa,-march=armv7-a -include ./arch/arm/include/asm/unified.h -msoft-float    -DKBUILD_MODFILE='"arch/arm/lib/changebit"' -DKBUILD_MODNAME='"changebit"' -D__KBUILD_MODNAME=kmod_changebit -c -o arch/arm/lib/changebit.o arch/arm/lib/changebit.S 
# AS      arch/arm/lib/clear_user.o
  /workspace/project/buildroot/buildroot-mchp/output/host/bin/arm-buildroot-linux-uclibcgnueabihf-gcc -Wp,-MMD,arch/arm/lib/.clear_user.o.d -nostdinc -I./arch/arm/include -I./arch/arm/include/generated  -I./include -I./arch/arm/include/uapi -I./arch/arm/include/generated/uapi -I./include/uapi -I./include/generated/uapi -include ./include/linux/compiler-version.h -include ./include/linux/kconfig.h -D__KERNEL__ -mlittle-endian -D__LINUX_ARM_ARCH__=7 -fmacro-prefix-map=./= -D__ASSEMBLY__ -fno-PIE -mabi=aapcs-linux -mfpu=vfp -funwind-tables -marm -Wa,-mno-warn-deprecated -Wa,-march=armv7-a -include ./arch/arm/include/asm/unified.h -msoft-float    -DKBUILD_MODFILE='"arch/arm/lib/clear_user"' -DKBUILD_MODNAME='"clear_user"' -D__KBUILD_MODNAME=kmod_clear_user -c -o arch/arm/lib/clear_user.o arch/arm/lib/clear_user.S 
# AS      arch/arm/lib/clearbit.o
  /workspace/project/buildroot/buildroot-mchp/output/host/bin/arm-buildroot-linux-uclibcgnueabihf-gcc -Wp,-MMD,arch/arm/lib/.clearbit.o.d -nostdinc -I./arch/arm/include -I./arch/arm/include/generated  -I./include -I./arch/arm/include/uapi -I./arch/arm/include/generated/uapi -I./include/uapi -I./include/generated/uapi -include ./include/linux/compiler-version.h -include ./include/linux/kconfig.h -D__KERNEL__ -mlittle-endian -D__LINUX_ARM_ARCH__=7 -fmacro-prefix-map=./= -D__ASSEMBLY__ -fno-PIE -mabi=aapcs-linux -mfpu=vfp -funwind-tables -marm -Wa,-mno-warn-deprecated -Wa,-march=armv7-a -include ./arch/arm/include/asm/unified.h -msoft-float    -DKBUILD_MODFILE='"arch/arm/lib/clearbit"' -DKBUILD_MODNAME='"clearbit"' -D__KBUILD_MODNAME=kmod_clearbit -c -o arch/arm/lib/clearbit.o arch/arm/lib/clearbit.S 
# AS      arch/arm/lib/copy_from_user.o
  /workspace/project/buildroot/buildroot-mchp/output/host/bin/arm-buildroot-linux-uclibcgnueabihf-gcc -Wp,-MMD,arch/arm/lib/.copy_from_user.o.d -nostdinc -I./arch/arm/include -I./arch/arm/include/generated  -I./include -I./arch/arm/include/uapi -I./arch/arm/include/generated/uapi -I./include/uapi -I./include/generated/uapi -include ./include/linux/compiler-version.h -include ./include/linux/kconfig.h -D__KERNEL__ -mlittle-endian -D__LINUX_ARM_ARCH__=7 -fmacro-prefix-map=./= -D__ASSEMBLY__ -fno-PIE -mabi=aapcs-linux -mfpu=vfp -funwind-tables -marm -Wa,-mno-warn-deprecated -Wa,-march=armv7-a -include ./arch/arm/include/asm/unified.h -msoft-float    -DKBUILD_MODFILE='"arch/arm/lib/copy_from_user"' -DKBUILD_MODNAME='"copy_from_user"' -D__KBUILD_MODNAME=kmod_copy_from_user -c -o arch/arm/lib/copy_from_user.o arch/arm/lib/copy_from_user.S 
# AS      arch/arm/lib/copy_page.o
  /workspace/project/buildroot/buildroot-mchp/output/host/bin/arm-buildroot-linux-uclibcgnueabihf-gcc -Wp,-MMD,arch/arm/lib/.copy_page.o.d -nostdinc -I./arch/arm/include -I./arch/arm/include/generated  -I./include -I./arch/arm/include/uapi -I./arch/arm/include/generated/uapi -I./include/uapi -I./include/generated/uapi -include ./include/linux/compiler-version.h -include ./include/linux/kconfig.h -D__KERNEL__ -mlittle-endian -D__LINUX_ARM_ARCH__=7 -fmacro-prefix-map=./= -D__ASSEMBLY__ -fno-PIE -mabi=aapcs-linux -mfpu=vfp -funwind-tables -marm -Wa,-mno-warn-deprecated -Wa,-march=armv7-a -include ./arch/arm/include/asm/unified.h -msoft-float    -DKBUILD_MODFILE='"arch/arm/lib/copy_page"' -DKBUILD_MODNAME='"copy_page"' -D__KBUILD_MODNAME=kmod_copy_page -c -o arch/arm/lib/copy_page.o arch/arm/lib/copy_page.S 
# AS      arch/arm/lib/copy_to_user.o
  /workspace/project/buildroot/buildroot-mchp/output/host/bin/arm-buildroot-linux-uclibcgnueabihf-gcc -Wp,-MMD,arch/arm/lib/.copy_to_user.o.d -nostdinc -I./arch/arm/include -I./arch/arm/include/generated  -I./include -I./arch/arm/include/uapi -I./arch/arm/include/generated/uapi -I./include/uapi -I./include/generated/uapi -include ./include/linux/compiler-version.h -include ./include/linux/kconfig.h -D__KERNEL__ -mlittle-endian -D__LINUX_ARM_ARCH__=7 -fmacro-prefix-map=./= -D__ASSEMBLY__ -fno-PIE -mabi=aapcs-linux -mfpu=vfp -funwind-tables -marm -Wa,-mno-warn-deprecated -Wa,-march=armv7-a -include ./arch/arm/include/asm/unified.h -msoft-float    -DKBUILD_MODFILE='"arch/arm/lib/copy_to_user"' -DKBUILD_MODNAME='"copy_to_user"' -D__KBUILD_MODNAME=kmod_copy_to_user -c -o arch/arm/lib/copy_to_user.o arch/arm/lib/copy_to_user.S 
# AS      arch/arm/lib/csumipv6.o
  /workspace/project/buildroot/buildroot-mchp/output/host/bin/arm-buildroot-linux-uclibcgnueabihf-gcc -Wp,-MMD,arch/arm/lib/.csumipv6.o.d -nostdinc -I./arch/arm/include -I./arch/arm/include/generated  -I./include -I./arch/arm/include/uapi -I./arch/arm/include/generated/uapi -I./include/uapi -I./include/generated/uapi -include ./include/linux/compiler-version.h -include ./include/linux/kconfig.h -D__KERNEL__ -mlittle-endian -D__LINUX_ARM_ARCH__=7 -fmacro-prefix-map=./= -D__ASSEMBLY__ -fno-PIE -mabi=aapcs-linux -mfpu=vfp -funwind-tables -marm -Wa,-mno-warn-deprecated -Wa,-march=armv7-a -include ./arch/arm/include/asm/unified.h -msoft-float    -DKBUILD_MODFILE='"arch/arm/lib/csumipv6"' -DKBUILD_MODNAME='"csumipv6"' -D__KBUILD_MODNAME=kmod_csumipv6 -c -o arch/arm/lib/csumipv6.o arch/arm/lib/csumipv6.S 
# AS      arch/arm/lib/csumpartial.o
  /workspace/project/buildroot/buildroot-mchp/output/host/bin/arm-buildroot-linux-uclibcgnueabihf-gcc -Wp,-MMD,arch/arm/lib/.csumpartial.o.d -nostdinc -I./arch/arm/include -I./arch/arm/include/generated  -I./include -I./arch/arm/include/uapi -I./arch/arm/include/generated/uapi -I./include/uapi -I./include/generated/uapi -include ./include/linux/compiler-version.h -include ./include/linux/kconfig.h -D__KERNEL__ -mlittle-endian -D__LINUX_ARM_ARCH__=7 -fmacro-prefix-map=./= -D__ASSEMBLY__ -fno-PIE -mabi=aapcs-linux -mfpu=vfp -funwind-tables -marm -Wa,-mno-warn-deprecated -Wa,-march=armv7-a -include ./arch/arm/include/asm/unified.h -msoft-float    -DKBUILD_MODFILE='"arch/arm/lib/csumpartial"' -DKBUILD_MODNAME='"csumpartial"' -D__KBUILD_MODNAME=kmod_csumpartial -c -o arch/arm/lib/csumpartial.o arch/arm/lib/csumpartial.S 
# AS      arch/arm/lib/csumpartialcopy.o
  /workspace/project/buildroot/buildroot-mchp/output/host/bin/arm-buildroot-linux-uclibcgnueabihf-gcc -Wp,-MMD,arch/arm/lib/.csumpartialcopy.o.d -nostdinc -I./arch/arm/include -I./arch/arm/include/generated  -I./include -I./arch/arm/include/uapi -I./arch/arm/include/generated/uapi -I./include/uapi -I./include/generated/uapi -include ./include/linux/compiler-version.h -include ./include/linux/kconfig.h -D__KERNEL__ -mlittle-endian -D__LINUX_ARM_ARCH__=7 -fmacro-prefix-map=./= -D__ASSEMBLY__ -fno-PIE -mabi=aapcs-linux -mfpu=vfp -funwind-tables -marm -Wa,-mno-warn-deprecated -Wa,-march=armv7-a -include ./arch/arm/include/asm/unified.h -msoft-float    -DKBUILD_MODFILE='"arch/arm/lib/csumpartialcopy"' -DKBUILD_MODNAME='"csumpartialcopy"' -D__KBUILD_MODNAME=kmod_csumpartialcopy -c -o arch/arm/lib/csumpartialcopy.o arch/arm/lib/csumpartialcopy.S 
# AS      arch/arm/lib/csumpartialcopyuser.o
  /workspace/project/buildroot/buildroot-mchp/output/host/bin/arm-buildroot-linux-uclibcgnueabihf-gcc -Wp,-MMD,arch/arm/lib/.csumpartialcopyuser.o.d -nostdinc -I./arch/arm/include -I./arch/arm/include/generated  -I./include -I./arch/arm/include/uapi -I./arch/arm/include/generated/uapi -I./include/uapi -I./include/generated/uapi -include ./include/linux/compiler-version.h -include ./include/linux/kconfig.h -D__KERNEL__ -mlittle-endian -D__LINUX_ARM_ARCH__=7 -fmacro-prefix-map=./= -D__ASSEMBLY__ -fno-PIE -mabi=aapcs-linux -mfpu=vfp -funwind-tables -marm -Wa,-mno-warn-deprecated -Wa,-march=armv7-a -include ./arch/arm/include/asm/unified.h -msoft-float    -DKBUILD_MODFILE='"arch/arm/lib/csumpartialcopyuser"' -DKBUILD_MODNAME='"csumpartialcopyuser"' -D__KBUILD_MODNAME=kmod_csumpartialcopyuser -c -o arch/arm/lib/csumpartialcopyuser.o arch/arm/lib/csumpartialcopyuser.S 
# AS      arch/arm/lib/delay-loop.o
  /workspace/project/buildroot/buildroot-mchp/output/host/bin/arm-buildroot-linux-uclibcgnueabihf-gcc -Wp,-MMD,arch/arm/lib/.delay-loop.o.d -nostdinc -I./arch/arm/include -I./arch/arm/include/generated  -I./include -I./arch/arm/include/uapi -I./arch/arm/include/generated/uapi -I./include/uapi -I./include/generated/uapi -include ./include/linux/compiler-version.h -include ./include/linux/kconfig.h -D__KERNEL__ -mlittle-endian -D__LINUX_ARM_ARCH__=7 -fmacro-prefix-map=./= -D__ASSEMBLY__ -fno-PIE -mabi=aapcs-linux -mfpu=vfp -funwind-tables -marm -Wa,-mno-warn-deprecated -Wa,-march=armv7-a -include ./arch/arm/include/asm/unified.h -msoft-float    -DKBUILD_MODFILE='"arch/arm/lib/delay-loop"' -DKBUILD_MODNAME='"delay_loop"' -D__KBUILD_MODNAME=kmod_delay_loop -c -o arch/arm/lib/delay-loop.o arch/arm/lib/delay-loop.S 
# CC      arch/arm/lib/delay.o
  /workspace/project/buildroot/buildroot-mchp/output/host/bin/arm-buildroot-linux-uclibcgnueabihf-gcc -Wp,-MMD,arch/arm/lib/.delay.o.d -nostdinc -I./arch/arm/include -I./arch/arm/include/generated  -I./include -I./arch/arm/include/uapi -I./arch/arm/include/generated/uapi -I./include/uapi -I./include/generated/uapi -include ./include/linux/compiler-version.h -include ./include/linux/kconfig.h -include ./include/linux/compiler_types.h -D__KERNEL__ -mlittle-endian -D__LINUX_ARM_ARCH__=7 -fmacro-prefix-map=./= -std=gnu11 -fshort-wchar -funsigned-char -fno-common -fno-PIE -fno-strict-aliasing -fno-dwarf2-cfi-asm -mno-fdpic -fno-ipa-sra -mtp=cp15 -mabi=aapcs-linux -mfpu=vfp -funwind-tables -marm -Wa,-mno-warn-deprecated -march=armv7-a -msoft-float -Uarm -fno-delete-null-pointer-checks -O2 -fno-allow-store-data-races -fstack-protector-strong -fomit-frame-pointer -ftrivial-auto-var-init=zero -fno-stack-clash-protection -fstrict-flex-arrays=3 -fno-strict-overflow -fno-stack-check -fconserve-stack -fno-builtin-wcslen -fno-builtin-wcslen -Wall -Wextra -Wundef -Werror=implicit-function-declaration -Werror=implicit-int -Werror=return-type -Werror=strict-prototypes -Wno-format-security -Wno-trigraphs -Wno-frame-address -Wno-address-of-packed-member -Wmissing-declarations -Wmissing-prototypes -Wframe-larger-than=1024 -Wno-main -Wno-dangling-pointer -Wvla -Wno-pointer-sign -Wcast-function-type -Wno-array-bounds -Wno-stringop-overflow -Wno-alloc-size-larger-than -Wimplicit-fallthrough=5 -Werror=date-time -Werror=incompatible-pointer-types -Werror=designated-init -Wenum-conversion -Wunused -Wno-unused-but-set-variable -Wno-unused-const-variable -Wno-packed-not-aligned -Wno-format-overflow -Wno-format-truncation -Wno-stringop-truncation -Wno-override-init -Wno-missing-field-initializers -Wno-type-limits -Wno-shift-negative-value -Wno-maybe-uninitialized -Wno-sign-compare -Wno-unused-parameter -Wno-attribute-alias -mstack-protector-guard=tls -mstack-protector-guard-offset=1032    -DKBUILD_MODFILE='"arch/arm/lib/delay"' -DKBUILD_BASENAME='"delay"' -DKBUILD_MODNAME='"delay"' -D__KBUILD_MODNAME=kmod_delay -c -o arch/arm/lib/delay.o arch/arm/lib/delay.c  
# CC      crypto/asymmetric_keys/restrict.o
  /workspace/project/buildroot/buildroot-mchp/output/host/bin/arm-buildroot-linux-uclibcgnueabihf-gcc -Wp,-MMD,crypto/asymmetric_keys/.restrict.o.d -nostdinc -I./arch/arm/include -I./arch/arm/include/generated  -I./include -I./arch/arm/include/uapi -I./arch/arm/include/generated/uapi -I./include/uapi -I./include/generated/uapi -include ./include/linux/compiler-version.h -include ./include/linux/kconfig.h -include ./include/linux/compiler_types.h -D__KERNEL__ -mlittle-endian -D__LINUX_ARM_ARCH__=7 -fmacro-prefix-map=./= -std=gnu11 -fshort-wchar -funsigned-char -fno-common -fno-PIE -fno-strict-aliasing -fno-dwarf2-cfi-asm -mno-fdpic -fno-ipa-sra -mtp=cp15 -mabi=aapcs-linux -mfpu=vfp -funwind-tables -marm -Wa,-mno-warn-deprecated -march=armv7-a -msoft-float -Uarm -fno-delete-null-pointer-checks -O2 -fno-allow-store-data-races -fstack-protector-strong -fomit-frame-pointer -ftrivial-auto-var-init=zero -fno-stack-clash-protection -fstrict-flex-arrays=3 -fno-strict-overflow -fno-stack-check -fconserve-stack -fno-builtin-wcslen -fno-builtin-wcslen -Wall -Wextra -Wundef -Werror=implicit-function-declaration -Werror=implicit-int -Werror=return-type -Werror=strict-prototypes -Wno-format-security -Wno-trigraphs -Wno-frame-address -Wno-address-of-packed-member -Wmissing-declarations -Wmissing-prototypes -Wframe-larger-than=1024 -Wno-main -Wno-dangling-pointer -Wvla -Wno-pointer-sign -Wcast-function-type -Wno-array-bounds -Wno-stringop-overflow -Wno-alloc-size-larger-than -Wimplicit-fallthrough=5 -Werror=date-time -Werror=incompatible-pointer-types -Werror=designated-init -Wenum-conversion -Wunused -Wno-unused-but-set-variable -Wno-unused-const-variable -Wno-packed-not-aligned -Wno-format-overflow -Wno-format-truncation -Wno-stringop-truncation -Wno-override-init -Wno-missing-field-initializers -Wno-type-limits -Wno-shift-negative-value -Wno-maybe-uninitialized -Wno-sign-compare -Wno-unused-parameter -Wno-attribute-alias -mstack-protector-guard=tls -mstack-protector-guard-offset=1032    -DKBUILD_MODFILE='"crypto/asymmetric_keys/asymmetric_keys"' -DKBUILD_BASENAME='"restrict"' -DKBUILD_MODNAME='"asymmetric_keys"' -D__KBUILD_MODNAME=kmod_asymmetric_keys -c -o crypto/asymmetric_keys/restrict.o crypto/asymmetric_keys/restrict.c  
# CC      block/bdev.o
  /workspace/project/buildroot/buildroot-mchp/output/host/bin/arm-buildroot-linux-uclibcgnueabihf-gcc -Wp,-MMD,block/.bdev.o.d -nostdinc -I./arch/arm/include -I./arch/arm/include/generated  -I./include -I./arch/arm/include/uapi -I./arch/arm/include/generated/uapi -I./include/uapi -I./include/generated/uapi -include ./include/linux/compiler-version.h -include ./include/linux/kconfig.h -include ./include/linux/compiler_types.h -D__KERNEL__ -mlittle-endian -D__LINUX_ARM_ARCH__=7 -fmacro-prefix-map=./= -std=gnu11 -fshort-wchar -funsigned-char -fno-common -fno-PIE -fno-strict-aliasing -fno-dwarf2-cfi-asm -mno-fdpic -fno-ipa-sra -mtp=cp15 -mabi=aapcs-linux -mfpu=vfp -funwind-tables -marm -Wa,-mno-warn-deprecated -march=armv7-a -msoft-float -Uarm -fno-delete-null-pointer-checks -O2 -fno-allow-store-data-races -fstack-protector-strong -fomit-frame-pointer -ftrivial-auto-var-init=zero -fno-stack-clash-protection -fstrict-flex-arrays=3 -fno-strict-overflow -fno-stack-check -fconserve-stack -fno-builtin-wcslen -fno-builtin-wcslen -Wall -Wextra -Wundef -Werror=implicit-function-declaration -Werror=implicit-int -Werror=return-type -Werror=strict-prototypes -Wno-format-security -Wno-trigraphs -Wno-frame-address -Wno-address-of-packed-member -Wmissing-declarations -Wmissing-prototypes -Wframe-larger-than=1024 -Wno-main -Wno-dangling-pointer -Wvla -Wno-pointer-sign -Wcast-function-type -Wno-array-bounds -Wno-stringop-overflow -Wno-alloc-size-larger-than -Wimplicit-fallthrough=5 -Werror=date-time -Werror=incompatible-pointer-types -Werror=designated-init -Wenum-conversion -Wunused -Wno-unused-but-set-variable -Wno-unused-const-variable -Wno-packed-not-aligned -Wno-format-overflow -Wno-format-truncation -Wno-stringop-truncation -Wno-override-init -Wno-missing-field-initializers -Wno-type-limits -Wno-shift-negative-value -Wno-maybe-uninitialized -Wno-sign-compare -Wno-unused-parameter -Wno-attribute-alias -mstack-protector-guard=tls -mstack-protector-guard-offset=1032    -DKBUILD_MODFILE='"block/bdev"' -DKBUILD_BASENAME='"bdev"' -DKBUILD_MODNAME='"bdev"' -D__KBUILD_MODNAME=kmod_bdev -c -o block/bdev.o block/bdev.c  
# CC      block/partitions/msdos.o
  /workspace/project/buildroot/buildroot-mchp/output/host/bin/arm-buildroot-linux-uclibcgnueabihf-gcc -Wp,-MMD,block/partitions/.msdos.o.d -nostdinc -I./arch/arm/include -I./arch/arm/include/generated  -I./include -I./arch/arm/include/uapi -I./arch/arm/include/generated/uapi -I./include/uapi -I./include/generated/uapi -include ./include/linux/compiler-version.h -include ./include/linux/kconfig.h -include ./include/linux/compiler_types.h -D__KERNEL__ -mlittle-endian -D__LINUX_ARM_ARCH__=7 -fmacro-prefix-map=./= -std=gnu11 -fshort-wchar -funsigned-char -fno-common -fno-PIE -fno-strict-aliasing -fno-dwarf2-cfi-asm -mno-fdpic -fno-ipa-sra -mtp=cp15 -mabi=aapcs-linux -mfpu=vfp -funwind-tables -marm -Wa,-mno-warn-deprecated -march=armv7-a -msoft-float -Uarm -fno-delete-null-pointer-checks -O2 -fno-allow-store-data-races -fstack-protector-strong -fomit-frame-pointer -ftrivial-auto-var-init=zero -fno-stack-clash-protection -fstrict-flex-arrays=3 -fno-strict-overflow -fno-stack-check -fconserve-stack -fno-builtin-wcslen -fno-builtin-wcslen -Wall -Wextra -Wundef -Werror=implicit-function-declaration -Werror=implicit-int -Werror=return-type -Werror=strict-prototypes -Wno-format-security -Wno-trigraphs -Wno-frame-address -Wno-address-of-packed-member -Wmissing-declarations -Wmissing-prototypes -Wframe-larger-than=1024 -Wno-main -Wno-dangling-pointer -Wvla -Wno-pointer-sign -Wcast-function-type -Wno-array-bounds -Wno-stringop-overflow -Wno-alloc-size-larger-than -Wimplicit-fallthrough=5 -Werror=date-time -Werror=incompatible-pointer-types -Werror=designated-init -Wenum-conversion -Wunused -Wno-unused-but-set-variable -Wno-unused-const-variable -Wno-packed-not-aligned -Wno-format-overflow -Wno-format-truncation -Wno-stringop-truncation -Wno-override-init -Wno-missing-field-initializers -Wno-type-limits -Wno-shift-negative-value -Wno-maybe-uninitialized -Wno-sign-compare -Wno-unused-parameter -Wno-attribute-alias -mstack-protector-guard=tls -mstack-protector-guard-offset=1032    -DKBUILD_MODFILE='"block/partitions/msdos"' -DKBUILD_BASENAME='"msdos"' -DKBUILD_MODNAME='"msdos"' -D__KBUILD_MODNAME=kmod_msdos -c -o block/partitions/msdos.o block/partitions/msdos.c  
# AS      arch/arm/lib/div64.o
  /workspace/project/buildroot/buildroot-mchp/output/host/bin/arm-buildroot-linux-uclibcgnueabihf-gcc -Wp,-MMD,arch/arm/lib/.div64.o.d -nostdinc -I./arch/arm/include -I./arch/arm/include/generated  -I./include -I./arch/arm/include/uapi -I./arch/arm/include/generated/uapi -I./include/uapi -I./include/generated/uapi -include ./include/linux/compiler-version.h -include ./include/linux/kconfig.h -D__KERNEL__ -mlittle-endian -D__LINUX_ARM_ARCH__=7 -fmacro-prefix-map=./= -D__ASSEMBLY__ -fno-PIE -mabi=aapcs-linux -mfpu=vfp -funwind-tables -marm -Wa,-mno-warn-deprecated -Wa,-march=armv7-a -include ./arch/arm/include/asm/unified.h -msoft-float    -DKBUILD_MODFILE='"arch/arm/lib/div64"' -DKBUILD_MODNAME='"div64"' -D__KBUILD_MODNAME=kmod_div64 -c -o arch/arm/lib/div64.o arch/arm/lib/div64.S 
# CC      crypto/asymmetric_keys/signature.o
  /workspace/project/buildroot/buildroot-mchp/output/host/bin/arm-buildroot-linux-uclibcgnueabihf-gcc -Wp,-MMD,crypto/asymmetric_keys/.signature.o.d -nostdinc -I./arch/arm/include -I./arch/arm/include/generated  -I./include -I./arch/arm/include/uapi -I./arch/arm/include/generated/uapi -I./include/uapi -I./include/generated/uapi -include ./include/linux/compiler-version.h -include ./include/linux/kconfig.h -include ./include/linux/compiler_types.h -D__KERNEL__ -mlittle-endian -D__LINUX_ARM_ARCH__=7 -fmacro-prefix-map=./= -std=gnu11 -fshort-wchar -funsigned-char -fno-common -fno-PIE -fno-strict-aliasing -fno-dwarf2-cfi-asm -mno-fdpic -fno-ipa-sra -mtp=cp15 -mabi=aapcs-linux -mfpu=vfp -funwind-tables -marm -Wa,-mno-warn-deprecated -march=armv7-a -msoft-float -Uarm -fno-delete-null-pointer-checks -O2 -fno-allow-store-data-races -fstack-protector-strong -fomit-frame-pointer -ftrivial-auto-var-init=zero -fno-stack-clash-protection -fstrict-flex-arrays=3 -fno-strict-overflow -fno-stack-check -fconserve-stack -fno-builtin-wcslen -fno-builtin-wcslen -Wall -Wextra -Wundef -Werror=implicit-function-declaration -Werror=implicit-int -Werror=return-type -Werror=strict-prototypes -Wno-format-security -Wno-trigraphs -Wno-frame-address -Wno-address-of-packed-member -Wmissing-declarations -Wmissing-prototypes -Wframe-larger-than=1024 -Wno-main -Wno-dangling-pointer -Wvla -Wno-pointer-sign -Wcast-function-type -Wno-array-bounds -Wno-stringop-overflow -Wno-alloc-size-larger-than -Wimplicit-fallthrough=5 -Werror=date-time -Werror=incompatible-pointer-types -Werror=designated-init -Wenum-conversion -Wunused -Wno-unused-but-set-variable -Wno-unused-const-variable -Wno-packed-not-aligned -Wno-format-overflow -Wno-format-truncation -Wno-stringop-truncation -Wno-override-init -Wno-missing-field-initializers -Wno-type-limits -Wno-shift-negative-value -Wno-maybe-uninitialized -Wno-sign-compare -Wno-unused-parameter -Wno-attribute-alias -mstack-protector-guard=tls -mstack-protector-guard-offset=1032    -DKBUILD_MODFILE='"crypto/asymmetric_keys/asymmetric_keys"' -DKBUILD_BASENAME='"signature"' -DKBUILD_MODNAME='"asymmetric_keys"' -D__KBUILD_MODNAME=kmod_asymmetric_keys -c -o crypto/asymmetric_keys/signature.o crypto/asymmetric_keys/signature.c  
# AS      arch/arm/lib/findbit.o
  /workspace/project/buildroot/buildroot-mchp/output/host/bin/arm-buildroot-linux-uclibcgnueabihf-gcc -Wp,-MMD,arch/arm/lib/.findbit.o.d -nostdinc -I./arch/arm/include -I./arch/arm/include/generated  -I./include -I./arch/arm/include/uapi -I./arch/arm/include/generated/uapi -I./include/uapi -I./include/generated/uapi -include ./include/linux/compiler-version.h -include ./include/linux/kconfig.h -D__KERNEL__ -mlittle-endian -D__LINUX_ARM_ARCH__=7 -fmacro-prefix-map=./= -D__ASSEMBLY__ -fno-PIE -mabi=aapcs-linux -mfpu=vfp -funwind-tables -marm -Wa,-mno-warn-deprecated -Wa,-march=armv7-a -include ./arch/arm/include/asm/unified.h -msoft-float    -DKBUILD_MODFILE='"arch/arm/lib/findbit"' -DKBUILD_MODNAME='"findbit"' -D__KBUILD_MODNAME=kmod_findbit -c -o arch/arm/lib/findbit.o arch/arm/lib/findbit.S 
# AS      arch/arm/lib/getuser.o
  /workspace/project/buildroot/buildroot-mchp/output/host/bin/arm-buildroot-linux-uclibcgnueabihf-gcc -Wp,-MMD,arch/arm/lib/.getuser.o.d -nostdinc -I./arch/arm/include -I./arch/arm/include/generated  -I./include -I./arch/arm/include/uapi -I./arch/arm/include/generated/uapi -I./include/uapi -I./include/generated/uapi -include ./include/linux/compiler-version.h -include ./include/linux/kconfig.h -D__KERNEL__ -mlittle-endian -D__LINUX_ARM_ARCH__=7 -fmacro-prefix-map=./= -D__ASSEMBLY__ -fno-PIE -mabi=aapcs-linux -mfpu=vfp -funwind-tables -marm -Wa,-mno-warn-deprecated -Wa,-march=armv7-a -include ./arch/arm/include/asm/unified.h -msoft-float    -DKBUILD_MODFILE='"arch/arm/lib/getuser"' -DKBUILD_MODNAME='"getuser"' -D__KBUILD_MODNAME=kmod_getuser -c -o arch/arm/lib/getuser.o arch/arm/lib/getuser.S 
# AS      arch/arm/lib/io-readsb.o
  /workspace/project/buildroot/buildroot-mchp/output/host/bin/arm-buildroot-linux-uclibcgnueabihf-gcc -Wp,-MMD,arch/arm/lib/.io-readsb.o.d -nostdinc -I./arch/arm/include -I./arch/arm/include/generated  -I./include -I./arch/arm/include/uapi -I./arch/arm/include/generated/uapi -I./include/uapi -I./include/generated/uapi -include ./include/linux/compiler-version.h -include ./include/linux/kconfig.h -D__KERNEL__ -mlittle-endian -D__LINUX_ARM_ARCH__=7 -fmacro-prefix-map=./= -D__ASSEMBLY__ -fno-PIE -mabi=aapcs-linux -mfpu=vfp -funwind-tables -marm -Wa,-mno-warn-deprecated -Wa,-march=armv7-a -include ./arch/arm/include/asm/unified.h -msoft-float    -DKBUILD_MODFILE='"arch/arm/lib/io-readsb"' -DKBUILD_MODNAME='"io_readsb"' -D__KBUILD_MODNAME=kmod_io_readsb -c -o arch/arm/lib/io-readsb.o arch/arm/lib/io-readsb.S 
# AS      arch/arm/lib/io-readsl.o
  /workspace/project/buildroot/buildroot-mchp/output/host/bin/arm-buildroot-linux-uclibcgnueabihf-gcc -Wp,-MMD,arch/arm/lib/.io-readsl.o.d -nostdinc -I./arch/arm/include -I./arch/arm/include/generated  -I./include -I./arch/arm/include/uapi -I./arch/arm/include/generated/uapi -I./include/uapi -I./include/generated/uapi -include ./include/linux/compiler-version.h -include ./include/linux/kconfig.h -D__KERNEL__ -mlittle-endian -D__LINUX_ARM_ARCH__=7 -fmacro-prefix-map=./= -D__ASSEMBLY__ -fno-PIE -mabi=aapcs-linux -mfpu=vfp -funwind-tables -marm -Wa,-mno-warn-deprecated -Wa,-march=armv7-a -include ./arch/arm/include/asm/unified.h -msoft-float    -DKBUILD_MODFILE='"arch/arm/lib/io-readsl"' -DKBUILD_MODNAME='"io_readsl"' -D__KBUILD_MODNAME=kmod_io_readsl -c -o arch/arm/lib/io-readsl.o arch/arm/lib/io-readsl.S 
# AS      arch/arm/lib/io-readsw-armv4.o
  /workspace/project/buildroot/buildroot-mchp/output/host/bin/arm-buildroot-linux-uclibcgnueabihf-gcc -Wp,-MMD,arch/arm/lib/.io-readsw-armv4.o.d -nostdinc -I./arch/arm/include -I./arch/arm/include/generated  -I./include -I./arch/arm/include/uapi -I./arch/arm/include/generated/uapi -I./include/uapi -I./include/generated/uapi -include ./include/linux/compiler-version.h -include ./include/linux/kconfig.h -D__KERNEL__ -mlittle-endian -D__LINUX_ARM_ARCH__=7 -fmacro-prefix-map=./= -D__ASSEMBLY__ -fno-PIE -mabi=aapcs-linux -mfpu=vfp -funwind-tables -marm -Wa,-mno-warn-deprecated -Wa,-march=armv7-a -include ./arch/arm/include/asm/unified.h -msoft-float    -DKBUILD_MODFILE='"arch/arm/lib/io-readsw-armv4"' -DKBUILD_MODNAME='"io_readsw_armv4"' -D__KBUILD_MODNAME=kmod_io_readsw_armv4 -c -o arch/arm/lib/io-readsw-armv4.o arch/arm/lib/io-readsw-armv4.S 
# AS      arch/arm/lib/io-writesb.o
  /workspace/project/buildroot/buildroot-mchp/output/host/bin/arm-buildroot-linux-uclibcgnueabihf-gcc -Wp,-MMD,arch/arm/lib/.io-writesb.o.d -nostdinc -I./arch/arm/include -I./arch/arm/include/generated  -I./include -I./arch/arm/include/uapi -I./arch/arm/include/generated/uapi -I./include/uapi -I./include/generated/uapi -include ./include/linux/compiler-version.h -include ./include/linux/kconfig.h -D__KERNEL__ -mlittle-endian -D__LINUX_ARM_ARCH__=7 -fmacro-prefix-map=./= -D__ASSEMBLY__ -fno-PIE -mabi=aapcs-linux -mfpu=vfp -funwind-tables -marm -Wa,-mno-warn-deprecated -Wa,-march=armv7-a -include ./arch/arm/include/asm/unified.h -msoft-float    -DKBUILD_MODFILE='"arch/arm/lib/io-writesb"' -DKBUILD_MODNAME='"io_writesb"' -D__KBUILD_MODNAME=kmod_io_writesb -c -o arch/arm/lib/io-writesb.o arch/arm/lib/io-writesb.S 
# AS      arch/arm/lib/io-writesl.o
  /workspace/project/buildroot/buildroot-mchp/output/host/bin/arm-buildroot-linux-uclibcgnueabihf-gcc -Wp,-MMD,arch/arm/lib/.io-writesl.o.d -nostdinc -I./arch/arm/include -I./arch/arm/include/generated  -I./include -I./arch/arm/include/uapi -I./arch/arm/include/generated/uapi -I./include/uapi -I./include/generated/uapi -include ./include/linux/compiler-version.h -include ./include/linux/kconfig.h -D__KERNEL__ -mlittle-endian -D__LINUX_ARM_ARCH__=7 -fmacro-prefix-map=./= -D__ASSEMBLY__ -fno-PIE -mabi=aapcs-linux -mfpu=vfp -funwind-tables -marm -Wa,-mno-warn-deprecated -Wa,-march=armv7-a -include ./arch/arm/include/asm/unified.h -msoft-float    -DKBUILD_MODFILE='"arch/arm/lib/io-writesl"' -DKBUILD_MODNAME='"io_writesl"' -D__KBUILD_MODNAME=kmod_io_writesl -c -o arch/arm/lib/io-writesl.o arch/arm/lib/io-writesl.S 
# AS      arch/arm/lib/io-writesw-armv4.o
  /workspace/project/buildroot/buildroot-mchp/output/host/bin/arm-buildroot-linux-uclibcgnueabihf-gcc -Wp,-MMD,arch/arm/lib/.io-writesw-armv4.o.d -nostdinc -I./arch/arm/include -I./arch/arm/include/generated  -I./include -I./arch/arm/include/uapi -I./arch/arm/include/generated/uapi -I./include/uapi -I./include/generated/uapi -include ./include/linux/compiler-version.h -include ./include/linux/kconfig.h -D__KERNEL__ -mlittle-endian -D__LINUX_ARM_ARCH__=7 -fmacro-prefix-map=./= -D__ASSEMBLY__ -fno-PIE -mabi=aapcs-linux -mfpu=vfp -funwind-tables -marm -Wa,-mno-warn-deprecated -Wa,-march=armv7-a -include ./arch/arm/include/asm/unified.h -msoft-float    -DKBUILD_MODFILE='"arch/arm/lib/io-writesw-armv4"' -DKBUILD_MODNAME='"io_writesw_armv4"' -D__KBUILD_MODNAME=kmod_io_writesw_armv4 -c -o arch/arm/lib/io-writesw-armv4.o arch/arm/lib/io-writesw-armv4.S 
# AS      arch/arm/lib/lib1funcs.o
  /workspace/project/buildroot/buildroot-mchp/output/host/bin/arm-buildroot-linux-uclibcgnueabihf-gcc -Wp,-MMD,arch/arm/lib/.lib1funcs.o.d -nostdinc -I./arch/arm/include -I./arch/arm/include/generated  -I./include -I./arch/arm/include/uapi -I./arch/arm/include/generated/uapi -I./include/uapi -I./include/generated/uapi -include ./include/linux/compiler-version.h -include ./include/linux/kconfig.h -D__KERNEL__ -mlittle-endian -D__LINUX_ARM_ARCH__=7 -fmacro-prefix-map=./= -D__ASSEMBLY__ -fno-PIE -mabi=aapcs-linux -mfpu=vfp -funwind-tables -marm -Wa,-mno-warn-deprecated -Wa,-march=armv7-a -include ./arch/arm/include/asm/unified.h -msoft-float    -DKBUILD_MODFILE='"arch/arm/lib/lib1funcs"' -DKBUILD_MODNAME='"lib1funcs"' -D__KBUILD_MODNAME=kmod_lib1funcs -c -o arch/arm/lib/lib1funcs.o arch/arm/lib/lib1funcs.S 
# CC      crypto/asymmetric_keys/public_key.o
  /workspace/project/buildroot/buildroot-mchp/output/host/bin/arm-buildroot-linux-uclibcgnueabihf-gcc -Wp,-MMD,crypto/asymmetric_keys/.public_key.o.d -nostdinc -I./arch/arm/include -I./arch/arm/include/generated  -I./include -I./arch/arm/include/uapi -I./arch/arm/include/generated/uapi -I./include/uapi -I./include/generated/uapi -include ./include/linux/compiler-version.h -include ./include/linux/kconfig.h -include ./include/linux/compiler_types.h -D__KERNEL__ -mlittle-endian -D__LINUX_ARM_ARCH__=7 -fmacro-prefix-map=./= -std=gnu11 -fshort-wchar -funsigned-char -fno-common -fno-PIE -fno-strict-aliasing -fno-dwarf2-cfi-asm -mno-fdpic -fno-ipa-sra -mtp=cp15 -mabi=aapcs-linux -mfpu=vfp -funwind-tables -marm -Wa,-mno-warn-deprecated -march=armv7-a -msoft-float -Uarm -fno-delete-null-pointer-checks -O2 -fno-allow-store-data-races -fstack-protector-strong -fomit-frame-pointer -ftrivial-auto-var-init=zero -fno-stack-clash-protection -fstrict-flex-arrays=3 -fno-strict-overflow -fno-stack-check -fconserve-stack -fno-builtin-wcslen -fno-builtin-wcslen -Wall -Wextra -Wundef -Werror=implicit-function-declaration -Werror=implicit-int -Werror=return-type -Werror=strict-prototypes -Wno-format-security -Wno-trigraphs -Wno-frame-address -Wno-address-of-packed-member -Wmissing-declarations -Wmissing-prototypes -Wframe-larger-than=1024 -Wno-main -Wno-dangling-pointer -Wvla -Wno-pointer-sign -Wcast-function-type -Wno-array-bounds -Wno-stringop-overflow -Wno-alloc-size-larger-than -Wimplicit-fallthrough=5 -Werror=date-time -Werror=incompatible-pointer-types -Werror=designated-init -Wenum-conversion -Wunused -Wno-unused-but-set-variable -Wno-unused-const-variable -Wno-packed-not-aligned -Wno-format-overflow -Wno-format-truncation -Wno-stringop-truncation -Wno-override-init -Wno-missing-field-initializers -Wno-type-limits -Wno-shift-negative-value -Wno-maybe-uninitialized -Wno-sign-compare -Wno-unused-parameter -Wno-attribute-alias -mstack-protector-guard=tls -mstack-protector-guard-offset=1032    -DKBUILD_MODFILE='"crypto/asymmetric_keys/public_key"' -DKBUILD_BASENAME='"public_key"' -DKBUILD_MODNAME='"public_key"' -D__KBUILD_MODNAME=kmod_public_key -c -o crypto/asymmetric_keys/public_key.o crypto/asymmetric_keys/public_key.c  
# AS      arch/arm/lib/lshrdi3.o
  /workspace/project/buildroot/buildroot-mchp/output/host/bin/arm-buildroot-linux-uclibcgnueabihf-gcc -Wp,-MMD,arch/arm/lib/.lshrdi3.o.d -nostdinc -I./arch/arm/include -I./arch/arm/include/generated  -I./include -I./arch/arm/include/uapi -I./arch/arm/include/generated/uapi -I./include/uapi -I./include/generated/uapi -include ./include/linux/compiler-version.h -include ./include/linux/kconfig.h -D__KERNEL__ -mlittle-endian -D__LINUX_ARM_ARCH__=7 -fmacro-prefix-map=./= -D__ASSEMBLY__ -fno-PIE -mabi=aapcs-linux -mfpu=vfp -funwind-tables -marm -Wa,-mno-warn-deprecated -Wa,-march=armv7-a -include ./arch/arm/include/asm/unified.h -msoft-float    -DKBUILD_MODFILE='"arch/arm/lib/lshrdi3"' -DKBUILD_MODNAME='"lshrdi3"' -D__KBUILD_MODNAME=kmod_lshrdi3 -c -o arch/arm/lib/lshrdi3.o arch/arm/lib/lshrdi3.S 
# AS      arch/arm/lib/memchr.o
  /workspace/project/buildroot/buildroot-mchp/output/host/bin/arm-buildroot-linux-uclibcgnueabihf-gcc -Wp,-MMD,arch/arm/lib/.memchr.o.d -nostdinc -I./arch/arm/include -I./arch/arm/include/generated  -I./include -I./arch/arm/include/uapi -I./arch/arm/include/generated/uapi -I./include/uapi -I./include/generated/uapi -include ./include/linux/compiler-version.h -include ./include/linux/kconfig.h -D__KERNEL__ -mlittle-endian -D__LINUX_ARM_ARCH__=7 -fmacro-prefix-map=./= -D__ASSEMBLY__ -fno-PIE -mabi=aapcs-linux -mfpu=vfp -funwind-tables -marm -Wa,-mno-warn-deprecated -Wa,-march=armv7-a -include ./arch/arm/include/asm/unified.h -msoft-float    -DKBUILD_MODFILE='"arch/arm/lib/memchr"' -DKBUILD_MODNAME='"memchr"' -D__KBUILD_MODNAME=kmod_memchr -c -o arch/arm/lib/memchr.o arch/arm/lib/memchr.S 
# AS      arch/arm/lib/memcpy.o
  /workspace/project/buildroot/buildroot-mchp/output/host/bin/arm-buildroot-linux-uclibcgnueabihf-gcc -Wp,-MMD,arch/arm/lib/.memcpy.o.d -nostdinc -I./arch/arm/include -I./arch/arm/include/generated  -I./include -I./arch/arm/include/uapi -I./arch/arm/include/generated/uapi -I./include/uapi -I./include/generated/uapi -include ./include/linux/compiler-version.h -include ./include/linux/kconfig.h -D__KERNEL__ -mlittle-endian -D__LINUX_ARM_ARCH__=7 -fmacro-prefix-map=./= -D__ASSEMBLY__ -fno-PIE -mabi=aapcs-linux -mfpu=vfp -funwind-tables -marm -Wa,-mno-warn-deprecated -Wa,-march=armv7-a -include ./arch/arm/include/asm/unified.h -msoft-float    -DKBUILD_MODFILE='"arch/arm/lib/memcpy"' -DKBUILD_MODNAME='"memcpy"' -D__KBUILD_MODNAME=kmod_memcpy -c -o arch/arm/lib/memcpy.o arch/arm/lib/memcpy.S 
# CC      block/partitions/efi.o
  /workspace/project/buildroot/buildroot-mchp/output/host/bin/arm-buildroot-linux-uclibcgnueabihf-gcc -Wp,-MMD,block/partitions/.efi.o.d -nostdinc -I./arch/arm/include -I./arch/arm/include/generated  -I./include -I./arch/arm/include/uapi -I./arch/arm/include/generated/uapi -I./include/uapi -I./include/generated/uapi -include ./include/linux/compiler-version.h -include ./include/linux/kconfig.h -include ./include/linux/compiler_types.h -D__KERNEL__ -mlittle-endian -D__LINUX_ARM_ARCH__=7 -fmacro-prefix-map=./= -std=gnu11 -fshort-wchar -funsigned-char -fno-common -fno-PIE -fno-strict-aliasing -fno-dwarf2-cfi-asm -mno-fdpic -fno-ipa-sra -mtp=cp15 -mabi=aapcs-linux -mfpu=vfp -funwind-tables -marm -Wa,-mno-warn-deprecated -march=armv7-a -msoft-float -Uarm -fno-delete-null-pointer-checks -O2 -fno-allow-store-data-races -fstack-protector-strong -fomit-frame-pointer -ftrivial-auto-var-init=zero -fno-stack-clash-protection -fstrict-flex-arrays=3 -fno-strict-overflow -fno-stack-check -fconserve-stack -fno-builtin-wcslen -fno-builtin-wcslen -Wall -Wextra -Wundef -Werror=implicit-function-declaration -Werror=implicit-int -Werror=return-type -Werror=strict-prototypes -Wno-format-security -Wno-trigraphs -Wno-frame-address -Wno-address-of-packed-member -Wmissing-declarations -Wmissing-prototypes -Wframe-larger-than=1024 -Wno-main -Wno-dangling-pointer -Wvla -Wno-pointer-sign -Wcast-function-type -Wno-array-bounds -Wno-stringop-overflow -Wno-alloc-size-larger-than -Wimplicit-fallthrough=5 -Werror=date-time -Werror=incompatible-pointer-types -Werror=designated-init -Wenum-conversion -Wunused -Wno-unused-but-set-variable -Wno-unused-const-variable -Wno-packed-not-aligned -Wno-format-overflow -Wno-format-truncation -Wno-stringop-truncation -Wno-override-init -Wno-missing-field-initializers -Wno-type-limits -Wno-shift-negative-value -Wno-maybe-uninitialized -Wno-sign-compare -Wno-unused-parameter -Wno-attribute-alias -mstack-protector-guard=tls -mstack-protector-guard-offset=1032    -DKBUILD_MODFILE='"block/partitions/efi"' -DKBUILD_BASENAME='"efi"' -DKBUILD_MODNAME='"efi"' -D__KBUILD_MODNAME=kmod_efi -c -o block/partitions/efi.o block/partitions/efi.c  
# AS      arch/arm/lib/memmove.o
  /workspace/project/buildroot/buildroot-mchp/output/host/bin/arm-buildroot-linux-uclibcgnueabihf-gcc -Wp,-MMD,arch/arm/lib/.memmove.o.d -nostdinc -I./arch/arm/include -I./arch/arm/include/generated  -I./include -I./arch/arm/include/uapi -I./arch/arm/include/generated/uapi -I./include/uapi -I./include/generated/uapi -include ./include/linux/compiler-version.h -include ./include/linux/kconfig.h -D__KERNEL__ -mlittle-endian -D__LINUX_ARM_ARCH__=7 -fmacro-prefix-map=./= -D__ASSEMBLY__ -fno-PIE -mabi=aapcs-linux -mfpu=vfp -funwind-tables -marm -Wa,-mno-warn-deprecated -Wa,-march=armv7-a -include ./arch/arm/include/asm/unified.h -msoft-float    -DKBUILD_MODFILE='"arch/arm/lib/memmove"' -DKBUILD_MODNAME='"memmove"' -D__KBUILD_MODNAME=kmod_memmove -c -o arch/arm/lib/memmove.o arch/arm/lib/memmove.S 
# AS      arch/arm/lib/memset.o
  /workspace/project/buildroot/buildroot-mchp/output/host/bin/arm-buildroot-linux-uclibcgnueabihf-gcc -Wp,-MMD,arch/arm/lib/.memset.o.d -nostdinc -I./arch/arm/include -I./arch/arm/include/generated  -I./include -I./arch/arm/include/uapi -I./arch/arm/include/generated/uapi -I./include/uapi -I./include/generated/uapi -include ./include/linux/compiler-version.h -include ./include/linux/kconfig.h -D__KERNEL__ -mlittle-endian -D__LINUX_ARM_ARCH__=7 -fmacro-prefix-map=./= -D__ASSEMBLY__ -fno-PIE -mabi=aapcs-linux -mfpu=vfp -funwind-tables -marm -Wa,-mno-warn-deprecated -Wa,-march=armv7-a -include ./arch/arm/include/asm/unified.h -msoft-float    -DKBUILD_MODFILE='"arch/arm/lib/memset"' -DKBUILD_MODNAME='"memset"' -D__KBUILD_MODNAME=kmod_memset -c -o arch/arm/lib/memset.o arch/arm/lib/memset.S 
# AS      arch/arm/lib/muldi3.o
  /workspace/project/buildroot/buildroot-mchp/output/host/bin/arm-buildroot-linux-uclibcgnueabihf-gcc -Wp,-MMD,arch/arm/lib/.muldi3.o.d -nostdinc -I./arch/arm/include -I./arch/arm/include/generated  -I./include -I./arch/arm/include/uapi -I./arch/arm/include/generated/uapi -I./include/uapi -I./include/generated/uapi -include ./include/linux/compiler-version.h -include ./include/linux/kconfig.h -D__KERNEL__ -mlittle-endian -D__LINUX_ARM_ARCH__=7 -fmacro-prefix-map=./= -D__ASSEMBLY__ -fno-PIE -mabi=aapcs-linux -mfpu=vfp -funwind-tables -marm -Wa,-mno-warn-deprecated -Wa,-march=armv7-a -include ./arch/arm/include/asm/unified.h -msoft-float    -DKBUILD_MODFILE='"arch/arm/lib/muldi3"' -DKBUILD_MODNAME='"muldi3"' -D__KBUILD_MODNAME=kmod_muldi3 -c -o arch/arm/lib/muldi3.o arch/arm/lib/muldi3.S 
# AS      arch/arm/lib/putuser.o
  /workspace/project/buildroot/buildroot-mchp/output/host/bin/arm-buildroot-linux-uclibcgnueabihf-gcc -Wp,-MMD,arch/arm/lib/.putuser.o.d -nostdinc -I./arch/arm/include -I./arch/arm/include/generated  -I./include -I./arch/arm/include/uapi -I./arch/arm/include/generated/uapi -I./include/uapi -I./include/generated/uapi -include ./include/linux/compiler-version.h -include ./include/linux/kconfig.h -D__KERNEL__ -mlittle-endian -D__LINUX_ARM_ARCH__=7 -fmacro-prefix-map=./= -D__ASSEMBLY__ -fno-PIE -mabi=aapcs-linux -mfpu=vfp -funwind-tables -marm -Wa,-mno-warn-deprecated -Wa,-march=armv7-a -include ./arch/arm/include/asm/unified.h -msoft-float    -DKBUILD_MODFILE='"arch/arm/lib/putuser"' -DKBUILD_MODNAME='"putuser"' -D__KBUILD_MODNAME=kmod_putuser -c -o arch/arm/lib/putuser.o arch/arm/lib/putuser.S 
# AS      arch/arm/lib/setbit.o
  /workspace/project/buildroot/buildroot-mchp/output/host/bin/arm-buildroot-linux-uclibcgnueabihf-gcc -Wp,-MMD,arch/arm/lib/.setbit.o.d -nostdinc -I./arch/arm/include -I./arch/arm/include/generated  -I./include -I./arch/arm/include/uapi -I./arch/arm/include/generated/uapi -I./include/uapi -I./include/generated/uapi -include ./include/linux/compiler-version.h -include ./include/linux/kconfig.h -D__KERNEL__ -mlittle-endian -D__LINUX_ARM_ARCH__=7 -fmacro-prefix-map=./= -D__ASSEMBLY__ -fno-PIE -mabi=aapcs-linux -mfpu=vfp -funwind-tables -marm -Wa,-mno-warn-deprecated -Wa,-march=armv7-a -include ./arch/arm/include/asm/unified.h -msoft-float    -DKBUILD_MODFILE='"arch/arm/lib/setbit"' -DKBUILD_MODNAME='"setbit"' -D__KBUILD_MODNAME=kmod_setbit -c -o arch/arm/lib/setbit.o arch/arm/lib/setbit.S 
# AS      arch/arm/lib/strchr.o
  /workspace/project/buildroot/buildroot-mchp/output/host/bin/arm-buildroot-linux-uclibcgnueabihf-gcc -Wp,-MMD,arch/arm/lib/.strchr.o.d -nostdinc -I./arch/arm/include -I./arch/arm/include/generated  -I./include -I./arch/arm/include/uapi -I./arch/arm/include/generated/uapi -I./include/uapi -I./include/generated/uapi -include ./include/linux/compiler-version.h -include ./include/linux/kconfig.h -D__KERNEL__ -mlittle-endian -D__LINUX_ARM_ARCH__=7 -fmacro-prefix-map=./= -D__ASSEMBLY__ -fno-PIE -mabi=aapcs-linux -mfpu=vfp -funwind-tables -marm -Wa,-mno-warn-deprecated -Wa,-march=armv7-a -include ./arch/arm/include/asm/unified.h -msoft-float    -DKBUILD_MODFILE='"arch/arm/lib/strchr"' -DKBUILD_MODNAME='"strchr"' -D__KBUILD_MODNAME=kmod_strchr -c -o arch/arm/lib/strchr.o arch/arm/lib/strchr.S 
# AS      arch/arm/lib/strrchr.o
  /workspace/project/buildroot/buildroot-mchp/output/host/bin/arm-buildroot-linux-uclibcgnueabihf-gcc -Wp,-MMD,arch/arm/lib/.strrchr.o.d -nostdinc -I./arch/arm/include -I./arch/arm/include/generated  -I./include -I./arch/arm/include/uapi -I./arch/arm/include/generated/uapi -I./include/uapi -I./include/generated/uapi -include ./include/linux/compiler-version.h -include ./include/linux/kconfig.h -D__KERNEL__ -mlittle-endian -D__LINUX_ARM_ARCH__=7 -fmacro-prefix-map=./= -D__ASSEMBLY__ -fno-PIE -mabi=aapcs-linux -mfpu=vfp -funwind-tables -marm -Wa,-mno-warn-deprecated -Wa,-march=armv7-a -include ./arch/arm/include/asm/unified.h -msoft-float    -DKBUILD_MODFILE='"arch/arm/lib/strrchr"' -DKBUILD_MODNAME='"strrchr"' -D__KBUILD_MODNAME=kmod_strrchr -c -o arch/arm/lib/strrchr.o arch/arm/lib/strrchr.S 
# CC      crypto/api.o
  /workspace/project/buildroot/buildroot-mchp/output/host/bin/arm-buildroot-linux-uclibcgnueabihf-gcc -Wp,-MMD,crypto/.api.o.d -nostdinc -I./arch/arm/include -I./arch/arm/include/generated  -I./include -I./arch/arm/include/uapi -I./arch/arm/include/generated/uapi -I./include/uapi -I./include/generated/uapi -include ./include/linux/compiler-version.h -include ./include/linux/kconfig.h -include ./include/linux/compiler_types.h -D__KERNEL__ -mlittle-endian -D__LINUX_ARM_ARCH__=7 -fmacro-prefix-map=./= -std=gnu11 -fshort-wchar -funsigned-char -fno-common -fno-PIE -fno-strict-aliasing -fno-dwarf2-cfi-asm -mno-fdpic -fno-ipa-sra -mtp=cp15 -mabi=aapcs-linux -mfpu=vfp -funwind-tables -marm -Wa,-mno-warn-deprecated -march=armv7-a -msoft-float -Uarm -fno-delete-null-pointer-checks -O2 -fno-allow-store-data-races -fstack-protector-strong -fomit-frame-pointer -ftrivial-auto-var-init=zero -fno-stack-clash-protection -fstrict-flex-arrays=3 -fno-strict-overflow -fno-stack-check -fconserve-stack -fno-builtin-wcslen -fno-builtin-wcslen -Wall -Wextra -Wundef -Werror=implicit-function-declaration -Werror=implicit-int -Werror=return-type -Werror=strict-prototypes -Wno-format-security -Wno-trigraphs -Wno-frame-address -Wno-address-of-packed-member -Wmissing-declarations -Wmissing-prototypes -Wframe-larger-than=1024 -Wno-main -Wno-dangling-pointer -Wvla -Wno-pointer-sign -Wcast-function-type -Wno-array-bounds -Wno-stringop-overflow -Wno-alloc-size-larger-than -Wimplicit-fallthrough=5 -Werror=date-time -Werror=incompatible-pointer-types -Werror=designated-init -Wenum-conversion -Wunused -Wno-unused-but-set-variable -Wno-unused-const-variable -Wno-packed-not-aligned -Wno-format-overflow -Wno-format-truncation -Wno-stringop-truncation -Wno-override-init -Wno-missing-field-initializers -Wno-type-limits -Wno-shift-negative-value -Wno-maybe-uninitialized -Wno-sign-compare -Wno-unused-parameter -Wno-attribute-alias -mstack-protector-guard=tls -mstack-protector-guard-offset=1032    -DKBUILD_MODFILE='"crypto/crypto"' -DKBUILD_BASENAME='"api"' -DKBUILD_MODNAME='"crypto"' -D__KBUILD_MODNAME=kmod_crypto -c -o crypto/api.o crypto/api.c  
# AS      arch/arm/lib/testchangebit.o
  /workspace/project/buildroot/buildroot-mchp/output/host/bin/arm-buildroot-linux-uclibcgnueabihf-gcc -Wp,-MMD,arch/arm/lib/.testchangebit.o.d -nostdinc -I./arch/arm/include -I./arch/arm/include/generated  -I./include -I./arch/arm/include/uapi -I./arch/arm/include/generated/uapi -I./include/uapi -I./include/generated/uapi -include ./include/linux/compiler-version.h -include ./include/linux/kconfig.h -D__KERNEL__ -mlittle-endian -D__LINUX_ARM_ARCH__=7 -fmacro-prefix-map=./= -D__ASSEMBLY__ -fno-PIE -mabi=aapcs-linux -mfpu=vfp -funwind-tables -marm -Wa,-mno-warn-deprecated -Wa,-march=armv7-a -include ./arch/arm/include/asm/unified.h -msoft-float    -DKBUILD_MODFILE='"arch/arm/lib/testchangebit"' -DKBUILD_MODNAME='"testchangebit"' -D__KBUILD_MODNAME=kmod_testchangebit -c -o arch/arm/lib/testchangebit.o arch/arm/lib/testchangebit.S 
# AS      arch/arm/lib/testclearbit.o
  /workspace/project/buildroot/buildroot-mchp/output/host/bin/arm-buildroot-linux-uclibcgnueabihf-gcc -Wp,-MMD,arch/arm/lib/.testclearbit.o.d -nostdinc -I./arch/arm/include -I./arch/arm/include/generated  -I./include -I./arch/arm/include/uapi -I./arch/arm/include/generated/uapi -I./include/uapi -I./include/generated/uapi -include ./include/linux/compiler-version.h -include ./include/linux/kconfig.h -D__KERNEL__ -mlittle-endian -D__LINUX_ARM_ARCH__=7 -fmacro-prefix-map=./= -D__ASSEMBLY__ -fno-PIE -mabi=aapcs-linux -mfpu=vfp -funwind-tables -marm -Wa,-mno-warn-deprecated -Wa,-march=armv7-a -include ./arch/arm/include/asm/unified.h -msoft-float    -DKBUILD_MODFILE='"arch/arm/lib/testclearbit"' -DKBUILD_MODNAME='"testclearbit"' -D__KBUILD_MODNAME=kmod_testclearbit -c -o arch/arm/lib/testclearbit.o arch/arm/lib/testclearbit.S 
# AS      arch/arm/lib/testsetbit.o
  /workspace/project/buildroot/buildroot-mchp/output/host/bin/arm-buildroot-linux-uclibcgnueabihf-gcc -Wp,-MMD,arch/arm/lib/.testsetbit.o.d -nostdinc -I./arch/arm/include -I./arch/arm/include/generated  -I./include -I./arch/arm/include/uapi -I./arch/arm/include/generated/uapi -I./include/uapi -I./include/generated/uapi -include ./include/linux/compiler-version.h -include ./include/linux/kconfig.h -D__KERNEL__ -mlittle-endian -D__LINUX_ARM_ARCH__=7 -fmacro-prefix-map=./= -D__ASSEMBLY__ -fno-PIE -mabi=aapcs-linux -mfpu=vfp -funwind-tables -marm -Wa,-mno-warn-deprecated -Wa,-march=armv7-a -include ./arch/arm/include/asm/unified.h -msoft-float    -DKBUILD_MODFILE='"arch/arm/lib/testsetbit"' -DKBUILD_MODNAME='"testsetbit"' -D__KBUILD_MODNAME=kmod_testsetbit -c -o arch/arm/lib/testsetbit.o arch/arm/lib/testsetbit.S 
# AS      arch/arm/lib/ucmpdi2.o
  /workspace/project/buildroot/buildroot-mchp/output/host/bin/arm-buildroot-linux-uclibcgnueabihf-gcc -Wp,-MMD,arch/arm/lib/.ucmpdi2.o.d -nostdinc -I./arch/arm/include -I./arch/arm/include/generated  -I./include -I./arch/arm/include/uapi -I./arch/arm/include/generated/uapi -I./include/uapi -I./include/generated/uapi -include ./include/linux/compiler-version.h -include ./include/linux/kconfig.h -D__KERNEL__ -mlittle-endian -D__LINUX_ARM_ARCH__=7 -fmacro-prefix-map=./= -D__ASSEMBLY__ -fno-PIE -mabi=aapcs-linux -mfpu=vfp -funwind-tables -marm -Wa,-mno-warn-deprecated -Wa,-march=armv7-a -include ./arch/arm/include/asm/unified.h -msoft-float    -DKBUILD_MODFILE='"arch/arm/lib/ucmpdi2"' -DKBUILD_MODNAME='"ucmpdi2"' -D__KBUILD_MODNAME=kmod_ucmpdi2 -c -o arch/arm/lib/ucmpdi2.o arch/arm/lib/ucmpdi2.S 
# ASN.1   crypto/asymmetric_keys/x509.asn1.[ch]
  ./scripts/asn1_compiler crypto/asymmetric_keys/x509.asn1 crypto/asymmetric_keys/x509.asn1.c crypto/asymmetric_keys/x509.asn1.h
Extracted 206 tokens
Extracted 14 types
Extracted 13 actions
Pass 1
Pass 2
# ASN.1   crypto/asymmetric_keys/x509_akid.asn1.[ch]
  ./scripts/asn1_compiler crypto/asymmetric_keys/x509_akid.asn1 crypto/asymmetric_keys/x509_akid.asn1.c crypto/asymmetric_keys/x509_akid.asn1.h
Extracted 174 tokens
Extracted 10 types
Extracted 5 actions
Pass 1
Pass 2
# CC      crypto/asymmetric_keys/x509_loader.o
  /workspace/project/buildroot/buildroot-mchp/output/host/bin/arm-buildroot-linux-uclibcgnueabihf-gcc -Wp,-MMD,crypto/asymmetric_keys/.x509_loader.o.d -nostdinc -I./arch/arm/include -I./arch/arm/include/generated  -I./include -I./arch/arm/include/uapi -I./arch/arm/include/generated/uapi -I./include/uapi -I./include/generated/uapi -include ./include/linux/compiler-version.h -include ./include/linux/kconfig.h -include ./include/linux/compiler_types.h -D__KERNEL__ -mlittle-endian -D__LINUX_ARM_ARCH__=7 -fmacro-prefix-map=./= -std=gnu11 -fshort-wchar -funsigned-char -fno-common -fno-PIE -fno-strict-aliasing -fno-dwarf2-cfi-asm -mno-fdpic -fno-ipa-sra -mtp=cp15 -mabi=aapcs-linux -mfpu=vfp -funwind-tables -marm -Wa,-mno-warn-deprecated -march=armv7-a -msoft-float -Uarm -fno-delete-null-pointer-checks -O2 -fno-allow-store-data-races -fstack-protector-strong -fomit-frame-pointer -ftrivial-auto-var-init=zero -fno-stack-clash-protection -fstrict-flex-arrays=3 -fno-strict-overflow -fno-stack-check -fconserve-stack -fno-builtin-wcslen -fno-builtin-wcslen -Wall -Wextra -Wundef -Werror=implicit-function-declaration -Werror=implicit-int -Werror=return-type -Werror=strict-prototypes -Wno-format-security -Wno-trigraphs -Wno-frame-address -Wno-address-of-packed-member -Wmissing-declarations -Wmissing-prototypes -Wframe-larger-than=1024 -Wno-main -Wno-dangling-pointer -Wvla -Wno-pointer-sign -Wcast-function-type -Wno-array-bounds -Wno-stringop-overflow -Wno-alloc-size-larger-than -Wimplicit-fallthrough=5 -Werror=date-time -Werror=incompatible-pointer-types -Werror=designated-init -Wenum-conversion -Wunused -Wno-unused-but-set-variable -Wno-unused-const-variable -Wno-packed-not-aligned -Wno-format-overflow -Wno-format-truncation -Wno-stringop-truncation -Wno-override-init -Wno-missing-field-initializers -Wno-type-limits -Wno-shift-negative-value -Wno-maybe-uninitialized -Wno-sign-compare -Wno-unused-parameter -Wno-attribute-alias -mstack-protector-guard=tls -mstack-protector-guard-offset=1032    -DKBUILD_MODFILE='"crypto/asymmetric_keys/x509_key_parser"' -DKBUILD_BASENAME='"x509_loader"' -DKBUILD_MODNAME='"x509_key_parser"' -D__KBUILD_MODNAME=kmod_x509_key_parser -c -o crypto/asymmetric_keys/x509_loader.o crypto/asymmetric_keys/x509_loader.c  
# CC      arch/arm/lib/uaccess_with_memcpy.o
  /workspace/project/buildroot/buildroot-mchp/output/host/bin/arm-buildroot-linux-uclibcgnueabihf-gcc -Wp,-MMD,arch/arm/lib/.uaccess_with_memcpy.o.d -nostdinc -I./arch/arm/include -I./arch/arm/include/generated  -I./include -I./arch/arm/include/uapi -I./arch/arm/include/generated/uapi -I./include/uapi -I./include/generated/uapi -include ./include/linux/compiler-version.h -include ./include/linux/kconfig.h -include ./include/linux/compiler_types.h -D__KERNEL__ -mlittle-endian -D__LINUX_ARM_ARCH__=7 -fmacro-prefix-map=./= -std=gnu11 -fshort-wchar -funsigned-char -fno-common -fno-PIE -fno-strict-aliasing -fno-dwarf2-cfi-asm -mno-fdpic -fno-ipa-sra -mtp=cp15 -mabi=aapcs-linux -mfpu=vfp -funwind-tables -marm -Wa,-mno-warn-deprecated -march=armv7-a -msoft-float -Uarm -fno-delete-null-pointer-checks -O2 -fno-allow-store-data-races -fstack-protector-strong -fomit-frame-pointer -ftrivial-auto-var-init=zero -fno-stack-clash-protection -fstrict-flex-arrays=3 -fno-strict-overflow -fno-stack-check -fconserve-stack -fno-builtin-wcslen -fno-builtin-wcslen -Wall -Wextra -Wundef -Werror=implicit-function-declaration -Werror=implicit-int -Werror=return-type -Werror=strict-prototypes -Wno-format-security -Wno-trigraphs -Wno-frame-address -Wno-address-of-packed-member -Wmissing-declarations -Wmissing-prototypes -Wframe-larger-than=1024 -Wno-main -Wno-dangling-pointer -Wvla -Wno-pointer-sign -Wcast-function-type -Wno-array-bounds -Wno-stringop-overflow -Wno-alloc-size-larger-than -Wimplicit-fallthrough=5 -Werror=date-time -Werror=incompatible-pointer-types -Werror=designated-init -Wenum-conversion -Wunused -Wno-unused-but-set-variable -Wno-unused-const-variable -Wno-packed-not-aligned -Wno-format-overflow -Wno-format-truncation -Wno-stringop-truncation -Wno-override-init -Wno-missing-field-initializers -Wno-type-limits -Wno-shift-negative-value -Wno-maybe-uninitialized -Wno-sign-compare -Wno-unused-parameter -Wno-attribute-alias -mstack-protector-guard=tls -mstack-protector-guard-offset=1032    -DKBUILD_MODFILE='"arch/arm/lib/uaccess_with_memcpy"' -DKBUILD_BASENAME='"uaccess_with_memcpy"' -DKBUILD_MODNAME='"uaccess_with_memcpy"' -D__KBUILD_MODNAME=kmod_uaccess_with_memcpy -c -o arch/arm/lib/uaccess_with_memcpy.o arch/arm/lib/uaccess_with_memcpy.c  
# CC      crypto/asymmetric_keys/x509_public_key.o
  /workspace/project/buildroot/buildroot-mchp/output/host/bin/arm-buildroot-linux-uclibcgnueabihf-gcc -Wp,-MMD,crypto/asymmetric_keys/.x509_public_key.o.d -nostdinc -I./arch/arm/include -I./arch/arm/include/generated  -I./include -I./arch/arm/include/uapi -I./arch/arm/include/generated/uapi -I./include/uapi -I./include/generated/uapi -include ./include/linux/compiler-version.h -include ./include/linux/kconfig.h -include ./include/linux/compiler_types.h -D__KERNEL__ -mlittle-endian -D__LINUX_ARM_ARCH__=7 -fmacro-prefix-map=./= -std=gnu11 -fshort-wchar -funsigned-char -fno-common -fno-PIE -fno-strict-aliasing -fno-dwarf2-cfi-asm -mno-fdpic -fno-ipa-sra -mtp=cp15 -mabi=aapcs-linux -mfpu=vfp -funwind-tables -marm -Wa,-mno-warn-deprecated -march=armv7-a -msoft-float -Uarm -fno-delete-null-pointer-checks -O2 -fno-allow-store-data-races -fstack-protector-strong -fomit-frame-pointer -ftrivial-auto-var-init=zero -fno-stack-clash-protection -fstrict-flex-arrays=3 -fno-strict-overflow -fno-stack-check -fconserve-stack -fno-builtin-wcslen -fno-builtin-wcslen -Wall -Wextra -Wundef -Werror=implicit-function-declaration -Werror=implicit-int -Werror=return-type -Werror=strict-prototypes -Wno-format-security -Wno-trigraphs -Wno-frame-address -Wno-address-of-packed-member -Wmissing-declarations -Wmissing-prototypes -Wframe-larger-than=1024 -Wno-main -Wno-dangling-pointer -Wvla -Wno-pointer-sign -Wcast-function-type -Wno-array-bounds -Wno-stringop-overflow -Wno-alloc-size-larger-than -Wimplicit-fallthrough=5 -Werror=date-time -Werror=incompatible-pointer-types -Werror=designated-init -Wenum-conversion -Wunused -Wno-unused-but-set-variable -Wno-unused-const-variable -Wno-packed-not-aligned -Wno-format-overflow -Wno-format-truncation -Wno-stringop-truncation -Wno-override-init -Wno-missing-field-initializers -Wno-type-limits -Wno-shift-negative-value -Wno-maybe-uninitialized -Wno-sign-compare -Wno-unused-parameter -Wno-attribute-alias -mstack-protector-guard=tls -mstack-protector-guard-offset=1032    -DKBUILD_MODFILE='"crypto/asymmetric_keys/x509_key_parser"' -DKBUILD_BASENAME='"x509_public_key"' -DKBUILD_MODNAME='"x509_key_parser"' -D__KBUILD_MODNAME=kmod_x509_key_parser -c -o crypto/asymmetric_keys/x509_public_key.o crypto/asymmetric_keys/x509_public_key.c  
# cmd_gen_order block/partitions/modules.order
  {  :; } > block/partitions/modules.order
# AR      block/partitions/built-in.a
  rm -f block/partitions/built-in.a;  printf "block/partitions/%s " core.o msdos.o efi.o | xargs /workspace/project/buildroot/buildroot-mchp/output/host/bin/arm-buildroot-linux-uclibcgnueabihf-ar cDPrST block/partitions/built-in.a
# CC      block/fops.o
  /workspace/project/buildroot/buildroot-mchp/output/host/bin/arm-buildroot-linux-uclibcgnueabihf-gcc -Wp,-MMD,block/.fops.o.d -nostdinc -I./arch/arm/include -I./arch/arm/include/generated  -I./include -I./arch/arm/include/uapi -I./arch/arm/include/generated/uapi -I./include/uapi -I./include/generated/uapi -include ./include/linux/compiler-version.h -include ./include/linux/kconfig.h -include ./include/linux/compiler_types.h -D__KERNEL__ -mlittle-endian -D__LINUX_ARM_ARCH__=7 -fmacro-prefix-map=./= -std=gnu11 -fshort-wchar -funsigned-char -fno-common -fno-PIE -fno-strict-aliasing -fno-dwarf2-cfi-asm -mno-fdpic -fno-ipa-sra -mtp=cp15 -mabi=aapcs-linux -mfpu=vfp -funwind-tables -marm -Wa,-mno-warn-deprecated -march=armv7-a -msoft-float -Uarm -fno-delete-null-pointer-checks -O2 -fno-allow-store-data-races -fstack-protector-strong -fomit-frame-pointer -ftrivial-auto-var-init=zero -fno-stack-clash-protection -fstrict-flex-arrays=3 -fno-strict-overflow -fno-stack-check -fconserve-stack -fno-builtin-wcslen -fno-builtin-wcslen -Wall -Wextra -Wundef -Werror=implicit-function-declaration -Werror=implicit-int -Werror=return-type -Werror=strict-prototypes -Wno-format-security -Wno-trigraphs -Wno-frame-address -Wno-address-of-packed-member -Wmissing-declarations -Wmissing-prototypes -Wframe-larger-than=1024 -Wno-main -Wno-dangling-pointer -Wvla -Wno-pointer-sign -Wcast-function-type -Wno-array-bounds -Wno-stringop-overflow -Wno-alloc-size-larger-than -Wimplicit-fallthrough=5 -Werror=date-time -Werror=incompatible-pointer-types -Werror=designated-init -Wenum-conversion -Wunused -Wno-unused-but-set-variable -Wno-unused-const-variable -Wno-packed-not-aligned -Wno-format-overflow -Wno-format-truncation -Wno-stringop-truncation -Wno-override-init -Wno-missing-field-initializers -Wno-type-limits -Wno-shift-negative-value -Wno-maybe-uninitialized -Wno-sign-compare -Wno-unused-parameter -Wno-attribute-alias -mstack-protector-guard=tls -mstack-protector-guard-offset=1032    -DKBUILD_MODFILE='"block/fops"' -DKBUILD_BASENAME='"fops"' -DKBUILD_MODNAME='"fops"' -D__KBUILD_MODNAME=kmod_fops -c -o block/fops.o block/fops.c  
# CC      crypto/cipher.o
  /workspace/project/buildroot/buildroot-mchp/output/host/bin/arm-buildroot-linux-uclibcgnueabihf-gcc -Wp,-MMD,crypto/.cipher.o.d -nostdinc -I./arch/arm/include -I./arch/arm/include/generated  -I./include -I./arch/arm/include/uapi -I./arch/arm/include/generated/uapi -I./include/uapi -I./include/generated/uapi -include ./include/linux/compiler-version.h -include ./include/linux/kconfig.h -include ./include/linux/compiler_types.h -D__KERNEL__ -mlittle-endian -D__LINUX_ARM_ARCH__=7 -fmacro-prefix-map=./= -std=gnu11 -fshort-wchar -funsigned-char -fno-common -fno-PIE -fno-strict-aliasing -fno-dwarf2-cfi-asm -mno-fdpic -fno-ipa-sra -mtp=cp15 -mabi=aapcs-linux -mfpu=vfp -funwind-tables -marm -Wa,-mno-warn-deprecated -march=armv7-a -msoft-float -Uarm -fno-delete-null-pointer-checks -O2 -fno-allow-store-data-races -fstack-protector-strong -fomit-frame-pointer -ftrivial-auto-var-init=zero -fno-stack-clash-protection -fstrict-flex-arrays=3 -fno-strict-overflow -fno-stack-check -fconserve-stack -fno-builtin-wcslen -fno-builtin-wcslen -Wall -Wextra -Wundef -Werror=implicit-function-declaration -Werror=implicit-int -Werror=return-type -Werror=strict-prototypes -Wno-format-security -Wno-trigraphs -Wno-frame-address -Wno-address-of-packed-member -Wmissing-declarations -Wmissing-prototypes -Wframe-larger-than=1024 -Wno-main -Wno-dangling-pointer -Wvla -Wno-pointer-sign -Wcast-function-type -Wno-array-bounds -Wno-stringop-overflow -Wno-alloc-size-larger-than -Wimplicit-fallthrough=5 -Werror=date-time -Werror=incompatible-pointer-types -Werror=designated-init -Wenum-conversion -Wunused -Wno-unused-but-set-variable -Wno-unused-const-variable -Wno-packed-not-aligned -Wno-format-overflow -Wno-format-truncation -Wno-stringop-truncation -Wno-override-init -Wno-missing-field-initializers -Wno-type-limits -Wno-shift-negative-value -Wno-maybe-uninitialized -Wno-sign-compare -Wno-unused-parameter -Wno-attribute-alias -mstack-protector-guard=tls -mstack-protector-guard-offset=1032    -DKBUILD_MODFILE='"crypto/crypto"' -DKBUILD_BASENAME='"cipher"' -DKBUILD_MODNAME='"crypto"' -D__KBUILD_MODNAME=kmod_crypto -c -o crypto/cipher.o crypto/cipher.c  
# cmd_gen_order arch/arm/lib/modules.order
  {  :; } > arch/arm/lib/modules.order
# AR      arch/arm/lib/lib.a
  rm -f arch/arm/lib/lib.a; /workspace/project/buildroot/buildroot-mchp/output/host/bin/arm-buildroot-linux-uclibcgnueabihf-ar cDPrsT arch/arm/lib/lib.a arch/arm/lib/ashldi3.o arch/arm/lib/ashrdi3.o arch/arm/lib/backtrace.o arch/arm/lib/bswapsdi2.o arch/arm/lib/call_with_stack.o arch/arm/lib/changebit.o arch/arm/lib/clear_user.o arch/arm/lib/clearbit.o arch/arm/lib/copy_from_user.o arch/arm/lib/copy_page.o arch/arm/lib/copy_to_user.o arch/arm/lib/csumipv6.o arch/arm/lib/csumpartial.o arch/arm/lib/csumpartialcopy.o arch/arm/lib/csumpartialcopyuser.o arch/arm/lib/delay-loop.o arch/arm/lib/delay.o arch/arm/lib/div64.o arch/arm/lib/findbit.o arch/arm/lib/getuser.o arch/arm/lib/io-readsb.o arch/arm/lib/io-readsl.o arch/arm/lib/io-readsw-armv4.o arch/arm/lib/io-writesb.o arch/arm/lib/io-writesl.o arch/arm/lib/io-writesw-armv4.o arch/arm/lib/lib1funcs.o arch/arm/lib/lshrdi3.o arch/arm/lib/memchr.o arch/arm/lib/memcpy.o arch/arm/lib/memmove.o arch/arm/lib/memset.o arch/arm/lib/muldi3.o arch/arm/lib/putuser.o arch/arm/lib/setbit.o arch/arm/lib/strchr.o arch/arm/lib/strrchr.o arch/arm/lib/testchangebit.o arch/arm/lib/testclearbit.o arch/arm/lib/testsetbit.o arch/arm/lib/ucmpdi2.o
# ASN.1   crypto/asymmetric_keys/pkcs7.asn1.[ch]
  ./scripts/asn1_compiler crypto/asymmetric_keys/pkcs7.asn1 crypto/asymmetric_keys/pkcs7.asn1.c crypto/asymmetric_keys/pkcs7.asn1.h
# CC      io_uring/kbuf.o
  /workspace/project/buildroot/buildroot-mchp/output/host/bin/arm-buildroot-linux-uclibcgnueabihf-gcc -Wp,-MMD,io_uring/.kbuf.o.d -nostdinc -I./arch/arm/include -I./arch/arm/include/generated  -I./include -I./arch/arm/include/uapi -I./arch/arm/include/generated/uapi -I./include/uapi -I./include/generated/uapi -include ./include/linux/compiler-version.h -include ./include/linux/kconfig.h -include ./include/linux/compiler_types.h -D__KERNEL__ -mlittle-endian -D__LINUX_ARM_ARCH__=7 -fmacro-prefix-map=./= -std=gnu11 -fshort-wchar -funsigned-char -fno-common -fno-PIE -fno-strict-aliasing -fno-dwarf2-cfi-asm -mno-fdpic -fno-ipa-sra -mtp=cp15 -mabi=aapcs-linux -mfpu=vfp -funwind-tables -marm -Wa,-mno-warn-deprecated -march=armv7-a -msoft-float -Uarm -fno-delete-null-pointer-checks -O2 -fno-allow-store-data-races -fstack-protector-strong -fomit-frame-pointer -ftrivial-auto-var-init=zero -fno-stack-clash-protection -fstrict-flex-arrays=3 -fno-strict-overflow -fno-stack-check -fconserve-stack -fno-builtin-wcslen -fno-builtin-wcslen -Wall -Wextra -Wundef -Werror=implicit-function-declaration -Werror=implicit-int -Werror=return-type -Werror=strict-prototypes -Wno-format-security -Wno-trigraphs -Wno-frame-address -Wno-address-of-packed-member -Wmissing-declarations -Wmissing-prototypes -Wframe-larger-than=1024 -Wno-main -Wno-dangling-pointer -Wvla -Wno-pointer-sign -Wcast-function-type -Wno-array-bounds -Wno-stringop-overflow -Wno-alloc-size-larger-than -Wimplicit-fallthrough=5 -Werror=date-time -Werror=incompatible-pointer-types -Werror=designated-init -Wenum-conversion -Wunused -Wno-unused-but-set-variable -Wno-unused-const-variable -Wno-packed-not-aligned -Wno-format-overflow -Wno-format-truncation -Wno-stringop-truncation -Wno-override-init -Wno-missing-field-initializers -Wno-type-limits -Wno-shift-negative-value -Wno-maybe-uninitialized -Wno-sign-compare -Wno-unused-parameter -Wno-attribute-alias -mstack-protector-guard=tls -mstack-protector-guard-offset=1032    -DKBUILD_MODFILE='"io_uring/kbuf"' -DKBUILD_BASENAME='"kbuf"' -DKBUILD_MODNAME='"kbuf"' -D__KBUILD_MODNAME=kmod_kbuf -c -o io_uring/kbuf.o io_uring/kbuf.c  
Extracted 404 tokens
Extracted 29 types
Extracted 17 actions
Pass 1
Pass 2
# AR      arch/arm/lib/built-in.a
  rm -f arch/arm/lib/built-in.a;  printf "arch/arm/lib/%s " uaccess_with_memcpy.o | xargs /workspace/project/buildroot/buildroot-mchp/output/host/bin/arm-buildroot-linux-uclibcgnueabihf-ar cDPrST arch/arm/lib/built-in.a
# CC      crypto/asymmetric_keys/pkcs7_trust.o
  /workspace/project/buildroot/buildroot-mchp/output/host/bin/arm-buildroot-linux-uclibcgnueabihf-gcc -Wp,-MMD,crypto/asymmetric_keys/.pkcs7_trust.o.d -nostdinc -I./arch/arm/include -I./arch/arm/include/generated  -I./include -I./arch/arm/include/uapi -I./arch/arm/include/generated/uapi -I./include/uapi -I./include/generated/uapi -include ./include/linux/compiler-version.h -include ./include/linux/kconfig.h -include ./include/linux/compiler_types.h -D__KERNEL__ -mlittle-endian -D__LINUX_ARM_ARCH__=7 -fmacro-prefix-map=./= -std=gnu11 -fshort-wchar -funsigned-char -fno-common -fno-PIE -fno-strict-aliasing -fno-dwarf2-cfi-asm -mno-fdpic -fno-ipa-sra -mtp=cp15 -mabi=aapcs-linux -mfpu=vfp -funwind-tables -marm -Wa,-mno-warn-deprecated -march=armv7-a -msoft-float -Uarm -fno-delete-null-pointer-checks -O2 -fno-allow-store-data-races -fstack-protector-strong -fomit-frame-pointer -ftrivial-auto-var-init=zero -fno-stack-clash-protection -fstrict-flex-arrays=3 -fno-strict-overflow -fno-stack-check -fconserve-stack -fno-builtin-wcslen -fno-builtin-wcslen -Wall -Wextra -Wundef -Werror=implicit-function-declaration -Werror=implicit-int -Werror=return-type -Werror=strict-prototypes -Wno-format-security -Wno-trigraphs -Wno-frame-address -Wno-address-of-packed-member -Wmissing-declarations -Wmissing-prototypes -Wframe-larger-than=1024 -Wno-main -Wno-dangling-pointer -Wvla -Wno-pointer-sign -Wcast-function-type -Wno-array-bounds -Wno-stringop-overflow -Wno-alloc-size-larger-than -Wimplicit-fallthrough=5 -Werror=date-time -Werror=incompatible-pointer-types -Werror=designated-init -Wenum-conversion -Wunused -Wno-unused-but-set-variable -Wno-unused-const-variable -Wno-packed-not-aligned -Wno-format-overflow -Wno-format-truncation -Wno-stringop-truncation -Wno-override-init -Wno-missing-field-initializers -Wno-type-limits -Wno-shift-negative-value -Wno-maybe-uninitialized -Wno-sign-compare -Wno-unused-parameter -Wno-attribute-alias -mstack-protector-guard=tls -mstack-protector-guard-offset=1032    -DKBUILD_MODFILE='"crypto/asymmetric_keys/pkcs7_message"' -DKBUILD_BASENAME='"pkcs7_trust"' -DKBUILD_MODNAME='"pkcs7_message"' -D__KBUILD_MODNAME=kmod_pkcs7_message -c -o crypto/asymmetric_keys/pkcs7_trust.o crypto/asymmetric_keys/pkcs7_trust.c  
# CC      io_uring/rsrc.o
  /workspace/project/buildroot/buildroot-mchp/output/host/bin/arm-buildroot-linux-uclibcgnueabihf-gcc -Wp,-MMD,io_uring/.rsrc.o.d -nostdinc -I./arch/arm/include -I./arch/arm/include/generated  -I./include -I./arch/arm/include/uapi -I./arch/arm/include/generated/uapi -I./include/uapi -I./include/generated/uapi -include ./include/linux/compiler-version.h -include ./include/linux/kconfig.h -include ./include/linux/compiler_types.h -D__KERNEL__ -mlittle-endian -D__LINUX_ARM_ARCH__=7 -fmacro-prefix-map=./= -std=gnu11 -fshort-wchar -funsigned-char -fno-common -fno-PIE -fno-strict-aliasing -fno-dwarf2-cfi-asm -mno-fdpic -fno-ipa-sra -mtp=cp15 -mabi=aapcs-linux -mfpu=vfp -funwind-tables -marm -Wa,-mno-warn-deprecated -march=armv7-a -msoft-float -Uarm -fno-delete-null-pointer-checks -O2 -fno-allow-store-data-races -fstack-protector-strong -fomit-frame-pointer -ftrivial-auto-var-init=zero -fno-stack-clash-protection -fstrict-flex-arrays=3 -fno-strict-overflow -fno-stack-check -fconserve-stack -fno-builtin-wcslen -fno-builtin-wcslen -Wall -Wextra -Wundef -Werror=implicit-function-declaration -Werror=implicit-int -Werror=return-type -Werror=strict-prototypes -Wno-format-security -Wno-trigraphs -Wno-frame-address -Wno-address-of-packed-member -Wmissing-declarations -Wmissing-prototypes -Wframe-larger-than=1024 -Wno-main -Wno-dangling-pointer -Wvla -Wno-pointer-sign -Wcast-function-type -Wno-array-bounds -Wno-stringop-overflow -Wno-alloc-size-larger-than -Wimplicit-fallthrough=5 -Werror=date-time -Werror=incompatible-pointer-types -Werror=designated-init -Wenum-conversion -Wunused -Wno-unused-but-set-variable -Wno-unused-const-variable -Wno-packed-not-aligned -Wno-format-overflow -Wno-format-truncation -Wno-stringop-truncation -Wno-override-init -Wno-missing-field-initializers -Wno-type-limits -Wno-shift-negative-value -Wno-maybe-uninitialized -Wno-sign-compare -Wno-unused-parameter -Wno-attribute-alias -mstack-protector-guard=tls -mstack-protector-guard-offset=1032    -DKBUILD_MODFILE='"io_uring/rsrc"' -DKBUILD_BASENAME='"rsrc"' -DKBUILD_MODNAME='"rsrc"' -D__KBUILD_MODNAME=kmod_rsrc -c -o io_uring/rsrc.o io_uring/rsrc.c  
# CC      crypto/compress.o
  /workspace/project/buildroot/buildroot-mchp/output/host/bin/arm-buildroot-linux-uclibcgnueabihf-gcc -Wp,-MMD,crypto/.compress.o.d -nostdinc -I./arch/arm/include -I./arch/arm/include/generated  -I./include -I./arch/arm/include/uapi -I./arch/arm/include/generated/uapi -I./include/uapi -I./include/generated/uapi -include ./include/linux/compiler-version.h -include ./include/linux/kconfig.h -include ./include/linux/compiler_types.h -D__KERNEL__ -mlittle-endian -D__LINUX_ARM_ARCH__=7 -fmacro-prefix-map=./= -std=gnu11 -fshort-wchar -funsigned-char -fno-common -fno-PIE -fno-strict-aliasing -fno-dwarf2-cfi-asm -mno-fdpic -fno-ipa-sra -mtp=cp15 -mabi=aapcs-linux -mfpu=vfp -funwind-tables -marm -Wa,-mno-warn-deprecated -march=armv7-a -msoft-float -Uarm -fno-delete-null-pointer-checks -O2 -fno-allow-store-data-races -fstack-protector-strong -fomit-frame-pointer -ftrivial-auto-var-init=zero -fno-stack-clash-protection -fstrict-flex-arrays=3 -fno-strict-overflow -fno-stack-check -fconserve-stack -fno-builtin-wcslen -fno-builtin-wcslen -Wall -Wextra -Wundef -Werror=implicit-function-declaration -Werror=implicit-int -Werror=return-type -Werror=strict-prototypes -Wno-format-security -Wno-trigraphs -Wno-frame-address -Wno-address-of-packed-member -Wmissing-declarations -Wmissing-prototypes -Wframe-larger-than=1024 -Wno-main -Wno-dangling-pointer -Wvla -Wno-pointer-sign -Wcast-function-type -Wno-array-bounds -Wno-stringop-overflow -Wno-alloc-size-larger-than -Wimplicit-fallthrough=5 -Werror=date-time -Werror=incompatible-pointer-types -Werror=designated-init -Wenum-conversion -Wunused -Wno-unused-but-set-variable -Wno-unused-const-variable -Wno-packed-not-aligned -Wno-format-overflow -Wno-format-truncation -Wno-stringop-truncation -Wno-override-init -Wno-missing-field-initializers -Wno-type-limits -Wno-shift-negative-value -Wno-maybe-uninitialized -Wno-sign-compare -Wno-unused-parameter -Wno-attribute-alias -mstack-protector-guard=tls -mstack-protector-guard-offset=1032    -DKBUILD_MODFILE='"crypto/crypto"' -DKBUILD_BASENAME='"compress"' -DKBUILD_MODNAME='"crypto"' -D__KBUILD_MODNAME=kmod_crypto -c -o crypto/compress.o crypto/compress.c  
# CC      crypto/asymmetric_keys/pkcs7_verify.o
  /workspace/project/buildroot/buildroot-mchp/output/host/bin/arm-buildroot-linux-uclibcgnueabihf-gcc -Wp,-MMD,crypto/asymmetric_keys/.pkcs7_verify.o.d -nostdinc -I./arch/arm/include -I./arch/arm/include/generated  -I./include -I./arch/arm/include/uapi -I./arch/arm/include/generated/uapi -I./include/uapi -I./include/generated/uapi -include ./include/linux/compiler-version.h -include ./include/linux/kconfig.h -include ./include/linux/compiler_types.h -D__KERNEL__ -mlittle-endian -D__LINUX_ARM_ARCH__=7 -fmacro-prefix-map=./= -std=gnu11 -fshort-wchar -funsigned-char -fno-common -fno-PIE -fno-strict-aliasing -fno-dwarf2-cfi-asm -mno-fdpic -fno-ipa-sra -mtp=cp15 -mabi=aapcs-linux -mfpu=vfp -funwind-tables -marm -Wa,-mno-warn-deprecated -march=armv7-a -msoft-float -Uarm -fno-delete-null-pointer-checks -O2 -fno-allow-store-data-races -fstack-protector-strong -fomit-frame-pointer -ftrivial-auto-var-init=zero -fno-stack-clash-protection -fstrict-flex-arrays=3 -fno-strict-overflow -fno-stack-check -fconserve-stack -fno-builtin-wcslen -fno-builtin-wcslen -Wall -Wextra -Wundef -Werror=implicit-function-declaration -Werror=implicit-int -Werror=return-type -Werror=strict-prototypes -Wno-format-security -Wno-trigraphs -Wno-frame-address -Wno-address-of-packed-member -Wmissing-declarations -Wmissing-prototypes -Wframe-larger-than=1024 -Wno-main -Wno-dangling-pointer -Wvla -Wno-pointer-sign -Wcast-function-type -Wno-array-bounds -Wno-stringop-overflow -Wno-alloc-size-larger-than -Wimplicit-fallthrough=5 -Werror=date-time -Werror=incompatible-pointer-types -Werror=designated-init -Wenum-conversion -Wunused -Wno-unused-but-set-variable -Wno-unused-const-variable -Wno-packed-not-aligned -Wno-format-overflow -Wno-format-truncation -Wno-stringop-truncation -Wno-override-init -Wno-missing-field-initializers -Wno-type-limits -Wno-shift-negative-value -Wno-maybe-uninitialized -Wno-sign-compare -Wno-unused-parameter -Wno-attribute-alias -mstack-protector-guard=tls -mstack-protector-guard-offset=1032    -DKBUILD_MODFILE='"crypto/asymmetric_keys/pkcs7_message"' -DKBUILD_BASENAME='"pkcs7_verify"' -DKBUILD_MODNAME='"pkcs7_message"' -D__KBUILD_MODNAME=kmod_pkcs7_message -c -o crypto/asymmetric_keys/pkcs7_verify.o crypto/asymmetric_keys/pkcs7_verify.c  
# CC      block/bio.o
  /workspace/project/buildroot/buildroot-mchp/output/host/bin/arm-buildroot-linux-uclibcgnueabihf-gcc -Wp,-MMD,block/.bio.o.d -nostdinc -I./arch/arm/include -I./arch/arm/include/generated  -I./include -I./arch/arm/include/uapi -I./arch/arm/include/generated/uapi -I./include/uapi -I./include/generated/uapi -include ./include/linux/compiler-version.h -include ./include/linux/kconfig.h -include ./include/linux/compiler_types.h -D__KERNEL__ -mlittle-endian -D__LINUX_ARM_ARCH__=7 -fmacro-prefix-map=./= -std=gnu11 -fshort-wchar -funsigned-char -fno-common -fno-PIE -fno-strict-aliasing -fno-dwarf2-cfi-asm -mno-fdpic -fno-ipa-sra -mtp=cp15 -mabi=aapcs-linux -mfpu=vfp -funwind-tables -marm -Wa,-mno-warn-deprecated -march=armv7-a -msoft-float -Uarm -fno-delete-null-pointer-checks -O2 -fno-allow-store-data-races -fstack-protector-strong -fomit-frame-pointer -ftrivial-auto-var-init=zero -fno-stack-clash-protection -fstrict-flex-arrays=3 -fno-strict-overflow -fno-stack-check -fconserve-stack -fno-builtin-wcslen -fno-builtin-wcslen -Wall -Wextra -Wundef -Werror=implicit-function-declaration -Werror=implicit-int -Werror=return-type -Werror=strict-prototypes -Wno-format-security -Wno-trigraphs -Wno-frame-address -Wno-address-of-packed-member -Wmissing-declarations -Wmissing-prototypes -Wframe-larger-than=1024 -Wno-main -Wno-dangling-pointer -Wvla -Wno-pointer-sign -Wcast-function-type -Wno-array-bounds -Wno-stringop-overflow -Wno-alloc-size-larger-than -Wimplicit-fallthrough=5 -Werror=date-time -Werror=incompatible-pointer-types -Werror=designated-init -Wenum-conversion -Wunused -Wno-unused-but-set-variable -Wno-unused-const-variable -Wno-packed-not-aligned -Wno-format-overflow -Wno-format-truncation -Wno-stringop-truncation -Wno-override-init -Wno-missing-field-initializers -Wno-type-limits -Wno-shift-negative-value -Wno-maybe-uninitialized -Wno-sign-compare -Wno-unused-parameter -Wno-attribute-alias -mstack-protector-guard=tls -mstack-protector-guard-offset=1032    -DKBUILD_MODFILE='"block/bio"' -DKBUILD_BASENAME='"bio"' -DKBUILD_MODNAME='"bio"' -D__KBUILD_MODNAME=kmod_bio -c -o block/bio.o block/bio.c  
# cmd_gen_order crypto/asymmetric_keys/modules.order
  {  :; } > crypto/asymmetric_keys/modules.order
# CC      crypto/asymmetric_keys/x509.asn1.o
  /workspace/project/buildroot/buildroot-mchp/output/host/bin/arm-buildroot-linux-uclibcgnueabihf-gcc -Wp,-MMD,crypto/asymmetric_keys/.x509.asn1.o.d -nostdinc -I./arch/arm/include -I./arch/arm/include/generated  -I./include -I./arch/arm/include/uapi -I./arch/arm/include/generated/uapi -I./include/uapi -I./include/generated/uapi -include ./include/linux/compiler-version.h -include ./include/linux/kconfig.h -include ./include/linux/compiler_types.h -D__KERNEL__ -mlittle-endian -D__LINUX_ARM_ARCH__=7 -fmacro-prefix-map=./= -std=gnu11 -fshort-wchar -funsigned-char -fno-common -fno-PIE -fno-strict-aliasing -fno-dwarf2-cfi-asm -mno-fdpic -fno-ipa-sra -mtp=cp15 -mabi=aapcs-linux -mfpu=vfp -funwind-tables -marm -Wa,-mno-warn-deprecated -march=armv7-a -msoft-float -Uarm -fno-delete-null-pointer-checks -O2 -fno-allow-store-data-races -fstack-protector-strong -fomit-frame-pointer -ftrivial-auto-var-init=zero -fno-stack-clash-protection -fstrict-flex-arrays=3 -fno-strict-overflow -fno-stack-check -fconserve-stack -fno-builtin-wcslen -fno-builtin-wcslen -Wall -Wextra -Wundef -Werror=implicit-function-declaration -Werror=implicit-int -Werror=return-type -Werror=strict-prototypes -Wno-format-security -Wno-trigraphs -Wno-frame-address -Wno-address-of-packed-member -Wmissing-declarations -Wmissing-prototypes -Wframe-larger-than=1024 -Wno-main -Wno-dangling-pointer -Wvla -Wno-pointer-sign -Wcast-function-type -Wno-array-bounds -Wno-stringop-overflow -Wno-alloc-size-larger-than -Wimplicit-fallthrough=5 -Werror=date-time -Werror=incompatible-pointer-types -Werror=designated-init -Wenum-conversion -Wunused -Wno-unused-but-set-variable -Wno-unused-const-variable -Wno-packed-not-aligned -Wno-format-overflow -Wno-format-truncation -Wno-stringop-truncation -Wno-override-init -Wno-missing-field-initializers -Wno-type-limits -Wno-shift-negative-value -Wno-maybe-uninitialized -Wno-sign-compare -Wno-unused-parameter -Wno-attribute-alias -mstack-protector-guard=tls -mstack-protector-guard-offset=1032    -DKBUILD_MODFILE='"crypto/asymmetric_keys/x509_key_parser"' -DKBUILD_BASENAME='"x509.asn1"' -DKBUILD_MODNAME='"x509_key_parser"' -D__KBUILD_MODNAME=kmod_x509_key_parser -c -o crypto/asymmetric_keys/x509.asn1.o crypto/asymmetric_keys/x509.asn1.c  
# CC      block/elevator.o
  /workspace/project/buildroot/buildroot-mchp/output/host/bin/arm-buildroot-linux-uclibcgnueabihf-gcc -Wp,-MMD,block/.elevator.o.d -nostdinc -I./arch/arm/include -I./arch/arm/include/generated  -I./include -I./arch/arm/include/uapi -I./arch/arm/include/generated/uapi -I./include/uapi -I./include/generated/uapi -include ./include/linux/compiler-version.h -include ./include/linux/kconfig.h -include ./include/linux/compiler_types.h -D__KERNEL__ -mlittle-endian -D__LINUX_ARM_ARCH__=7 -fmacro-prefix-map=./= -std=gnu11 -fshort-wchar -funsigned-char -fno-common -fno-PIE -fno-strict-aliasing -fno-dwarf2-cfi-asm -mno-fdpic -fno-ipa-sra -mtp=cp15 -mabi=aapcs-linux -mfpu=vfp -funwind-tables -marm -Wa,-mno-warn-deprecated -march=armv7-a -msoft-float -Uarm -fno-delete-null-pointer-checks -O2 -fno-allow-store-data-races -fstack-protector-strong -fomit-frame-pointer -ftrivial-auto-var-init=zero -fno-stack-clash-protection -fstrict-flex-arrays=3 -fno-strict-overflow -fno-stack-check -fconserve-stack -fno-builtin-wcslen -fno-builtin-wcslen -Wall -Wextra -Wundef -Werror=implicit-function-declaration -Werror=implicit-int -Werror=return-type -Werror=strict-prototypes -Wno-format-security -Wno-trigraphs -Wno-frame-address -Wno-address-of-packed-member -Wmissing-declarations -Wmissing-prototypes -Wframe-larger-than=1024 -Wno-main -Wno-dangling-pointer -Wvla -Wno-pointer-sign -Wcast-function-type -Wno-array-bounds -Wno-stringop-overflow -Wno-alloc-size-larger-than -Wimplicit-fallthrough=5 -Werror=date-time -Werror=incompatible-pointer-types -Werror=designated-init -Wenum-conversion -Wunused -Wno-unused-but-set-variable -Wno-unused-const-variable -Wno-packed-not-aligned -Wno-format-overflow -Wno-format-truncation -Wno-stringop-truncation -Wno-override-init -Wno-missing-field-initializers -Wno-type-limits -Wno-shift-negative-value -Wno-maybe-uninitialized -Wno-sign-compare -Wno-unused-parameter -Wno-attribute-alias -mstack-protector-guard=tls -mstack-protector-guard-offset=1032    -DKBUILD_MODFILE='"block/elevator"' -DKBUILD_BASENAME='"elevator"' -DKBUILD_MODNAME='"elevator"' -D__KBUILD_MODNAME=kmod_elevator -c -o block/elevator.o block/elevator.c  
# CC      crypto/asymmetric_keys/x509_akid.asn1.o
  /workspace/project/buildroot/buildroot-mchp/output/host/bin/arm-buildroot-linux-uclibcgnueabihf-gcc -Wp,-MMD,crypto/asymmetric_keys/.x509_akid.asn1.o.d -nostdinc -I./arch/arm/include -I./arch/arm/include/generated  -I./include -I./arch/arm/include/uapi -I./arch/arm/include/generated/uapi -I./include/uapi -I./include/generated/uapi -include ./include/linux/compiler-version.h -include ./include/linux/kconfig.h -include ./include/linux/compiler_types.h -D__KERNEL__ -mlittle-endian -D__LINUX_ARM_ARCH__=7 -fmacro-prefix-map=./= -std=gnu11 -fshort-wchar -funsigned-char -fno-common -fno-PIE -fno-strict-aliasing -fno-dwarf2-cfi-asm -mno-fdpic -fno-ipa-sra -mtp=cp15 -mabi=aapcs-linux -mfpu=vfp -funwind-tables -marm -Wa,-mno-warn-deprecated -march=armv7-a -msoft-float -Uarm -fno-delete-null-pointer-checks -O2 -fno-allow-store-data-races -fstack-protector-strong -fomit-frame-pointer -ftrivial-auto-var-init=zero -fno-stack-clash-protection -fstrict-flex-arrays=3 -fno-strict-overflow -fno-stack-check -fconserve-stack -fno-builtin-wcslen -fno-builtin-wcslen -Wall -Wextra -Wundef -Werror=implicit-function-declaration -Werror=implicit-int -Werror=return-type -Werror=strict-prototypes -Wno-format-security -Wno-trigraphs -Wno-frame-address -Wno-address-of-packed-member -Wmissing-declarations -Wmissing-prototypes -Wframe-larger-than=1024 -Wno-main -Wno-dangling-pointer -Wvla -Wno-pointer-sign -Wcast-function-type -Wno-array-bounds -Wno-stringop-overflow -Wno-alloc-size-larger-than -Wimplicit-fallthrough=5 -Werror=date-time -Werror=incompatible-pointer-types -Werror=designated-init -Wenum-conversion -Wunused -Wno-unused-but-set-variable -Wno-unused-const-variable -Wno-packed-not-aligned -Wno-format-overflow -Wno-format-truncation -Wno-stringop-truncation -Wno-override-init -Wno-missing-field-initializers -Wno-type-limits -Wno-shift-negative-value -Wno-maybe-uninitialized -Wno-sign-compare -Wno-unused-parameter -Wno-attribute-alias -mstack-protector-guard=tls -mstack-protector-guard-offset=1032    -DKBUILD_MODFILE='"crypto/asymmetric_keys/x509_key_parser"' -DKBUILD_BASENAME='"x509_akid.asn1"' -DKBUILD_MODNAME='"x509_key_parser"' -D__KBUILD_MODNAME=kmod_x509_key_parser -c -o crypto/asymmetric_keys/x509_akid.asn1.o crypto/asymmetric_keys/x509_akid.asn1.c  
# CC      crypto/asymmetric_keys/x509_cert_parser.o
  /workspace/project/buildroot/buildroot-mchp/output/host/bin/arm-buildroot-linux-uclibcgnueabihf-gcc -Wp,-MMD,crypto/asymmetric_keys/.x509_cert_parser.o.d -nostdinc -I./arch/arm/include -I./arch/arm/include/generated  -I./include -I./arch/arm/include/uapi -I./arch/arm/include/generated/uapi -I./include/uapi -I./include/generated/uapi -include ./include/linux/compiler-version.h -include ./include/linux/kconfig.h -include ./include/linux/compiler_types.h -D__KERNEL__ -mlittle-endian -D__LINUX_ARM_ARCH__=7 -fmacro-prefix-map=./= -std=gnu11 -fshort-wchar -funsigned-char -fno-common -fno-PIE -fno-strict-aliasing -fno-dwarf2-cfi-asm -mno-fdpic -fno-ipa-sra -mtp=cp15 -mabi=aapcs-linux -mfpu=vfp -funwind-tables -marm -Wa,-mno-warn-deprecated -march=armv7-a -msoft-float -Uarm -fno-delete-null-pointer-checks -O2 -fno-allow-store-data-races -fstack-protector-strong -fomit-frame-pointer -ftrivial-auto-var-init=zero -fno-stack-clash-protection -fstrict-flex-arrays=3 -fno-strict-overflow -fno-stack-check -fconserve-stack -fno-builtin-wcslen -fno-builtin-wcslen -Wall -Wextra -Wundef -Werror=implicit-function-declaration -Werror=implicit-int -Werror=return-type -Werror=strict-prototypes -Wno-format-security -Wno-trigraphs -Wno-frame-address -Wno-address-of-packed-member -Wmissing-declarations -Wmissing-prototypes -Wframe-larger-than=1024 -Wno-main -Wno-dangling-pointer -Wvla -Wno-pointer-sign -Wcast-function-type -Wno-array-bounds -Wno-stringop-overflow -Wno-alloc-size-larger-than -Wimplicit-fallthrough=5 -Werror=date-time -Werror=incompatible-pointer-types -Werror=designated-init -Wenum-conversion -Wunused -Wno-unused-but-set-variable -Wno-unused-const-variable -Wno-packed-not-aligned -Wno-format-overflow -Wno-format-truncation -Wno-stringop-truncation -Wno-override-init -Wno-missing-field-initializers -Wno-type-limits -Wno-shift-negative-value -Wno-maybe-uninitialized -Wno-sign-compare -Wno-unused-parameter -Wno-attribute-alias -mstack-protector-guard=tls -mstack-protector-guard-offset=1032    -DKBUILD_MODFILE='"crypto/asymmetric_keys/x509_key_parser"' -DKBUILD_BASENAME='"x509_cert_parser"' -DKBUILD_MODNAME='"x509_key_parser"' -D__KBUILD_MODNAME=kmod_x509_key_parser -c -o crypto/asymmetric_keys/x509_cert_parser.o crypto/asymmetric_keys/x509_cert_parser.c  
# CC      io_uring/notif.o
  /workspace/project/buildroot/buildroot-mchp/output/host/bin/arm-buildroot-linux-uclibcgnueabihf-gcc -Wp,-MMD,io_uring/.notif.o.d -nostdinc -I./arch/arm/include -I./arch/arm/include/generated  -I./include -I./arch/arm/include/uapi -I./arch/arm/include/generated/uapi -I./include/uapi -I./include/generated/uapi -include ./include/linux/compiler-version.h -include ./include/linux/kconfig.h -include ./include/linux/compiler_types.h -D__KERNEL__ -mlittle-endian -D__LINUX_ARM_ARCH__=7 -fmacro-prefix-map=./= -std=gnu11 -fshort-wchar -funsigned-char -fno-common -fno-PIE -fno-strict-aliasing -fno-dwarf2-cfi-asm -mno-fdpic -fno-ipa-sra -mtp=cp15 -mabi=aapcs-linux -mfpu=vfp -funwind-tables -marm -Wa,-mno-warn-deprecated -march=armv7-a -msoft-float -Uarm -fno-delete-null-pointer-checks -O2 -fno-allow-store-data-races -fstack-protector-strong -fomit-frame-pointer -ftrivial-auto-var-init=zero -fno-stack-clash-protection -fstrict-flex-arrays=3 -fno-strict-overflow -fno-stack-check -fconserve-stack -fno-builtin-wcslen -fno-builtin-wcslen -Wall -Wextra -Wundef -Werror=implicit-function-declaration -Werror=implicit-int -Werror=return-type -Werror=strict-prototypes -Wno-format-security -Wno-trigraphs -Wno-frame-address -Wno-address-of-packed-member -Wmissing-declarations -Wmissing-prototypes -Wframe-larger-than=1024 -Wno-main -Wno-dangling-pointer -Wvla -Wno-pointer-sign -Wcast-function-type -Wno-array-bounds -Wno-stringop-overflow -Wno-alloc-size-larger-than -Wimplicit-fallthrough=5 -Werror=date-time -Werror=incompatible-pointer-types -Werror=designated-init -Wenum-conversion -Wunused -Wno-unused-but-set-variable -Wno-unused-const-variable -Wno-packed-not-aligned -Wno-format-overflow -Wno-format-truncation -Wno-stringop-truncation -Wno-override-init -Wno-missing-field-initializers -Wno-type-limits -Wno-shift-negative-value -Wno-maybe-uninitialized -Wno-sign-compare -Wno-unused-parameter -Wno-attribute-alias -mstack-protector-guard=tls -mstack-protector-guard-offset=1032    -DKBUILD_MODFILE='"io_uring/notif"' -DKBUILD_BASENAME='"notif"' -DKBUILD_MODNAME='"notif"' -D__KBUILD_MODNAME=kmod_notif -c -o io_uring/notif.o io_uring/notif.c  
# CC      crypto/asymmetric_keys/pkcs7.asn1.o
  /workspace/project/buildroot/buildroot-mchp/output/host/bin/arm-buildroot-linux-uclibcgnueabihf-gcc -Wp,-MMD,crypto/asymmetric_keys/.pkcs7.asn1.o.d -nostdinc -I./arch/arm/include -I./arch/arm/include/generated  -I./include -I./arch/arm/include/uapi -I./arch/arm/include/generated/uapi -I./include/uapi -I./include/generated/uapi -include ./include/linux/compiler-version.h -include ./include/linux/kconfig.h -include ./include/linux/compiler_types.h -D__KERNEL__ -mlittle-endian -D__LINUX_ARM_ARCH__=7 -fmacro-prefix-map=./= -std=gnu11 -fshort-wchar -funsigned-char -fno-common -fno-PIE -fno-strict-aliasing -fno-dwarf2-cfi-asm -mno-fdpic -fno-ipa-sra -mtp=cp15 -mabi=aapcs-linux -mfpu=vfp -funwind-tables -marm -Wa,-mno-warn-deprecated -march=armv7-a -msoft-float -Uarm -fno-delete-null-pointer-checks -O2 -fno-allow-store-data-races -fstack-protector-strong -fomit-frame-pointer -ftrivial-auto-var-init=zero -fno-stack-clash-protection -fstrict-flex-arrays=3 -fno-strict-overflow -fno-stack-check -fconserve-stack -fno-builtin-wcslen -fno-builtin-wcslen -Wall -Wextra -Wundef -Werror=implicit-function-declaration -Werror=implicit-int -Werror=return-type -Werror=strict-prototypes -Wno-format-security -Wno-trigraphs -Wno-frame-address -Wno-address-of-packed-member -Wmissing-declarations -Wmissing-prototypes -Wframe-larger-than=1024 -Wno-main -Wno-dangling-pointer -Wvla -Wno-pointer-sign -Wcast-function-type -Wno-array-bounds -Wno-stringop-overflow -Wno-alloc-size-larger-than -Wimplicit-fallthrough=5 -Werror=date-time -Werror=incompatible-pointer-types -Werror=designated-init -Wenum-conversion -Wunused -Wno-unused-but-set-variable -Wno-unused-const-variable -Wno-packed-not-aligned -Wno-format-overflow -Wno-format-truncation -Wno-stringop-truncation -Wno-override-init -Wno-missing-field-initializers -Wno-type-limits -Wno-shift-negative-value -Wno-maybe-uninitialized -Wno-sign-compare -Wno-unused-parameter -Wno-attribute-alias -mstack-protector-guard=tls -mstack-protector-guard-offset=1032    -DKBUILD_MODFILE='"crypto/asymmetric_keys/pkcs7_message"' -DKBUILD_BASENAME='"pkcs7.asn1"' -DKBUILD_MODNAME='"pkcs7_message"' -D__KBUILD_MODNAME=kmod_pkcs7_message -c -o crypto/asymmetric_keys/pkcs7.asn1.o crypto/asymmetric_keys/pkcs7.asn1.c  
# CC      crypto/algapi.o
  /workspace/project/buildroot/buildroot-mchp/output/host/bin/arm-buildroot-linux-uclibcgnueabihf-gcc -Wp,-MMD,crypto/.algapi.o.d -nostdinc -I./arch/arm/include -I./arch/arm/include/generated  -I./include -I./arch/arm/include/uapi -I./arch/arm/include/generated/uapi -I./include/uapi -I./include/generated/uapi -include ./include/linux/compiler-version.h -include ./include/linux/kconfig.h -include ./include/linux/compiler_types.h -D__KERNEL__ -mlittle-endian -D__LINUX_ARM_ARCH__=7 -fmacro-prefix-map=./= -std=gnu11 -fshort-wchar -funsigned-char -fno-common -fno-PIE -fno-strict-aliasing -fno-dwarf2-cfi-asm -mno-fdpic -fno-ipa-sra -mtp=cp15 -mabi=aapcs-linux -mfpu=vfp -funwind-tables -marm -Wa,-mno-warn-deprecated -march=armv7-a -msoft-float -Uarm -fno-delete-null-pointer-checks -O2 -fno-allow-store-data-races -fstack-protector-strong -fomit-frame-pointer -ftrivial-auto-var-init=zero -fno-stack-clash-protection -fstrict-flex-arrays=3 -fno-strict-overflow -fno-stack-check -fconserve-stack -fno-builtin-wcslen -fno-builtin-wcslen -Wall -Wextra -Wundef -Werror=implicit-function-declaration -Werror=implicit-int -Werror=return-type -Werror=strict-prototypes -Wno-format-security -Wno-trigraphs -Wno-frame-address -Wno-address-of-packed-member -Wmissing-declarations -Wmissing-prototypes -Wframe-larger-than=1024 -Wno-main -Wno-dangling-pointer -Wvla -Wno-pointer-sign -Wcast-function-type -Wno-array-bounds -Wno-stringop-overflow -Wno-alloc-size-larger-than -Wimplicit-fallthrough=5 -Werror=date-time -Werror=incompatible-pointer-types -Werror=designated-init -Wenum-conversion -Wunused -Wno-unused-but-set-variable -Wno-unused-const-variable -Wno-packed-not-aligned -Wno-format-overflow -Wno-format-truncation -Wno-stringop-truncation -Wno-override-init -Wno-missing-field-initializers -Wno-type-limits -Wno-shift-negative-value -Wno-maybe-uninitialized -Wno-sign-compare -Wno-unused-parameter -Wno-attribute-alias -mstack-protector-guard=tls -mstack-protector-guard-offset=1032    -DKBUILD_MODFILE='"crypto/crypto_algapi"' -DKBUILD_BASENAME='"algapi"' -DKBUILD_MODNAME='"crypto_algapi"' -D__KBUILD_MODNAME=kmod_crypto_algapi -c -o crypto/algapi.o crypto/algapi.c  
# CC      crypto/asymmetric_keys/pkcs7_parser.o
  /workspace/project/buildroot/buildroot-mchp/output/host/bin/arm-buildroot-linux-uclibcgnueabihf-gcc -Wp,-MMD,crypto/asymmetric_keys/.pkcs7_parser.o.d -nostdinc -I./arch/arm/include -I./arch/arm/include/generated  -I./include -I./arch/arm/include/uapi -I./arch/arm/include/generated/uapi -I./include/uapi -I./include/generated/uapi -include ./include/linux/compiler-version.h -include ./include/linux/kconfig.h -include ./include/linux/compiler_types.h -D__KERNEL__ -mlittle-endian -D__LINUX_ARM_ARCH__=7 -fmacro-prefix-map=./= -std=gnu11 -fshort-wchar -funsigned-char -fno-common -fno-PIE -fno-strict-aliasing -fno-dwarf2-cfi-asm -mno-fdpic -fno-ipa-sra -mtp=cp15 -mabi=aapcs-linux -mfpu=vfp -funwind-tables -marm -Wa,-mno-warn-deprecated -march=armv7-a -msoft-float -Uarm -fno-delete-null-pointer-checks -O2 -fno-allow-store-data-races -fstack-protector-strong -fomit-frame-pointer -ftrivial-auto-var-init=zero -fno-stack-clash-protection -fstrict-flex-arrays=3 -fno-strict-overflow -fno-stack-check -fconserve-stack -fno-builtin-wcslen -fno-builtin-wcslen -Wall -Wextra -Wundef -Werror=implicit-function-declaration -Werror=implicit-int -Werror=return-type -Werror=strict-prototypes -Wno-format-security -Wno-trigraphs -Wno-frame-address -Wno-address-of-packed-member -Wmissing-declarations -Wmissing-prototypes -Wframe-larger-than=1024 -Wno-main -Wno-dangling-pointer -Wvla -Wno-pointer-sign -Wcast-function-type -Wno-array-bounds -Wno-stringop-overflow -Wno-alloc-size-larger-than -Wimplicit-fallthrough=5 -Werror=date-time -Werror=incompatible-pointer-types -Werror=designated-init -Wenum-conversion -Wunused -Wno-unused-but-set-variable -Wno-unused-const-variable -Wno-packed-not-aligned -Wno-format-overflow -Wno-format-truncation -Wno-stringop-truncation -Wno-override-init -Wno-missing-field-initializers -Wno-type-limits -Wno-shift-negative-value -Wno-maybe-uninitialized -Wno-sign-compare -Wno-unused-parameter -Wno-attribute-alias -mstack-protector-guard=tls -mstack-protector-guard-offset=1032    -DKBUILD_MODFILE='"crypto/asymmetric_keys/pkcs7_message"' -DKBUILD_BASENAME='"pkcs7_parser"' -DKBUILD_MODNAME='"pkcs7_message"' -D__KBUILD_MODNAME=kmod_pkcs7_message -c -o crypto/asymmetric_keys/pkcs7_parser.o crypto/asymmetric_keys/pkcs7_parser.c  
# CC      block/blk-core.o
  /workspace/project/buildroot/buildroot-mchp/output/host/bin/arm-buildroot-linux-uclibcgnueabihf-gcc -Wp,-MMD,block/.blk-core.o.d -nostdinc -I./arch/arm/include -I./arch/arm/include/generated  -I./include -I./arch/arm/include/uapi -I./arch/arm/include/generated/uapi -I./include/uapi -I./include/generated/uapi -include ./include/linux/compiler-version.h -include ./include/linux/kconfig.h -include ./include/linux/compiler_types.h -D__KERNEL__ -mlittle-endian -D__LINUX_ARM_ARCH__=7 -fmacro-prefix-map=./= -std=gnu11 -fshort-wchar -funsigned-char -fno-common -fno-PIE -fno-strict-aliasing -fno-dwarf2-cfi-asm -mno-fdpic -fno-ipa-sra -mtp=cp15 -mabi=aapcs-linux -mfpu=vfp -funwind-tables -marm -Wa,-mno-warn-deprecated -march=armv7-a -msoft-float -Uarm -fno-delete-null-pointer-checks -O2 -fno-allow-store-data-races -fstack-protector-strong -fomit-frame-pointer -ftrivial-auto-var-init=zero -fno-stack-clash-protection -fstrict-flex-arrays=3 -fno-strict-overflow -fno-stack-check -fconserve-stack -fno-builtin-wcslen -fno-builtin-wcslen -Wall -Wextra -Wundef -Werror=implicit-function-declaration -Werror=implicit-int -Werror=return-type -Werror=strict-prototypes -Wno-format-security -Wno-trigraphs -Wno-frame-address -Wno-address-of-packed-member -Wmissing-declarations -Wmissing-prototypes -Wframe-larger-than=1024 -Wno-main -Wno-dangling-pointer -Wvla -Wno-pointer-sign -Wcast-function-type -Wno-array-bounds -Wno-stringop-overflow -Wno-alloc-size-larger-than -Wimplicit-fallthrough=5 -Werror=date-time -Werror=incompatible-pointer-types -Werror=designated-init -Wenum-conversion -Wunused -Wno-unused-but-set-variable -Wno-unused-const-variable -Wno-packed-not-aligned -Wno-format-overflow -Wno-format-truncation -Wno-stringop-truncation -Wno-override-init -Wno-missing-field-initializers -Wno-type-limits -Wno-shift-negative-value -Wno-maybe-uninitialized -Wno-sign-compare -Wno-unused-parameter -Wno-attribute-alias -mstack-protector-guard=tls -mstack-protector-guard-offset=1032    -DKBUILD_MODFILE='"block/blk-core"' -DKBUILD_BASENAME='"blk_core"' -DKBUILD_MODNAME='"blk_core"' -D__KBUILD_MODNAME=kmod_blk_core -c -o block/blk-core.o block/blk-core.c  
# AR      crypto/asymmetric_keys/built-in.a
  rm -f crypto/asymmetric_keys/built-in.a;  printf "crypto/asymmetric_keys/%s " asymmetric_type.o restrict.o signature.o public_key.o x509.asn1.o x509_akid.asn1.o x509_cert_parser.o x509_loader.o x509_public_key.o pkcs7.asn1.o pkcs7_parser.o pkcs7_trust.o pkcs7_verify.o | xargs /workspace/project/buildroot/buildroot-mchp/output/host/bin/arm-buildroot-linux-uclibcgnueabihf-ar cDPrST crypto/asymmetric_keys/built-in.a
# CC      io_uring/tctx.o
  /workspace/project/buildroot/buildroot-mchp/output/host/bin/arm-buildroot-linux-uclibcgnueabihf-gcc -Wp,-MMD,io_uring/.tctx.o.d -nostdinc -I./arch/arm/include -I./arch/arm/include/generated  -I./include -I./arch/arm/include/uapi -I./arch/arm/include/generated/uapi -I./include/uapi -I./include/generated/uapi -include ./include/linux/compiler-version.h -include ./include/linux/kconfig.h -include ./include/linux/compiler_types.h -D__KERNEL__ -mlittle-endian -D__LINUX_ARM_ARCH__=7 -fmacro-prefix-map=./= -std=gnu11 -fshort-wchar -funsigned-char -fno-common -fno-PIE -fno-strict-aliasing -fno-dwarf2-cfi-asm -mno-fdpic -fno-ipa-sra -mtp=cp15 -mabi=aapcs-linux -mfpu=vfp -funwind-tables -marm -Wa,-mno-warn-deprecated -march=armv7-a -msoft-float -Uarm -fno-delete-null-pointer-checks -O2 -fno-allow-store-data-races -fstack-protector-strong -fomit-frame-pointer -ftrivial-auto-var-init=zero -fno-stack-clash-protection -fstrict-flex-arrays=3 -fno-strict-overflow -fno-stack-check -fconserve-stack -fno-builtin-wcslen -fno-builtin-wcslen -Wall -Wextra -Wundef -Werror=implicit-function-declaration -Werror=implicit-int -Werror=return-type -Werror=strict-prototypes -Wno-format-security -Wno-trigraphs -Wno-frame-address -Wno-address-of-packed-member -Wmissing-declarations -Wmissing-prototypes -Wframe-larger-than=1024 -Wno-main -Wno-dangling-pointer -Wvla -Wno-pointer-sign -Wcast-function-type -Wno-array-bounds -Wno-stringop-overflow -Wno-alloc-size-larger-than -Wimplicit-fallthrough=5 -Werror=date-time -Werror=incompatible-pointer-types -Werror=designated-init -Wenum-conversion -Wunused -Wno-unused-but-set-variable -Wno-unused-const-variable -Wno-packed-not-aligned -Wno-format-overflow -Wno-format-truncation -Wno-stringop-truncation -Wno-override-init -Wno-missing-field-initializers -Wno-type-limits -Wno-shift-negative-value -Wno-maybe-uninitialized -Wno-sign-compare -Wno-unused-parameter -Wno-attribute-alias -mstack-protector-guard=tls -mstack-protector-guard-offset=1032    -DKBUILD_MODFILE='"io_uring/tctx"' -DKBUILD_BASENAME='"tctx"' -DKBUILD_MODNAME='"tctx"' -D__KBUILD_MODNAME=kmod_tctx -c -o io_uring/tctx.o io_uring/tctx.c  
# CC      block/blk-sysfs.o
  /workspace/project/buildroot/buildroot-mchp/output/host/bin/arm-buildroot-linux-uclibcgnueabihf-gcc -Wp,-MMD,block/.blk-sysfs.o.d -nostdinc -I./arch/arm/include -I./arch/arm/include/generated  -I./include -I./arch/arm/include/uapi -I./arch/arm/include/generated/uapi -I./include/uapi -I./include/generated/uapi -include ./include/linux/compiler-version.h -include ./include/linux/kconfig.h -include ./include/linux/compiler_types.h -D__KERNEL__ -mlittle-endian -D__LINUX_ARM_ARCH__=7 -fmacro-prefix-map=./= -std=gnu11 -fshort-wchar -funsigned-char -fno-common -fno-PIE -fno-strict-aliasing -fno-dwarf2-cfi-asm -mno-fdpic -fno-ipa-sra -mtp=cp15 -mabi=aapcs-linux -mfpu=vfp -funwind-tables -marm -Wa,-mno-warn-deprecated -march=armv7-a -msoft-float -Uarm -fno-delete-null-pointer-checks -O2 -fno-allow-store-data-races -fstack-protector-strong -fomit-frame-pointer -ftrivial-auto-var-init=zero -fno-stack-clash-protection -fstrict-flex-arrays=3 -fno-strict-overflow -fno-stack-check -fconserve-stack -fno-builtin-wcslen -fno-builtin-wcslen -Wall -Wextra -Wundef -Werror=implicit-function-declaration -Werror=implicit-int -Werror=return-type -Werror=strict-prototypes -Wno-format-security -Wno-trigraphs -Wno-frame-address -Wno-address-of-packed-member -Wmissing-declarations -Wmissing-prototypes -Wframe-larger-than=1024 -Wno-main -Wno-dangling-pointer -Wvla -Wno-pointer-sign -Wcast-function-type -Wno-array-bounds -Wno-stringop-overflow -Wno-alloc-size-larger-than -Wimplicit-fallthrough=5 -Werror=date-time -Werror=incompatible-pointer-types -Werror=designated-init -Wenum-conversion -Wunused -Wno-unused-but-set-variable -Wno-unused-const-variable -Wno-packed-not-aligned -Wno-format-overflow -Wno-format-truncation -Wno-stringop-truncation -Wno-override-init -Wno-missing-field-initializers -Wno-type-limits -Wno-shift-negative-value -Wno-maybe-uninitialized -Wno-sign-compare -Wno-unused-parameter -Wno-attribute-alias -mstack-protector-guard=tls -mstack-protector-guard-offset=1032    -DKBUILD_MODFILE='"block/blk-sysfs"' -DKBUILD_BASENAME='"blk_sysfs"' -DKBUILD_MODNAME='"blk_sysfs"' -D__KBUILD_MODNAME=kmod_blk_sysfs -c -o block/blk-sysfs.o block/blk-sysfs.c  
# CC      io_uring/filetable.o
  /workspace/project/buildroot/buildroot-mchp/output/host/bin/arm-buildroot-linux-uclibcgnueabihf-gcc -Wp,-MMD,io_uring/.filetable.o.d -nostdinc -I./arch/arm/include -I./arch/arm/include/generated  -I./include -I./arch/arm/include/uapi -I./arch/arm/include/generated/uapi -I./include/uapi -I./include/generated/uapi -include ./include/linux/compiler-version.h -include ./include/linux/kconfig.h -include ./include/linux/compiler_types.h -D__KERNEL__ -mlittle-endian -D__LINUX_ARM_ARCH__=7 -fmacro-prefix-map=./= -std=gnu11 -fshort-wchar -funsigned-char -fno-common -fno-PIE -fno-strict-aliasing -fno-dwarf2-cfi-asm -mno-fdpic -fno-ipa-sra -mtp=cp15 -mabi=aapcs-linux -mfpu=vfp -funwind-tables -marm -Wa,-mno-warn-deprecated -march=armv7-a -msoft-float -Uarm -fno-delete-null-pointer-checks -O2 -fno-allow-store-data-races -fstack-protector-strong -fomit-frame-pointer -ftrivial-auto-var-init=zero -fno-stack-clash-protection -fstrict-flex-arrays=3 -fno-strict-overflow -fno-stack-check -fconserve-stack -fno-builtin-wcslen -fno-builtin-wcslen -Wall -Wextra -Wundef -Werror=implicit-function-declaration -Werror=implicit-int -Werror=return-type -Werror=strict-prototypes -Wno-format-security -Wno-trigraphs -Wno-frame-address -Wno-address-of-packed-member -Wmissing-declarations -Wmissing-prototypes -Wframe-larger-than=1024 -Wno-main -Wno-dangling-pointer -Wvla -Wno-pointer-sign -Wcast-function-type -Wno-array-bounds -Wno-stringop-overflow -Wno-alloc-size-larger-than -Wimplicit-fallthrough=5 -Werror=date-time -Werror=incompatible-pointer-types -Werror=designated-init -Wenum-conversion -Wunused -Wno-unused-but-set-variable -Wno-unused-const-variable -Wno-packed-not-aligned -Wno-format-overflow -Wno-format-truncation -Wno-stringop-truncation -Wno-override-init -Wno-missing-field-initializers -Wno-type-limits -Wno-shift-negative-value -Wno-maybe-uninitialized -Wno-sign-compare -Wno-unused-parameter -Wno-attribute-alias -mstack-protector-guard=tls -mstack-protector-guard-offset=1032    -DKBUILD_MODFILE='"io_uring/filetable"' -DKBUILD_BASENAME='"filetable"' -DKBUILD_MODNAME='"filetable"' -D__KBUILD_MODNAME=kmod_filetable -c -o io_uring/filetable.o io_uring/filetable.c  
# CC      crypto/scatterwalk.o
  /workspace/project/buildroot/buildroot-mchp/output/host/bin/arm-buildroot-linux-uclibcgnueabihf-gcc -Wp,-MMD,crypto/.scatterwalk.o.d -nostdinc -I./arch/arm/include -I./arch/arm/include/generated  -I./include -I./arch/arm/include/uapi -I./arch/arm/include/generated/uapi -I./include/uapi -I./include/generated/uapi -include ./include/linux/compiler-version.h -include ./include/linux/kconfig.h -include ./include/linux/compiler_types.h -D__KERNEL__ -mlittle-endian -D__LINUX_ARM_ARCH__=7 -fmacro-prefix-map=./= -std=gnu11 -fshort-wchar -funsigned-char -fno-common -fno-PIE -fno-strict-aliasing -fno-dwarf2-cfi-asm -mno-fdpic -fno-ipa-sra -mtp=cp15 -mabi=aapcs-linux -mfpu=vfp -funwind-tables -marm -Wa,-mno-warn-deprecated -march=armv7-a -msoft-float -Uarm -fno-delete-null-pointer-checks -O2 -fno-allow-store-data-races -fstack-protector-strong -fomit-frame-pointer -ftrivial-auto-var-init=zero -fno-stack-clash-protection -fstrict-flex-arrays=3 -fno-strict-overflow -fno-stack-check -fconserve-stack -fno-builtin-wcslen -fno-builtin-wcslen -Wall -Wextra -Wundef -Werror=implicit-function-declaration -Werror=implicit-int -Werror=return-type -Werror=strict-prototypes -Wno-format-security -Wno-trigraphs -Wno-frame-address -Wno-address-of-packed-member -Wmissing-declarations -Wmissing-prototypes -Wframe-larger-than=1024 -Wno-main -Wno-dangling-pointer -Wvla -Wno-pointer-sign -Wcast-function-type -Wno-array-bounds -Wno-stringop-overflow -Wno-alloc-size-larger-than -Wimplicit-fallthrough=5 -Werror=date-time -Werror=incompatible-pointer-types -Werror=designated-init -Wenum-conversion -Wunused -Wno-unused-but-set-variable -Wno-unused-const-variable -Wno-packed-not-aligned -Wno-format-overflow -Wno-format-truncation -Wno-stringop-truncation -Wno-override-init -Wno-missing-field-initializers -Wno-type-limits -Wno-shift-negative-value -Wno-maybe-uninitialized -Wno-sign-compare -Wno-unused-parameter -Wno-attribute-alias -mstack-protector-guard=tls -mstack-protector-guard-offset=1032    -DKBUILD_MODFILE='"crypto/crypto_algapi"' -DKBUILD_BASENAME='"scatterwalk"' -DKBUILD_MODNAME='"crypto_algapi"' -D__KBUILD_MODNAME=kmod_crypto_algapi -c -o crypto/scatterwalk.o crypto/scatterwalk.c  
# CC      io_uring/rw.o
  /workspace/project/buildroot/buildroot-mchp/output/host/bin/arm-buildroot-linux-uclibcgnueabihf-gcc -Wp,-MMD,io_uring/.rw.o.d -nostdinc -I./arch/arm/include -I./arch/arm/include/generated  -I./include -I./arch/arm/include/uapi -I./arch/arm/include/generated/uapi -I./include/uapi -I./include/generated/uapi -include ./include/linux/compiler-version.h -include ./include/linux/kconfig.h -include ./include/linux/compiler_types.h -D__KERNEL__ -mlittle-endian -D__LINUX_ARM_ARCH__=7 -fmacro-prefix-map=./= -std=gnu11 -fshort-wchar -funsigned-char -fno-common -fno-PIE -fno-strict-aliasing -fno-dwarf2-cfi-asm -mno-fdpic -fno-ipa-sra -mtp=cp15 -mabi=aapcs-linux -mfpu=vfp -funwind-tables -marm -Wa,-mno-warn-deprecated -march=armv7-a -msoft-float -Uarm -fno-delete-null-pointer-checks -O2 -fno-allow-store-data-races -fstack-protector-strong -fomit-frame-pointer -ftrivial-auto-var-init=zero -fno-stack-clash-protection -fstrict-flex-arrays=3 -fno-strict-overflow -fno-stack-check -fconserve-stack -fno-builtin-wcslen -fno-builtin-wcslen -Wall -Wextra -Wundef -Werror=implicit-function-declaration -Werror=implicit-int -Werror=return-type -Werror=strict-prototypes -Wno-format-security -Wno-trigraphs -Wno-frame-address -Wno-address-of-packed-member -Wmissing-declarations -Wmissing-prototypes -Wframe-larger-than=1024 -Wno-main -Wno-dangling-pointer -Wvla -Wno-pointer-sign -Wcast-function-type -Wno-array-bounds -Wno-stringop-overflow -Wno-alloc-size-larger-than -Wimplicit-fallthrough=5 -Werror=date-time -Werror=incompatible-pointer-types -Werror=designated-init -Wenum-conversion -Wunused -Wno-unused-but-set-variable -Wno-unused-const-variable -Wno-packed-not-aligned -Wno-format-overflow -Wno-format-truncation -Wno-stringop-truncation -Wno-override-init -Wno-missing-field-initializers -Wno-type-limits -Wno-shift-negative-value -Wno-maybe-uninitialized -Wno-sign-compare -Wno-unused-parameter -Wno-attribute-alias -mstack-protector-guard=tls -mstack-protector-guard-offset=1032    -DKBUILD_MODFILE='"io_uring/rw"' -DKBUILD_BASENAME='"rw"' -DKBUILD_MODNAME='"rw"' -D__KBUILD_MODNAME=kmod_rw -c -o io_uring/rw.o io_uring/rw.c  
# CC      block/blk-flush.o
  /workspace/project/buildroot/buildroot-mchp/output/host/bin/arm-buildroot-linux-uclibcgnueabihf-gcc -Wp,-MMD,block/.blk-flush.o.d -nostdinc -I./arch/arm/include -I./arch/arm/include/generated  -I./include -I./arch/arm/include/uapi -I./arch/arm/include/generated/uapi -I./include/uapi -I./include/generated/uapi -include ./include/linux/compiler-version.h -include ./include/linux/kconfig.h -include ./include/linux/compiler_types.h -D__KERNEL__ -mlittle-endian -D__LINUX_ARM_ARCH__=7 -fmacro-prefix-map=./= -std=gnu11 -fshort-wchar -funsigned-char -fno-common -fno-PIE -fno-strict-aliasing -fno-dwarf2-cfi-asm -mno-fdpic -fno-ipa-sra -mtp=cp15 -mabi=aapcs-linux -mfpu=vfp -funwind-tables -marm -Wa,-mno-warn-deprecated -march=armv7-a -msoft-float -Uarm -fno-delete-null-pointer-checks -O2 -fno-allow-store-data-races -fstack-protector-strong -fomit-frame-pointer -ftrivial-auto-var-init=zero -fno-stack-clash-protection -fstrict-flex-arrays=3 -fno-strict-overflow -fno-stack-check -fconserve-stack -fno-builtin-wcslen -fno-builtin-wcslen -Wall -Wextra -Wundef -Werror=implicit-function-declaration -Werror=implicit-int -Werror=return-type -Werror=strict-prototypes -Wno-format-security -Wno-trigraphs -Wno-frame-address -Wno-address-of-packed-member -Wmissing-declarations -Wmissing-prototypes -Wframe-larger-than=1024 -Wno-main -Wno-dangling-pointer -Wvla -Wno-pointer-sign -Wcast-function-type -Wno-array-bounds -Wno-stringop-overflow -Wno-alloc-size-larger-than -Wimplicit-fallthrough=5 -Werror=date-time -Werror=incompatible-pointer-types -Werror=designated-init -Wenum-conversion -Wunused -Wno-unused-but-set-variable -Wno-unused-const-variable -Wno-packed-not-aligned -Wno-format-overflow -Wno-format-truncation -Wno-stringop-truncation -Wno-override-init -Wno-missing-field-initializers -Wno-type-limits -Wno-shift-negative-value -Wno-maybe-uninitialized -Wno-sign-compare -Wno-unused-parameter -Wno-attribute-alias -mstack-protector-guard=tls -mstack-protector-guard-offset=1032    -DKBUILD_MODFILE='"block/blk-flush"' -DKBUILD_BASENAME='"blk_flush"' -DKBUILD_MODNAME='"blk_flush"' -D__KBUILD_MODNAME=kmod_blk_flush -c -o block/blk-flush.o block/blk-flush.c  
# CC      block/blk-settings.o
  /workspace/project/buildroot/buildroot-mchp/output/host/bin/arm-buildroot-linux-uclibcgnueabihf-gcc -Wp,-MMD,block/.blk-settings.o.d -nostdinc -I./arch/arm/include -I./arch/arm/include/generated  -I./include -I./arch/arm/include/uapi -I./arch/arm/include/generated/uapi -I./include/uapi -I./include/generated/uapi -include ./include/linux/compiler-version.h -include ./include/linux/kconfig.h -include ./include/linux/compiler_types.h -D__KERNEL__ -mlittle-endian -D__LINUX_ARM_ARCH__=7 -fmacro-prefix-map=./= -std=gnu11 -fshort-wchar -funsigned-char -fno-common -fno-PIE -fno-strict-aliasing -fno-dwarf2-cfi-asm -mno-fdpic -fno-ipa-sra -mtp=cp15 -mabi=aapcs-linux -mfpu=vfp -funwind-tables -marm -Wa,-mno-warn-deprecated -march=armv7-a -msoft-float -Uarm -fno-delete-null-pointer-checks -O2 -fno-allow-store-data-races -fstack-protector-strong -fomit-frame-pointer -ftrivial-auto-var-init=zero -fno-stack-clash-protection -fstrict-flex-arrays=3 -fno-strict-overflow -fno-stack-check -fconserve-stack -fno-builtin-wcslen -fno-builtin-wcslen -Wall -Wextra -Wundef -Werror=implicit-function-declaration -Werror=implicit-int -Werror=return-type -Werror=strict-prototypes -Wno-format-security -Wno-trigraphs -Wno-frame-address -Wno-address-of-packed-member -Wmissing-declarations -Wmissing-prototypes -Wframe-larger-than=1024 -Wno-main -Wno-dangling-pointer -Wvla -Wno-pointer-sign -Wcast-function-type -Wno-array-bounds -Wno-stringop-overflow -Wno-alloc-size-larger-than -Wimplicit-fallthrough=5 -Werror=date-time -Werror=incompatible-pointer-types -Werror=designated-init -Wenum-conversion -Wunused -Wno-unused-but-set-variable -Wno-unused-const-variable -Wno-packed-not-aligned -Wno-format-overflow -Wno-format-truncation -Wno-stringop-truncation -Wno-override-init -Wno-missing-field-initializers -Wno-type-limits -Wno-shift-negative-value -Wno-maybe-uninitialized -Wno-sign-compare -Wno-unused-parameter -Wno-attribute-alias -mstack-protector-guard=tls -mstack-protector-guard-offset=1032    -DKBUILD_MODFILE='"block/blk-settings"' -DKBUILD_BASENAME='"blk_settings"' -DKBUILD_MODNAME='"blk_settings"' -D__KBUILD_MODNAME=kmod_blk_settings -c -o block/blk-settings.o block/blk-settings.c  
# CC      crypto/proc.o
  /workspace/project/buildroot/buildroot-mchp/output/host/bin/arm-buildroot-linux-uclibcgnueabihf-gcc -Wp,-MMD,crypto/.proc.o.d -nostdinc -I./arch/arm/include -I./arch/arm/include/generated  -I./include -I./arch/arm/include/uapi -I./arch/arm/include/generated/uapi -I./include/uapi -I./include/generated/uapi -include ./include/linux/compiler-version.h -include ./include/linux/kconfig.h -include ./include/linux/compiler_types.h -D__KERNEL__ -mlittle-endian -D__LINUX_ARM_ARCH__=7 -fmacro-prefix-map=./= -std=gnu11 -fshort-wchar -funsigned-char -fno-common -fno-PIE -fno-strict-aliasing -fno-dwarf2-cfi-asm -mno-fdpic -fno-ipa-sra -mtp=cp15 -mabi=aapcs-linux -mfpu=vfp -funwind-tables -marm -Wa,-mno-warn-deprecated -march=armv7-a -msoft-float -Uarm -fno-delete-null-pointer-checks -O2 -fno-allow-store-data-races -fstack-protector-strong -fomit-frame-pointer -ftrivial-auto-var-init=zero -fno-stack-clash-protection -fstrict-flex-arrays=3 -fno-strict-overflow -fno-stack-check -fconserve-stack -fno-builtin-wcslen -fno-builtin-wcslen -Wall -Wextra -Wundef -Werror=implicit-function-declaration -Werror=implicit-int -Werror=return-type -Werror=strict-prototypes -Wno-format-security -Wno-trigraphs -Wno-frame-address -Wno-address-of-packed-member -Wmissing-declarations -Wmissing-prototypes -Wframe-larger-than=1024 -Wno-main -Wno-dangling-pointer -Wvla -Wno-pointer-sign -Wcast-function-type -Wno-array-bounds -Wno-stringop-overflow -Wno-alloc-size-larger-than -Wimplicit-fallthrough=5 -Werror=date-time -Werror=incompatible-pointer-types -Werror=designated-init -Wenum-conversion -Wunused -Wno-unused-but-set-variable -Wno-unused-const-variable -Wno-packed-not-aligned -Wno-format-overflow -Wno-format-truncation -Wno-stringop-truncation -Wno-override-init -Wno-missing-field-initializers -Wno-type-limits -Wno-shift-negative-value -Wno-maybe-uninitialized -Wno-sign-compare -Wno-unused-parameter -Wno-attribute-alias -mstack-protector-guard=tls -mstack-protector-guard-offset=1032    -DKBUILD_MODFILE='"crypto/crypto_algapi"' -DKBUILD_BASENAME='"proc"' -DKBUILD_MODNAME='"crypto_algapi"' -D__KBUILD_MODNAME=kmod_crypto_algapi -c -o crypto/proc.o crypto/proc.c  
# CC      crypto/aead.o
  /workspace/project/buildroot/buildroot-mchp/output/host/bin/arm-buildroot-linux-uclibcgnueabihf-gcc -Wp,-MMD,crypto/.aead.o.d -nostdinc -I./arch/arm/include -I./arch/arm/include/generated  -I./include -I./arch/arm/include/uapi -I./arch/arm/include/generated/uapi -I./include/uapi -I./include/generated/uapi -include ./include/linux/compiler-version.h -include ./include/linux/kconfig.h -include ./include/linux/compiler_types.h -D__KERNEL__ -mlittle-endian -D__LINUX_ARM_ARCH__=7 -fmacro-prefix-map=./= -std=gnu11 -fshort-wchar -funsigned-char -fno-common -fno-PIE -fno-strict-aliasing -fno-dwarf2-cfi-asm -mno-fdpic -fno-ipa-sra -mtp=cp15 -mabi=aapcs-linux -mfpu=vfp -funwind-tables -marm -Wa,-mno-warn-deprecated -march=armv7-a -msoft-float -Uarm -fno-delete-null-pointer-checks -O2 -fno-allow-store-data-races -fstack-protector-strong -fomit-frame-pointer -ftrivial-auto-var-init=zero -fno-stack-clash-protection -fstrict-flex-arrays=3 -fno-strict-overflow -fno-stack-check -fconserve-stack -fno-builtin-wcslen -fno-builtin-wcslen -Wall -Wextra -Wundef -Werror=implicit-function-declaration -Werror=implicit-int -Werror=return-type -Werror=strict-prototypes -Wno-format-security -Wno-trigraphs -Wno-frame-address -Wno-address-of-packed-member -Wmissing-declarations -Wmissing-prototypes -Wframe-larger-than=1024 -Wno-main -Wno-dangling-pointer -Wvla -Wno-pointer-sign -Wcast-function-type -Wno-array-bounds -Wno-stringop-overflow -Wno-alloc-size-larger-than -Wimplicit-fallthrough=5 -Werror=date-time -Werror=incompatible-pointer-types -Werror=designated-init -Wenum-conversion -Wunused -Wno-unused-but-set-variable -Wno-unused-const-variable -Wno-packed-not-aligned -Wno-format-overflow -Wno-format-truncation -Wno-stringop-truncation -Wno-override-init -Wno-missing-field-initializers -Wno-type-limits -Wno-shift-negative-value -Wno-maybe-uninitialized -Wno-sign-compare -Wno-unused-parameter -Wno-attribute-alias -mstack-protector-guard=tls -mstack-protector-guard-offset=1032    -DKBUILD_MODFILE='"crypto/aead"' -DKBUILD_BASENAME='"aead"' -DKBUILD_MODNAME='"aead"' -D__KBUILD_MODNAME=kmod_aead -c -o crypto/aead.o crypto/aead.c  
# CC      block/blk-ioc.o
  /workspace/project/buildroot/buildroot-mchp/output/host/bin/arm-buildroot-linux-uclibcgnueabihf-gcc -Wp,-MMD,block/.blk-ioc.o.d -nostdinc -I./arch/arm/include -I./arch/arm/include/generated  -I./include -I./arch/arm/include/uapi -I./arch/arm/include/generated/uapi -I./include/uapi -I./include/generated/uapi -include ./include/linux/compiler-version.h -include ./include/linux/kconfig.h -include ./include/linux/compiler_types.h -D__KERNEL__ -mlittle-endian -D__LINUX_ARM_ARCH__=7 -fmacro-prefix-map=./= -std=gnu11 -fshort-wchar -funsigned-char -fno-common -fno-PIE -fno-strict-aliasing -fno-dwarf2-cfi-asm -mno-fdpic -fno-ipa-sra -mtp=cp15 -mabi=aapcs-linux -mfpu=vfp -funwind-tables -marm -Wa,-mno-warn-deprecated -march=armv7-a -msoft-float -Uarm -fno-delete-null-pointer-checks -O2 -fno-allow-store-data-races -fstack-protector-strong -fomit-frame-pointer -ftrivial-auto-var-init=zero -fno-stack-clash-protection -fstrict-flex-arrays=3 -fno-strict-overflow -fno-stack-check -fconserve-stack -fno-builtin-wcslen -fno-builtin-wcslen -Wall -Wextra -Wundef -Werror=implicit-function-declaration -Werror=implicit-int -Werror=return-type -Werror=strict-prototypes -Wno-format-security -Wno-trigraphs -Wno-frame-address -Wno-address-of-packed-member -Wmissing-declarations -Wmissing-prototypes -Wframe-larger-than=1024 -Wno-main -Wno-dangling-pointer -Wvla -Wno-pointer-sign -Wcast-function-type -Wno-array-bounds -Wno-stringop-overflow -Wno-alloc-size-larger-than -Wimplicit-fallthrough=5 -Werror=date-time -Werror=incompatible-pointer-types -Werror=designated-init -Wenum-conversion -Wunused -Wno-unused-but-set-variable -Wno-unused-const-variable -Wno-packed-not-aligned -Wno-format-overflow -Wno-format-truncation -Wno-stringop-truncation -Wno-override-init -Wno-missing-field-initializers -Wno-type-limits -Wno-shift-negative-value -Wno-maybe-uninitialized -Wno-sign-compare -Wno-unused-parameter -Wno-attribute-alias -mstack-protector-guard=tls -mstack-protector-guard-offset=1032    -DKBUILD_MODFILE='"block/blk-ioc"' -DKBUILD_BASENAME='"blk_ioc"' -DKBUILD_MODNAME='"blk_ioc"' -D__KBUILD_MODNAME=kmod_blk_ioc -c -o block/blk-ioc.o block/blk-ioc.c  
# CC      block/blk-map.o
  /workspace/project/buildroot/buildroot-mchp/output/host/bin/arm-buildroot-linux-uclibcgnueabihf-gcc -Wp,-MMD,block/.blk-map.o.d -nostdinc -I./arch/arm/include -I./arch/arm/include/generated  -I./include -I./arch/arm/include/uapi -I./arch/arm/include/generated/uapi -I./include/uapi -I./include/generated/uapi -include ./include/linux/compiler-version.h -include ./include/linux/kconfig.h -include ./include/linux/compiler_types.h -D__KERNEL__ -mlittle-endian -D__LINUX_ARM_ARCH__=7 -fmacro-prefix-map=./= -std=gnu11 -fshort-wchar -funsigned-char -fno-common -fno-PIE -fno-strict-aliasing -fno-dwarf2-cfi-asm -mno-fdpic -fno-ipa-sra -mtp=cp15 -mabi=aapcs-linux -mfpu=vfp -funwind-tables -marm -Wa,-mno-warn-deprecated -march=armv7-a -msoft-float -Uarm -fno-delete-null-pointer-checks -O2 -fno-allow-store-data-races -fstack-protector-strong -fomit-frame-pointer -ftrivial-auto-var-init=zero -fno-stack-clash-protection -fstrict-flex-arrays=3 -fno-strict-overflow -fno-stack-check -fconserve-stack -fno-builtin-wcslen -fno-builtin-wcslen -Wall -Wextra -Wundef -Werror=implicit-function-declaration -Werror=implicit-int -Werror=return-type -Werror=strict-prototypes -Wno-format-security -Wno-trigraphs -Wno-frame-address -Wno-address-of-packed-member -Wmissing-declarations -Wmissing-prototypes -Wframe-larger-than=1024 -Wno-main -Wno-dangling-pointer -Wvla -Wno-pointer-sign -Wcast-function-type -Wno-array-bounds -Wno-stringop-overflow -Wno-alloc-size-larger-than -Wimplicit-fallthrough=5 -Werror=date-time -Werror=incompatible-pointer-types -Werror=designated-init -Wenum-conversion -Wunused -Wno-unused-but-set-variable -Wno-unused-const-variable -Wno-packed-not-aligned -Wno-format-overflow -Wno-format-truncation -Wno-stringop-truncation -Wno-override-init -Wno-missing-field-initializers -Wno-type-limits -Wno-shift-negative-value -Wno-maybe-uninitialized -Wno-sign-compare -Wno-unused-parameter -Wno-attribute-alias -mstack-protector-guard=tls -mstack-protector-guard-offset=1032    -DKBUILD_MODFILE='"block/blk-map"' -DKBUILD_BASENAME='"blk_map"' -DKBUILD_MODNAME='"blk_map"' -D__KBUILD_MODNAME=kmod_blk_map -c -o block/blk-map.o block/blk-map.c  
# CC      block/blk-merge.o
  /workspace/project/buildroot/buildroot-mchp/output/host/bin/arm-buildroot-linux-uclibcgnueabihf-gcc -Wp,-MMD,block/.blk-merge.o.d -nostdinc -I./arch/arm/include -I./arch/arm/include/generated  -I./include -I./arch/arm/include/uapi -I./arch/arm/include/generated/uapi -I./include/uapi -I./include/generated/uapi -include ./include/linux/compiler-version.h -include ./include/linux/kconfig.h -include ./include/linux/compiler_types.h -D__KERNEL__ -mlittle-endian -D__LINUX_ARM_ARCH__=7 -fmacro-prefix-map=./= -std=gnu11 -fshort-wchar -funsigned-char -fno-common -fno-PIE -fno-strict-aliasing -fno-dwarf2-cfi-asm -mno-fdpic -fno-ipa-sra -mtp=cp15 -mabi=aapcs-linux -mfpu=vfp -funwind-tables -marm -Wa,-mno-warn-deprecated -march=armv7-a -msoft-float -Uarm -fno-delete-null-pointer-checks -O2 -fno-allow-store-data-races -fstack-protector-strong -fomit-frame-pointer -ftrivial-auto-var-init=zero -fno-stack-clash-protection -fstrict-flex-arrays=3 -fno-strict-overflow -fno-stack-check -fconserve-stack -fno-builtin-wcslen -fno-builtin-wcslen -Wall -Wextra -Wundef -Werror=implicit-function-declaration -Werror=implicit-int -Werror=return-type -Werror=strict-prototypes -Wno-format-security -Wno-trigraphs -Wno-frame-address -Wno-address-of-packed-member -Wmissing-declarations -Wmissing-prototypes -Wframe-larger-than=1024 -Wno-main -Wno-dangling-pointer -Wvla -Wno-pointer-sign -Wcast-function-type -Wno-array-bounds -Wno-stringop-overflow -Wno-alloc-size-larger-than -Wimplicit-fallthrough=5 -Werror=date-time -Werror=incompatible-pointer-types -Werror=designated-init -Wenum-conversion -Wunused -Wno-unused-but-set-variable -Wno-unused-const-variable -Wno-packed-not-aligned -Wno-format-overflow -Wno-format-truncation -Wno-stringop-truncation -Wno-override-init -Wno-missing-field-initializers -Wno-type-limits -Wno-shift-negative-value -Wno-maybe-uninitialized -Wno-sign-compare -Wno-unused-parameter -Wno-attribute-alias -mstack-protector-guard=tls -mstack-protector-guard-offset=1032    -DKBUILD_MODFILE='"block/blk-merge"' -DKBUILD_BASENAME='"blk_merge"' -DKBUILD_MODNAME='"blk_merge"' -D__KBUILD_MODNAME=kmod_blk_merge -c -o block/blk-merge.o block/blk-merge.c  
# CC      io_uring/net.o
  /workspace/project/buildroot/buildroot-mchp/output/host/bin/arm-buildroot-linux-uclibcgnueabihf-gcc -Wp,-MMD,io_uring/.net.o.d -nostdinc -I./arch/arm/include -I./arch/arm/include/generated  -I./include -I./arch/arm/include/uapi -I./arch/arm/include/generated/uapi -I./include/uapi -I./include/generated/uapi -include ./include/linux/compiler-version.h -include ./include/linux/kconfig.h -include ./include/linux/compiler_types.h -D__KERNEL__ -mlittle-endian -D__LINUX_ARM_ARCH__=7 -fmacro-prefix-map=./= -std=gnu11 -fshort-wchar -funsigned-char -fno-common -fno-PIE -fno-strict-aliasing -fno-dwarf2-cfi-asm -mno-fdpic -fno-ipa-sra -mtp=cp15 -mabi=aapcs-linux -mfpu=vfp -funwind-tables -marm -Wa,-mno-warn-deprecated -march=armv7-a -msoft-float -Uarm -fno-delete-null-pointer-checks -O2 -fno-allow-store-data-races -fstack-protector-strong -fomit-frame-pointer -ftrivial-auto-var-init=zero -fno-stack-clash-protection -fstrict-flex-arrays=3 -fno-strict-overflow -fno-stack-check -fconserve-stack -fno-builtin-wcslen -fno-builtin-wcslen -Wall -Wextra -Wundef -Werror=implicit-function-declaration -Werror=implicit-int -Werror=return-type -Werror=strict-prototypes -Wno-format-security -Wno-trigraphs -Wno-frame-address -Wno-address-of-packed-member -Wmissing-declarations -Wmissing-prototypes -Wframe-larger-than=1024 -Wno-main -Wno-dangling-pointer -Wvla -Wno-pointer-sign -Wcast-function-type -Wno-array-bounds -Wno-stringop-overflow -Wno-alloc-size-larger-than -Wimplicit-fallthrough=5 -Werror=date-time -Werror=incompatible-pointer-types -Werror=designated-init -Wenum-conversion -Wunused -Wno-unused-but-set-variable -Wno-unused-const-variable -Wno-packed-not-aligned -Wno-format-overflow -Wno-format-truncation -Wno-stringop-truncation -Wno-override-init -Wno-missing-field-initializers -Wno-type-limits -Wno-shift-negative-value -Wno-maybe-uninitialized -Wno-sign-compare -Wno-unused-parameter -Wno-attribute-alias -mstack-protector-guard=tls -mstack-protector-guard-offset=1032    -DKBUILD_MODFILE='"io_uring/net"' -DKBUILD_BASENAME='"net"' -DKBUILD_MODNAME='"net"' -D__KBUILD_MODNAME=kmod_net -c -o io_uring/net.o io_uring/net.c  
# CC      crypto/lskcipher.o
  /workspace/project/buildroot/buildroot-mchp/output/host/bin/arm-buildroot-linux-uclibcgnueabihf-gcc -Wp,-MMD,crypto/.lskcipher.o.d -nostdinc -I./arch/arm/include -I./arch/arm/include/generated  -I./include -I./arch/arm/include/uapi -I./arch/arm/include/generated/uapi -I./include/uapi -I./include/generated/uapi -include ./include/linux/compiler-version.h -include ./include/linux/kconfig.h -include ./include/linux/compiler_types.h -D__KERNEL__ -mlittle-endian -D__LINUX_ARM_ARCH__=7 -fmacro-prefix-map=./= -std=gnu11 -fshort-wchar -funsigned-char -fno-common -fno-PIE -fno-strict-aliasing -fno-dwarf2-cfi-asm -mno-fdpic -fno-ipa-sra -mtp=cp15 -mabi=aapcs-linux -mfpu=vfp -funwind-tables -marm -Wa,-mno-warn-deprecated -march=armv7-a -msoft-float -Uarm -fno-delete-null-pointer-checks -O2 -fno-allow-store-data-races -fstack-protector-strong -fomit-frame-pointer -ftrivial-auto-var-init=zero -fno-stack-clash-protection -fstrict-flex-arrays=3 -fno-strict-overflow -fno-stack-check -fconserve-stack -fno-builtin-wcslen -fno-builtin-wcslen -Wall -Wextra -Wundef -Werror=implicit-function-declaration -Werror=implicit-int -Werror=return-type -Werror=strict-prototypes -Wno-format-security -Wno-trigraphs -Wno-frame-address -Wno-address-of-packed-member -Wmissing-declarations -Wmissing-prototypes -Wframe-larger-than=1024 -Wno-main -Wno-dangling-pointer -Wvla -Wno-pointer-sign -Wcast-function-type -Wno-array-bounds -Wno-stringop-overflow -Wno-alloc-size-larger-than -Wimplicit-fallthrough=5 -Werror=date-time -Werror=incompatible-pointer-types -Werror=designated-init -Wenum-conversion -Wunused -Wno-unused-but-set-variable -Wno-unused-const-variable -Wno-packed-not-aligned -Wno-format-overflow -Wno-format-truncation -Wno-stringop-truncation -Wno-override-init -Wno-missing-field-initializers -Wno-type-limits -Wno-shift-negative-value -Wno-maybe-uninitialized -Wno-sign-compare -Wno-unused-parameter -Wno-attribute-alias -mstack-protector-guard=tls -mstack-protector-guard-offset=1032    -DKBUILD_MODFILE='"crypto/crypto_skcipher"' -DKBUILD_BASENAME='"lskcipher"' -DKBUILD_MODNAME='"crypto_skcipher"' -D__KBUILD_MODNAME=kmod_crypto_skcipher -c -o crypto/lskcipher.o crypto/lskcipher.c  
# CC      block/blk-timeout.o
  /workspace/project/buildroot/buildroot-mchp/output/host/bin/arm-buildroot-linux-uclibcgnueabihf-gcc -Wp,-MMD,block/.blk-timeout.o.d -nostdinc -I./arch/arm/include -I./arch/arm/include/generated  -I./include -I./arch/arm/include/uapi -I./arch/arm/include/generated/uapi -I./include/uapi -I./include/generated/uapi -include ./include/linux/compiler-version.h -include ./include/linux/kconfig.h -include ./include/linux/compiler_types.h -D__KERNEL__ -mlittle-endian -D__LINUX_ARM_ARCH__=7 -fmacro-prefix-map=./= -std=gnu11 -fshort-wchar -funsigned-char -fno-common -fno-PIE -fno-strict-aliasing -fno-dwarf2-cfi-asm -mno-fdpic -fno-ipa-sra -mtp=cp15 -mabi=aapcs-linux -mfpu=vfp -funwind-tables -marm -Wa,-mno-warn-deprecated -march=armv7-a -msoft-float -Uarm -fno-delete-null-pointer-checks -O2 -fno-allow-store-data-races -fstack-protector-strong -fomit-frame-pointer -ftrivial-auto-var-init=zero -fno-stack-clash-protection -fstrict-flex-arrays=3 -fno-strict-overflow -fno-stack-check -fconserve-stack -fno-builtin-wcslen -fno-builtin-wcslen -Wall -Wextra -Wundef -Werror=implicit-function-declaration -Werror=implicit-int -Werror=return-type -Werror=strict-prototypes -Wno-format-security -Wno-trigraphs -Wno-frame-address -Wno-address-of-packed-member -Wmissing-declarations -Wmissing-prototypes -Wframe-larger-than=1024 -Wno-main -Wno-dangling-pointer -Wvla -Wno-pointer-sign -Wcast-function-type -Wno-array-bounds -Wno-stringop-overflow -Wno-alloc-size-larger-than -Wimplicit-fallthrough=5 -Werror=date-time -Werror=incompatible-pointer-types -Werror=designated-init -Wenum-conversion -Wunused -Wno-unused-but-set-variable -Wno-unused-const-variable -Wno-packed-not-aligned -Wno-format-overflow -Wno-format-truncation -Wno-stringop-truncation -Wno-override-init -Wno-missing-field-initializers -Wno-type-limits -Wno-shift-negative-value -Wno-maybe-uninitialized -Wno-sign-compare -Wno-unused-parameter -Wno-attribute-alias -mstack-protector-guard=tls -mstack-protector-guard-offset=1032    -DKBUILD_MODFILE='"block/blk-timeout"' -DKBUILD_BASENAME='"blk_timeout"' -DKBUILD_MODNAME='"blk_timeout"' -D__KBUILD_MODNAME=kmod_blk_timeout -c -o block/blk-timeout.o block/blk-timeout.c  
# CC      io_uring/poll.o
  /workspace/project/buildroot/buildroot-mchp/output/host/bin/arm-buildroot-linux-uclibcgnueabihf-gcc -Wp,-MMD,io_uring/.poll.o.d -nostdinc -I./arch/arm/include -I./arch/arm/include/generated  -I./include -I./arch/arm/include/uapi -I./arch/arm/include/generated/uapi -I./include/uapi -I./include/generated/uapi -include ./include/linux/compiler-version.h -include ./include/linux/kconfig.h -include ./include/linux/compiler_types.h -D__KERNEL__ -mlittle-endian -D__LINUX_ARM_ARCH__=7 -fmacro-prefix-map=./= -std=gnu11 -fshort-wchar -funsigned-char -fno-common -fno-PIE -fno-strict-aliasing -fno-dwarf2-cfi-asm -mno-fdpic -fno-ipa-sra -mtp=cp15 -mabi=aapcs-linux -mfpu=vfp -funwind-tables -marm -Wa,-mno-warn-deprecated -march=armv7-a -msoft-float -Uarm -fno-delete-null-pointer-checks -O2 -fno-allow-store-data-races -fstack-protector-strong -fomit-frame-pointer -ftrivial-auto-var-init=zero -fno-stack-clash-protection -fstrict-flex-arrays=3 -fno-strict-overflow -fno-stack-check -fconserve-stack -fno-builtin-wcslen -fno-builtin-wcslen -Wall -Wextra -Wundef -Werror=implicit-function-declaration -Werror=implicit-int -Werror=return-type -Werror=strict-prototypes -Wno-format-security -Wno-trigraphs -Wno-frame-address -Wno-address-of-packed-member -Wmissing-declarations -Wmissing-prototypes -Wframe-larger-than=1024 -Wno-main -Wno-dangling-pointer -Wvla -Wno-pointer-sign -Wcast-function-type -Wno-array-bounds -Wno-stringop-overflow -Wno-alloc-size-larger-than -Wimplicit-fallthrough=5 -Werror=date-time -Werror=incompatible-pointer-types -Werror=designated-init -Wenum-conversion -Wunused -Wno-unused-but-set-variable -Wno-unused-const-variable -Wno-packed-not-aligned -Wno-format-overflow -Wno-format-truncation -Wno-stringop-truncation -Wno-override-init -Wno-missing-field-initializers -Wno-type-limits -Wno-shift-negative-value -Wno-maybe-uninitialized -Wno-sign-compare -Wno-unused-parameter -Wno-attribute-alias -mstack-protector-guard=tls -mstack-protector-guard-offset=1032    -DKBUILD_MODFILE='"io_uring/poll"' -DKBUILD_BASENAME='"poll"' -DKBUILD_MODNAME='"poll"' -D__KBUILD_MODNAME=kmod_poll -c -o io_uring/poll.o io_uring/poll.c  
# CC      crypto/skcipher.o
  /workspace/project/buildroot/buildroot-mchp/output/host/bin/arm-buildroot-linux-uclibcgnueabihf-gcc -Wp,-MMD,crypto/.skcipher.o.d -nostdinc -I./arch/arm/include -I./arch/arm/include/generated  -I./include -I./arch/arm/include/uapi -I./arch/arm/include/generated/uapi -I./include/uapi -I./include/generated/uapi -include ./include/linux/compiler-version.h -include ./include/linux/kconfig.h -include ./include/linux/compiler_types.h -D__KERNEL__ -mlittle-endian -D__LINUX_ARM_ARCH__=7 -fmacro-prefix-map=./= -std=gnu11 -fshort-wchar -funsigned-char -fno-common -fno-PIE -fno-strict-aliasing -fno-dwarf2-cfi-asm -mno-fdpic -fno-ipa-sra -mtp=cp15 -mabi=aapcs-linux -mfpu=vfp -funwind-tables -marm -Wa,-mno-warn-deprecated -march=armv7-a -msoft-float -Uarm -fno-delete-null-pointer-checks -O2 -fno-allow-store-data-races -fstack-protector-strong -fomit-frame-pointer -ftrivial-auto-var-init=zero -fno-stack-clash-protection -fstrict-flex-arrays=3 -fno-strict-overflow -fno-stack-check -fconserve-stack -fno-builtin-wcslen -fno-builtin-wcslen -Wall -Wextra -Wundef -Werror=implicit-function-declaration -Werror=implicit-int -Werror=return-type -Werror=strict-prototypes -Wno-format-security -Wno-trigraphs -Wno-frame-address -Wno-address-of-packed-member -Wmissing-declarations -Wmissing-prototypes -Wframe-larger-than=1024 -Wno-main -Wno-dangling-pointer -Wvla -Wno-pointer-sign -Wcast-function-type -Wno-array-bounds -Wno-stringop-overflow -Wno-alloc-size-larger-than -Wimplicit-fallthrough=5 -Werror=date-time -Werror=incompatible-pointer-types -Werror=designated-init -Wenum-conversion -Wunused -Wno-unused-but-set-variable -Wno-unused-const-variable -Wno-packed-not-aligned -Wno-format-overflow -Wno-format-truncation -Wno-stringop-truncation -Wno-override-init -Wno-missing-field-initializers -Wno-type-limits -Wno-shift-negative-value -Wno-maybe-uninitialized -Wno-sign-compare -Wno-unused-parameter -Wno-attribute-alias -mstack-protector-guard=tls -mstack-protector-guard-offset=1032    -DKBUILD_MODFILE='"crypto/crypto_skcipher"' -DKBUILD_BASENAME='"skcipher"' -DKBUILD_MODNAME='"crypto_skcipher"' -D__KBUILD_MODNAME=kmod_crypto_skcipher -c -o crypto/skcipher.o crypto/skcipher.c  
# CC      block/blk-lib.o
  /workspace/project/buildroot/buildroot-mchp/output/host/bin/arm-buildroot-linux-uclibcgnueabihf-gcc -Wp,-MMD,block/.blk-lib.o.d -nostdinc -I./arch/arm/include -I./arch/arm/include/generated  -I./include -I./arch/arm/include/uapi -I./arch/arm/include/generated/uapi -I./include/uapi -I./include/generated/uapi -include ./include/linux/compiler-version.h -include ./include/linux/kconfig.h -include ./include/linux/compiler_types.h -D__KERNEL__ -mlittle-endian -D__LINUX_ARM_ARCH__=7 -fmacro-prefix-map=./= -std=gnu11 -fshort-wchar -funsigned-char -fno-common -fno-PIE -fno-strict-aliasing -fno-dwarf2-cfi-asm -mno-fdpic -fno-ipa-sra -mtp=cp15 -mabi=aapcs-linux -mfpu=vfp -funwind-tables -marm -Wa,-mno-warn-deprecated -march=armv7-a -msoft-float -Uarm -fno-delete-null-pointer-checks -O2 -fno-allow-store-data-races -fstack-protector-strong -fomit-frame-pointer -ftrivial-auto-var-init=zero -fno-stack-clash-protection -fstrict-flex-arrays=3 -fno-strict-overflow -fno-stack-check -fconserve-stack -fno-builtin-wcslen -fno-builtin-wcslen -Wall -Wextra -Wundef -Werror=implicit-function-declaration -Werror=implicit-int -Werror=return-type -Werror=strict-prototypes -Wno-format-security -Wno-trigraphs -Wno-frame-address -Wno-address-of-packed-member -Wmissing-declarations -Wmissing-prototypes -Wframe-larger-than=1024 -Wno-main -Wno-dangling-pointer -Wvla -Wno-pointer-sign -Wcast-function-type -Wno-array-bounds -Wno-stringop-overflow -Wno-alloc-size-larger-than -Wimplicit-fallthrough=5 -Werror=date-time -Werror=incompatible-pointer-types -Werror=designated-init -Wenum-conversion -Wunused -Wno-unused-but-set-variable -Wno-unused-const-variable -Wno-packed-not-aligned -Wno-format-overflow -Wno-format-truncation -Wno-stringop-truncation -Wno-override-init -Wno-missing-field-initializers -Wno-type-limits -Wno-shift-negative-value -Wno-maybe-uninitialized -Wno-sign-compare -Wno-unused-parameter -Wno-attribute-alias -mstack-protector-guard=tls -mstack-protector-guard-offset=1032    -DKBUILD_MODFILE='"block/blk-lib"' -DKBUILD_BASENAME='"blk_lib"' -DKBUILD_MODNAME='"blk_lib"' -D__KBUILD_MODNAME=kmod_blk_lib -c -o block/blk-lib.o block/blk-lib.c  
# CC      io_uring/eventfd.o
  /workspace/project/buildroot/buildroot-mchp/output/host/bin/arm-buildroot-linux-uclibcgnueabihf-gcc -Wp,-MMD,io_uring/.eventfd.o.d -nostdinc -I./arch/arm/include -I./arch/arm/include/generated  -I./include -I./arch/arm/include/uapi -I./arch/arm/include/generated/uapi -I./include/uapi -I./include/generated/uapi -include ./include/linux/compiler-version.h -include ./include/linux/kconfig.h -include ./include/linux/compiler_types.h -D__KERNEL__ -mlittle-endian -D__LINUX_ARM_ARCH__=7 -fmacro-prefix-map=./= -std=gnu11 -fshort-wchar -funsigned-char -fno-common -fno-PIE -fno-strict-aliasing -fno-dwarf2-cfi-asm -mno-fdpic -fno-ipa-sra -mtp=cp15 -mabi=aapcs-linux -mfpu=vfp -funwind-tables -marm -Wa,-mno-warn-deprecated -march=armv7-a -msoft-float -Uarm -fno-delete-null-pointer-checks -O2 -fno-allow-store-data-races -fstack-protector-strong -fomit-frame-pointer -ftrivial-auto-var-init=zero -fno-stack-clash-protection -fstrict-flex-arrays=3 -fno-strict-overflow -fno-stack-check -fconserve-stack -fno-builtin-wcslen -fno-builtin-wcslen -Wall -Wextra -Wundef -Werror=implicit-function-declaration -Werror=implicit-int -Werror=return-type -Werror=strict-prototypes -Wno-format-security -Wno-trigraphs -Wno-frame-address -Wno-address-of-packed-member -Wmissing-declarations -Wmissing-prototypes -Wframe-larger-than=1024 -Wno-main -Wno-dangling-pointer -Wvla -Wno-pointer-sign -Wcast-function-type -Wno-array-bounds -Wno-stringop-overflow -Wno-alloc-size-larger-than -Wimplicit-fallthrough=5 -Werror=date-time -Werror=incompatible-pointer-types -Werror=designated-init -Wenum-conversion -Wunused -Wno-unused-but-set-variable -Wno-unused-const-variable -Wno-packed-not-aligned -Wno-format-overflow -Wno-format-truncation -Wno-stringop-truncation -Wno-override-init -Wno-missing-field-initializers -Wno-type-limits -Wno-shift-negative-value -Wno-maybe-uninitialized -Wno-sign-compare -Wno-unused-parameter -Wno-attribute-alias -mstack-protector-guard=tls -mstack-protector-guard-offset=1032    -DKBUILD_MODFILE='"io_uring/eventfd"' -DKBUILD_BASENAME='"eventfd"' -DKBUILD_MODNAME='"eventfd"' -D__KBUILD_MODNAME=kmod_eventfd -c -o io_uring/eventfd.o io_uring/eventfd.c  
# CC      crypto/ahash.o
  /workspace/project/buildroot/buildroot-mchp/output/host/bin/arm-buildroot-linux-uclibcgnueabihf-gcc -Wp,-MMD,crypto/.ahash.o.d -nostdinc -I./arch/arm/include -I./arch/arm/include/generated  -I./include -I./arch/arm/include/uapi -I./arch/arm/include/generated/uapi -I./include/uapi -I./include/generated/uapi -include ./include/linux/compiler-version.h -include ./include/linux/kconfig.h -include ./include/linux/compiler_types.h -D__KERNEL__ -mlittle-endian -D__LINUX_ARM_ARCH__=7 -fmacro-prefix-map=./= -std=gnu11 -fshort-wchar -funsigned-char -fno-common -fno-PIE -fno-strict-aliasing -fno-dwarf2-cfi-asm -mno-fdpic -fno-ipa-sra -mtp=cp15 -mabi=aapcs-linux -mfpu=vfp -funwind-tables -marm -Wa,-mno-warn-deprecated -march=armv7-a -msoft-float -Uarm -fno-delete-null-pointer-checks -O2 -fno-allow-store-data-races -fstack-protector-strong -fomit-frame-pointer -ftrivial-auto-var-init=zero -fno-stack-clash-protection -fstrict-flex-arrays=3 -fno-strict-overflow -fno-stack-check -fconserve-stack -fno-builtin-wcslen -fno-builtin-wcslen -Wall -Wextra -Wundef -Werror=implicit-function-declaration -Werror=implicit-int -Werror=return-type -Werror=strict-prototypes -Wno-format-security -Wno-trigraphs -Wno-frame-address -Wno-address-of-packed-member -Wmissing-declarations -Wmissing-prototypes -Wframe-larger-than=1024 -Wno-main -Wno-dangling-pointer -Wvla -Wno-pointer-sign -Wcast-function-type -Wno-array-bounds -Wno-stringop-overflow -Wno-alloc-size-larger-than -Wimplicit-fallthrough=5 -Werror=date-time -Werror=incompatible-pointer-types -Werror=designated-init -Wenum-conversion -Wunused -Wno-unused-but-set-variable -Wno-unused-const-variable -Wno-packed-not-aligned -Wno-format-overflow -Wno-format-truncation -Wno-stringop-truncation -Wno-override-init -Wno-missing-field-initializers -Wno-type-limits -Wno-shift-negative-value -Wno-maybe-uninitialized -Wno-sign-compare -Wno-unused-parameter -Wno-attribute-alias -mstack-protector-guard=tls -mstack-protector-guard-offset=1032    -DKBUILD_MODFILE='"crypto/crypto_hash"' -DKBUILD_BASENAME='"ahash"' -DKBUILD_MODNAME='"crypto_hash"' -D__KBUILD_MODNAME=kmod_crypto_hash -c -o crypto/ahash.o crypto/ahash.c  
# CC      block/blk-mq.o
  /workspace/project/buildroot/buildroot-mchp/output/host/bin/arm-buildroot-linux-uclibcgnueabihf-gcc -Wp,-MMD,block/.blk-mq.o.d -nostdinc -I./arch/arm/include -I./arch/arm/include/generated  -I./include -I./arch/arm/include/uapi -I./arch/arm/include/generated/uapi -I./include/uapi -I./include/generated/uapi -include ./include/linux/compiler-version.h -include ./include/linux/kconfig.h -include ./include/linux/compiler_types.h -D__KERNEL__ -mlittle-endian -D__LINUX_ARM_ARCH__=7 -fmacro-prefix-map=./= -std=gnu11 -fshort-wchar -funsigned-char -fno-common -fno-PIE -fno-strict-aliasing -fno-dwarf2-cfi-asm -mno-fdpic -fno-ipa-sra -mtp=cp15 -mabi=aapcs-linux -mfpu=vfp -funwind-tables -marm -Wa,-mno-warn-deprecated -march=armv7-a -msoft-float -Uarm -fno-delete-null-pointer-checks -O2 -fno-allow-store-data-races -fstack-protector-strong -fomit-frame-pointer -ftrivial-auto-var-init=zero -fno-stack-clash-protection -fstrict-flex-arrays=3 -fno-strict-overflow -fno-stack-check -fconserve-stack -fno-builtin-wcslen -fno-builtin-wcslen -Wall -Wextra -Wundef -Werror=implicit-function-declaration -Werror=implicit-int -Werror=return-type -Werror=strict-prototypes -Wno-format-security -Wno-trigraphs -Wno-frame-address -Wno-address-of-packed-member -Wmissing-declarations -Wmissing-prototypes -Wframe-larger-than=1024 -Wno-main -Wno-dangling-pointer -Wvla -Wno-pointer-sign -Wcast-function-type -Wno-array-bounds -Wno-stringop-overflow -Wno-alloc-size-larger-than -Wimplicit-fallthrough=5 -Werror=date-time -Werror=incompatible-pointer-types -Werror=designated-init -Wenum-conversion -Wunused -Wno-unused-but-set-variable -Wno-unused-const-variable -Wno-packed-not-aligned -Wno-format-overflow -Wno-format-truncation -Wno-stringop-truncation -Wno-override-init -Wno-missing-field-initializers -Wno-type-limits -Wno-shift-negative-value -Wno-maybe-uninitialized -Wno-sign-compare -Wno-unused-parameter -Wno-attribute-alias -mstack-protector-guard=tls -mstack-protector-guard-offset=1032    -DKBUILD_MODFILE='"block/blk-mq"' -DKBUILD_BASENAME='"blk_mq"' -DKBUILD_MODNAME='"blk_mq"' -D__KBUILD_MODNAME=kmod_blk_mq -c -o block/blk-mq.o block/blk-mq.c  
# CC      io_uring/uring_cmd.o
  /workspace/project/buildroot/buildroot-mchp/output/host/bin/arm-buildroot-linux-uclibcgnueabihf-gcc -Wp,-MMD,io_uring/.uring_cmd.o.d -nostdinc -I./arch/arm/include -I./arch/arm/include/generated  -I./include -I./arch/arm/include/uapi -I./arch/arm/include/generated/uapi -I./include/uapi -I./include/generated/uapi -include ./include/linux/compiler-version.h -include ./include/linux/kconfig.h -include ./include/linux/compiler_types.h -D__KERNEL__ -mlittle-endian -D__LINUX_ARM_ARCH__=7 -fmacro-prefix-map=./= -std=gnu11 -fshort-wchar -funsigned-char -fno-common -fno-PIE -fno-strict-aliasing -fno-dwarf2-cfi-asm -mno-fdpic -fno-ipa-sra -mtp=cp15 -mabi=aapcs-linux -mfpu=vfp -funwind-tables -marm -Wa,-mno-warn-deprecated -march=armv7-a -msoft-float -Uarm -fno-delete-null-pointer-checks -O2 -fno-allow-store-data-races -fstack-protector-strong -fomit-frame-pointer -ftrivial-auto-var-init=zero -fno-stack-clash-protection -fstrict-flex-arrays=3 -fno-strict-overflow -fno-stack-check -fconserve-stack -fno-builtin-wcslen -fno-builtin-wcslen -Wall -Wextra -Wundef -Werror=implicit-function-declaration -Werror=implicit-int -Werror=return-type -Werror=strict-prototypes -Wno-format-security -Wno-trigraphs -Wno-frame-address -Wno-address-of-packed-member -Wmissing-declarations -Wmissing-prototypes -Wframe-larger-than=1024 -Wno-main -Wno-dangling-pointer -Wvla -Wno-pointer-sign -Wcast-function-type -Wno-array-bounds -Wno-stringop-overflow -Wno-alloc-size-larger-than -Wimplicit-fallthrough=5 -Werror=date-time -Werror=incompatible-pointer-types -Werror=designated-init -Wenum-conversion -Wunused -Wno-unused-but-set-variable -Wno-unused-const-variable -Wno-packed-not-aligned -Wno-format-overflow -Wno-format-truncation -Wno-stringop-truncation -Wno-override-init -Wno-missing-field-initializers -Wno-type-limits -Wno-shift-negative-value -Wno-maybe-uninitialized -Wno-sign-compare -Wno-unused-parameter -Wno-attribute-alias -mstack-protector-guard=tls -mstack-protector-guard-offset=1032    -DKBUILD_MODFILE='"io_uring/uring_cmd"' -DKBUILD_BASENAME='"uring_cmd"' -DKBUILD_MODNAME='"uring_cmd"' -D__KBUILD_MODNAME=kmod_uring_cmd -c -o io_uring/uring_cmd.o io_uring/uring_cmd.c  
# CC      block/blk-mq-tag.o
  /workspace/project/buildroot/buildroot-mchp/output/host/bin/arm-buildroot-linux-uclibcgnueabihf-gcc -Wp,-MMD,block/.blk-mq-tag.o.d -nostdinc -I./arch/arm/include -I./arch/arm/include/generated  -I./include -I./arch/arm/include/uapi -I./arch/arm/include/generated/uapi -I./include/uapi -I./include/generated/uapi -include ./include/linux/compiler-version.h -include ./include/linux/kconfig.h -include ./include/linux/compiler_types.h -D__KERNEL__ -mlittle-endian -D__LINUX_ARM_ARCH__=7 -fmacro-prefix-map=./= -std=gnu11 -fshort-wchar -funsigned-char -fno-common -fno-PIE -fno-strict-aliasing -fno-dwarf2-cfi-asm -mno-fdpic -fno-ipa-sra -mtp=cp15 -mabi=aapcs-linux -mfpu=vfp -funwind-tables -marm -Wa,-mno-warn-deprecated -march=armv7-a -msoft-float -Uarm -fno-delete-null-pointer-checks -O2 -fno-allow-store-data-races -fstack-protector-strong -fomit-frame-pointer -ftrivial-auto-var-init=zero -fno-stack-clash-protection -fstrict-flex-arrays=3 -fno-strict-overflow -fno-stack-check -fconserve-stack -fno-builtin-wcslen -fno-builtin-wcslen -Wall -Wextra -Wundef -Werror=implicit-function-declaration -Werror=implicit-int -Werror=return-type -Werror=strict-prototypes -Wno-format-security -Wno-trigraphs -Wno-frame-address -Wno-address-of-packed-member -Wmissing-declarations -Wmissing-prototypes -Wframe-larger-than=1024 -Wno-main -Wno-dangling-pointer -Wvla -Wno-pointer-sign -Wcast-function-type -Wno-array-bounds -Wno-stringop-overflow -Wno-alloc-size-larger-than -Wimplicit-fallthrough=5 -Werror=date-time -Werror=incompatible-pointer-types -Werror=designated-init -Wenum-conversion -Wunused -Wno-unused-but-set-variable -Wno-unused-const-variable -Wno-packed-not-aligned -Wno-format-overflow -Wno-format-truncation -Wno-stringop-truncation -Wno-override-init -Wno-missing-field-initializers -Wno-type-limits -Wno-shift-negative-value -Wno-maybe-uninitialized -Wno-sign-compare -Wno-unused-parameter -Wno-attribute-alias -mstack-protector-guard=tls -mstack-protector-guard-offset=1032    -DKBUILD_MODFILE='"block/blk-mq-tag"' -DKBUILD_BASENAME='"blk_mq_tag"' -DKBUILD_MODNAME='"blk_mq_tag"' -D__KBUILD_MODNAME=kmod_blk_mq_tag -c -o block/blk-mq-tag.o block/blk-mq-tag.c  
# CC      crypto/shash.o
  /workspace/project/buildroot/buildroot-mchp/output/host/bin/arm-buildroot-linux-uclibcgnueabihf-gcc -Wp,-MMD,crypto/.shash.o.d -nostdinc -I./arch/arm/include -I./arch/arm/include/generated  -I./include -I./arch/arm/include/uapi -I./arch/arm/include/generated/uapi -I./include/uapi -I./include/generated/uapi -include ./include/linux/compiler-version.h -include ./include/linux/kconfig.h -include ./include/linux/compiler_types.h -D__KERNEL__ -mlittle-endian -D__LINUX_ARM_ARCH__=7 -fmacro-prefix-map=./= -std=gnu11 -fshort-wchar -funsigned-char -fno-common -fno-PIE -fno-strict-aliasing -fno-dwarf2-cfi-asm -mno-fdpic -fno-ipa-sra -mtp=cp15 -mabi=aapcs-linux -mfpu=vfp -funwind-tables -marm -Wa,-mno-warn-deprecated -march=armv7-a -msoft-float -Uarm -fno-delete-null-pointer-checks -O2 -fno-allow-store-data-races -fstack-protector-strong -fomit-frame-pointer -ftrivial-auto-var-init=zero -fno-stack-clash-protection -fstrict-flex-arrays=3 -fno-strict-overflow -fno-stack-check -fconserve-stack -fno-builtin-wcslen -fno-builtin-wcslen -Wall -Wextra -Wundef -Werror=implicit-function-declaration -Werror=implicit-int -Werror=return-type -Werror=strict-prototypes -Wno-format-security -Wno-trigraphs -Wno-frame-address -Wno-address-of-packed-member -Wmissing-declarations -Wmissing-prototypes -Wframe-larger-than=1024 -Wno-main -Wno-dangling-pointer -Wvla -Wno-pointer-sign -Wcast-function-type -Wno-array-bounds -Wno-stringop-overflow -Wno-alloc-size-larger-than -Wimplicit-fallthrough=5 -Werror=date-time -Werror=incompatible-pointer-types -Werror=designated-init -Wenum-conversion -Wunused -Wno-unused-but-set-variable -Wno-unused-const-variable -Wno-packed-not-aligned -Wno-format-overflow -Wno-format-truncation -Wno-stringop-truncation -Wno-override-init -Wno-missing-field-initializers -Wno-type-limits -Wno-shift-negative-value -Wno-maybe-uninitialized -Wno-sign-compare -Wno-unused-parameter -Wno-attribute-alias -mstack-protector-guard=tls -mstack-protector-guard-offset=1032    -DKBUILD_MODFILE='"crypto/crypto_hash"' -DKBUILD_BASENAME='"shash"' -DKBUILD_MODNAME='"crypto_hash"' -D__KBUILD_MODNAME=kmod_crypto_hash -c -o crypto/shash.o crypto/shash.c  
# CC      block/blk-stat.o
  /workspace/project/buildroot/buildroot-mchp/output/host/bin/arm-buildroot-linux-uclibcgnueabihf-gcc -Wp,-MMD,block/.blk-stat.o.d -nostdinc -I./arch/arm/include -I./arch/arm/include/generated  -I./include -I./arch/arm/include/uapi -I./arch/arm/include/generated/uapi -I./include/uapi -I./include/generated/uapi -include ./include/linux/compiler-version.h -include ./include/linux/kconfig.h -include ./include/linux/compiler_types.h -D__KERNEL__ -mlittle-endian -D__LINUX_ARM_ARCH__=7 -fmacro-prefix-map=./= -std=gnu11 -fshort-wchar -funsigned-char -fno-common -fno-PIE -fno-strict-aliasing -fno-dwarf2-cfi-asm -mno-fdpic -fno-ipa-sra -mtp=cp15 -mabi=aapcs-linux -mfpu=vfp -funwind-tables -marm -Wa,-mno-warn-deprecated -march=armv7-a -msoft-float -Uarm -fno-delete-null-pointer-checks -O2 -fno-allow-store-data-races -fstack-protector-strong -fomit-frame-pointer -ftrivial-auto-var-init=zero -fno-stack-clash-protection -fstrict-flex-arrays=3 -fno-strict-overflow -fno-stack-check -fconserve-stack -fno-builtin-wcslen -fno-builtin-wcslen -Wall -Wextra -Wundef -Werror=implicit-function-declaration -Werror=implicit-int -Werror=return-type -Werror=strict-prototypes -Wno-format-security -Wno-trigraphs -Wno-frame-address -Wno-address-of-packed-member -Wmissing-declarations -Wmissing-prototypes -Wframe-larger-than=1024 -Wno-main -Wno-dangling-pointer -Wvla -Wno-pointer-sign -Wcast-function-type -Wno-array-bounds -Wno-stringop-overflow -Wno-alloc-size-larger-than -Wimplicit-fallthrough=5 -Werror=date-time -Werror=incompatible-pointer-types -Werror=designated-init -Wenum-conversion -Wunused -Wno-unused-but-set-variable -Wno-unused-const-variable -Wno-packed-not-aligned -Wno-format-overflow -Wno-format-truncation -Wno-stringop-truncation -Wno-override-init -Wno-missing-field-initializers -Wno-type-limits -Wno-shift-negative-value -Wno-maybe-uninitialized -Wno-sign-compare -Wno-unused-parameter -Wno-attribute-alias -mstack-protector-guard=tls -mstack-protector-guard-offset=1032    -DKBUILD_MODFILE='"block/blk-stat"' -DKBUILD_BASENAME='"blk_stat"' -DKBUILD_MODNAME='"blk_stat"' -D__KBUILD_MODNAME=kmod_blk_stat -c -o block/blk-stat.o block/blk-stat.c  
# CC      crypto/akcipher.o
  /workspace/project/buildroot/buildroot-mchp/output/host/bin/arm-buildroot-linux-uclibcgnueabihf-gcc -Wp,-MMD,crypto/.akcipher.o.d -nostdinc -I./arch/arm/include -I./arch/arm/include/generated  -I./include -I./arch/arm/include/uapi -I./arch/arm/include/generated/uapi -I./include/uapi -I./include/generated/uapi -include ./include/linux/compiler-version.h -include ./include/linux/kconfig.h -include ./include/linux/compiler_types.h -D__KERNEL__ -mlittle-endian -D__LINUX_ARM_ARCH__=7 -fmacro-prefix-map=./= -std=gnu11 -fshort-wchar -funsigned-char -fno-common -fno-PIE -fno-strict-aliasing -fno-dwarf2-cfi-asm -mno-fdpic -fno-ipa-sra -mtp=cp15 -mabi=aapcs-linux -mfpu=vfp -funwind-tables -marm -Wa,-mno-warn-deprecated -march=armv7-a -msoft-float -Uarm -fno-delete-null-pointer-checks -O2 -fno-allow-store-data-races -fstack-protector-strong -fomit-frame-pointer -ftrivial-auto-var-init=zero -fno-stack-clash-protection -fstrict-flex-arrays=3 -fno-strict-overflow -fno-stack-check -fconserve-stack -fno-builtin-wcslen -fno-builtin-wcslen -Wall -Wextra -Wundef -Werror=implicit-function-declaration -Werror=implicit-int -Werror=return-type -Werror=strict-prototypes -Wno-format-security -Wno-trigraphs -Wno-frame-address -Wno-address-of-packed-member -Wmissing-declarations -Wmissing-prototypes -Wframe-larger-than=1024 -Wno-main -Wno-dangling-pointer -Wvla -Wno-pointer-sign -Wcast-function-type -Wno-array-bounds -Wno-stringop-overflow -Wno-alloc-size-larger-than -Wimplicit-fallthrough=5 -Werror=date-time -Werror=incompatible-pointer-types -Werror=designated-init -Wenum-conversion -Wunused -Wno-unused-but-set-variable -Wno-unused-const-variable -Wno-packed-not-aligned -Wno-format-overflow -Wno-format-truncation -Wno-stringop-truncation -Wno-override-init -Wno-missing-field-initializers -Wno-type-limits -Wno-shift-negative-value -Wno-maybe-uninitialized -Wno-sign-compare -Wno-unused-parameter -Wno-attribute-alias -mstack-protector-guard=tls -mstack-protector-guard-offset=1032    -DKBUILD_MODFILE='"crypto/akcipher"' -DKBUILD_BASENAME='"akcipher"' -DKBUILD_MODNAME='"akcipher"' -D__KBUILD_MODNAME=kmod_akcipher -c -o crypto/akcipher.o crypto/akcipher.c  
# CC      io_uring/openclose.o
  /workspace/project/buildroot/buildroot-mchp/output/host/bin/arm-buildroot-linux-uclibcgnueabihf-gcc -Wp,-MMD,io_uring/.openclose.o.d -nostdinc -I./arch/arm/include -I./arch/arm/include/generated  -I./include -I./arch/arm/include/uapi -I./arch/arm/include/generated/uapi -I./include/uapi -I./include/generated/uapi -include ./include/linux/compiler-version.h -include ./include/linux/kconfig.h -include ./include/linux/compiler_types.h -D__KERNEL__ -mlittle-endian -D__LINUX_ARM_ARCH__=7 -fmacro-prefix-map=./= -std=gnu11 -fshort-wchar -funsigned-char -fno-common -fno-PIE -fno-strict-aliasing -fno-dwarf2-cfi-asm -mno-fdpic -fno-ipa-sra -mtp=cp15 -mabi=aapcs-linux -mfpu=vfp -funwind-tables -marm -Wa,-mno-warn-deprecated -march=armv7-a -msoft-float -Uarm -fno-delete-null-pointer-checks -O2 -fno-allow-store-data-races -fstack-protector-strong -fomit-frame-pointer -ftrivial-auto-var-init=zero -fno-stack-clash-protection -fstrict-flex-arrays=3 -fno-strict-overflow -fno-stack-check -fconserve-stack -fno-builtin-wcslen -fno-builtin-wcslen -Wall -Wextra -Wundef -Werror=implicit-function-declaration -Werror=implicit-int -Werror=return-type -Werror=strict-prototypes -Wno-format-security -Wno-trigraphs -Wno-frame-address -Wno-address-of-packed-member -Wmissing-declarations -Wmissing-prototypes -Wframe-larger-than=1024 -Wno-main -Wno-dangling-pointer -Wvla -Wno-pointer-sign -Wcast-function-type -Wno-array-bounds -Wno-stringop-overflow -Wno-alloc-size-larger-than -Wimplicit-fallthrough=5 -Werror=date-time -Werror=incompatible-pointer-types -Werror=designated-init -Wenum-conversion -Wunused -Wno-unused-but-set-variable -Wno-unused-const-variable -Wno-packed-not-aligned -Wno-format-overflow -Wno-format-truncation -Wno-stringop-truncation -Wno-override-init -Wno-missing-field-initializers -Wno-type-limits -Wno-shift-negative-value -Wno-maybe-uninitialized -Wno-sign-compare -Wno-unused-parameter -Wno-attribute-alias -mstack-protector-guard=tls -mstack-protector-guard-offset=1032    -DKBUILD_MODFILE='"io_uring/openclose"' -DKBUILD_BASENAME='"openclose"' -DKBUILD_MODNAME='"openclose"' -D__KBUILD_MODNAME=kmod_openclose -c -o io_uring/openclose.o io_uring/openclose.c  
# CC      crypto/sig.o
  /workspace/project/buildroot/buildroot-mchp/output/host/bin/arm-buildroot-linux-uclibcgnueabihf-gcc -Wp,-MMD,crypto/.sig.o.d -nostdinc -I./arch/arm/include -I./arch/arm/include/generated  -I./include -I./arch/arm/include/uapi -I./arch/arm/include/generated/uapi -I./include/uapi -I./include/generated/uapi -include ./include/linux/compiler-version.h -include ./include/linux/kconfig.h -include ./include/linux/compiler_types.h -D__KERNEL__ -mlittle-endian -D__LINUX_ARM_ARCH__=7 -fmacro-prefix-map=./= -std=gnu11 -fshort-wchar -funsigned-char -fno-common -fno-PIE -fno-strict-aliasing -fno-dwarf2-cfi-asm -mno-fdpic -fno-ipa-sra -mtp=cp15 -mabi=aapcs-linux -mfpu=vfp -funwind-tables -marm -Wa,-mno-warn-deprecated -march=armv7-a -msoft-float -Uarm -fno-delete-null-pointer-checks -O2 -fno-allow-store-data-races -fstack-protector-strong -fomit-frame-pointer -ftrivial-auto-var-init=zero -fno-stack-clash-protection -fstrict-flex-arrays=3 -fno-strict-overflow -fno-stack-check -fconserve-stack -fno-builtin-wcslen -fno-builtin-wcslen -Wall -Wextra -Wundef -Werror=implicit-function-declaration -Werror=implicit-int -Werror=return-type -Werror=strict-prototypes -Wno-format-security -Wno-trigraphs -Wno-frame-address -Wno-address-of-packed-member -Wmissing-declarations -Wmissing-prototypes -Wframe-larger-than=1024 -Wno-main -Wno-dangling-pointer -Wvla -Wno-pointer-sign -Wcast-function-type -Wno-array-bounds -Wno-stringop-overflow -Wno-alloc-size-larger-than -Wimplicit-fallthrough=5 -Werror=date-time -Werror=incompatible-pointer-types -Werror=designated-init -Wenum-conversion -Wunused -Wno-unused-but-set-variable -Wno-unused-const-variable -Wno-packed-not-aligned -Wno-format-overflow -Wno-format-truncation -Wno-stringop-truncation -Wno-override-init -Wno-missing-field-initializers -Wno-type-limits -Wno-shift-negative-value -Wno-maybe-uninitialized -Wno-sign-compare -Wno-unused-parameter -Wno-attribute-alias -mstack-protector-guard=tls -mstack-protector-guard-offset=1032    -DKBUILD_MODFILE='"crypto/sig"' -DKBUILD_BASENAME='"sig"' -DKBUILD_MODNAME='"sig"' -D__KBUILD_MODNAME=kmod_sig -c -o crypto/sig.o crypto/sig.c  
# CC      block/blk-mq-sysfs.o
  /workspace/project/buildroot/buildroot-mchp/output/host/bin/arm-buildroot-linux-uclibcgnueabihf-gcc -Wp,-MMD,block/.blk-mq-sysfs.o.d -nostdinc -I./arch/arm/include -I./arch/arm/include/generated  -I./include -I./arch/arm/include/uapi -I./arch/arm/include/generated/uapi -I./include/uapi -I./include/generated/uapi -include ./include/linux/compiler-version.h -include ./include/linux/kconfig.h -include ./include/linux/compiler_types.h -D__KERNEL__ -mlittle-endian -D__LINUX_ARM_ARCH__=7 -fmacro-prefix-map=./= -std=gnu11 -fshort-wchar -funsigned-char -fno-common -fno-PIE -fno-strict-aliasing -fno-dwarf2-cfi-asm -mno-fdpic -fno-ipa-sra -mtp=cp15 -mabi=aapcs-linux -mfpu=vfp -funwind-tables -marm -Wa,-mno-warn-deprecated -march=armv7-a -msoft-float -Uarm -fno-delete-null-pointer-checks -O2 -fno-allow-store-data-races -fstack-protector-strong -fomit-frame-pointer -ftrivial-auto-var-init=zero -fno-stack-clash-protection -fstrict-flex-arrays=3 -fno-strict-overflow -fno-stack-check -fconserve-stack -fno-builtin-wcslen -fno-builtin-wcslen -Wall -Wextra -Wundef -Werror=implicit-function-declaration -Werror=implicit-int -Werror=return-type -Werror=strict-prototypes -Wno-format-security -Wno-trigraphs -Wno-frame-address -Wno-address-of-packed-member -Wmissing-declarations -Wmissing-prototypes -Wframe-larger-than=1024 -Wno-main -Wno-dangling-pointer -Wvla -Wno-pointer-sign -Wcast-function-type -Wno-array-bounds -Wno-stringop-overflow -Wno-alloc-size-larger-than -Wimplicit-fallthrough=5 -Werror=date-time -Werror=incompatible-pointer-types -Werror=designated-init -Wenum-conversion -Wunused -Wno-unused-but-set-variable -Wno-unused-const-variable -Wno-packed-not-aligned -Wno-format-overflow -Wno-format-truncation -Wno-stringop-truncation -Wno-override-init -Wno-missing-field-initializers -Wno-type-limits -Wno-shift-negative-value -Wno-maybe-uninitialized -Wno-sign-compare -Wno-unused-parameter -Wno-attribute-alias -mstack-protector-guard=tls -mstack-protector-guard-offset=1032    -DKBUILD_MODFILE='"block/blk-mq-sysfs"' -DKBUILD_BASENAME='"blk_mq_sysfs"' -DKBUILD_MODNAME='"blk_mq_sysfs"' -D__KBUILD_MODNAME=kmod_blk_mq_sysfs -c -o block/blk-mq-sysfs.o block/blk-mq-sysfs.c  
# CC      crypto/kpp.o
  /workspace/project/buildroot/buildroot-mchp/output/host/bin/arm-buildroot-linux-uclibcgnueabihf-gcc -Wp,-MMD,crypto/.kpp.o.d -nostdinc -I./arch/arm/include -I./arch/arm/include/generated  -I./include -I./arch/arm/include/uapi -I./arch/arm/include/generated/uapi -I./include/uapi -I./include/generated/uapi -include ./include/linux/compiler-version.h -include ./include/linux/kconfig.h -include ./include/linux/compiler_types.h -D__KERNEL__ -mlittle-endian -D__LINUX_ARM_ARCH__=7 -fmacro-prefix-map=./= -std=gnu11 -fshort-wchar -funsigned-char -fno-common -fno-PIE -fno-strict-aliasing -fno-dwarf2-cfi-asm -mno-fdpic -fno-ipa-sra -mtp=cp15 -mabi=aapcs-linux -mfpu=vfp -funwind-tables -marm -Wa,-mno-warn-deprecated -march=armv7-a -msoft-float -Uarm -fno-delete-null-pointer-checks -O2 -fno-allow-store-data-races -fstack-protector-strong -fomit-frame-pointer -ftrivial-auto-var-init=zero -fno-stack-clash-protection -fstrict-flex-arrays=3 -fno-strict-overflow -fno-stack-check -fconserve-stack -fno-builtin-wcslen -fno-builtin-wcslen -Wall -Wextra -Wundef -Werror=implicit-function-declaration -Werror=implicit-int -Werror=return-type -Werror=strict-prototypes -Wno-format-security -Wno-trigraphs -Wno-frame-address -Wno-address-of-packed-member -Wmissing-declarations -Wmissing-prototypes -Wframe-larger-than=1024 -Wno-main -Wno-dangling-pointer -Wvla -Wno-pointer-sign -Wcast-function-type -Wno-array-bounds -Wno-stringop-overflow -Wno-alloc-size-larger-than -Wimplicit-fallthrough=5 -Werror=date-time -Werror=incompatible-pointer-types -Werror=designated-init -Wenum-conversion -Wunused -Wno-unused-but-set-variable -Wno-unused-const-variable -Wno-packed-not-aligned -Wno-format-overflow -Wno-format-truncation -Wno-stringop-truncation -Wno-override-init -Wno-missing-field-initializers -Wno-type-limits -Wno-shift-negative-value -Wno-maybe-uninitialized -Wno-sign-compare -Wno-unused-parameter -Wno-attribute-alias -mstack-protector-guard=tls -mstack-protector-guard-offset=1032    -DKBUILD_MODFILE='"crypto/kpp"' -DKBUILD_BASENAME='"kpp"' -DKBUILD_MODNAME='"kpp"' -D__KBUILD_MODNAME=kmod_kpp -c -o crypto/kpp.o crypto/kpp.c  
# CC      io_uring/sqpoll.o
  /workspace/project/buildroot/buildroot-mchp/output/host/bin/arm-buildroot-linux-uclibcgnueabihf-gcc -Wp,-MMD,io_uring/.sqpoll.o.d -nostdinc -I./arch/arm/include -I./arch/arm/include/generated  -I./include -I./arch/arm/include/uapi -I./arch/arm/include/generated/uapi -I./include/uapi -I./include/generated/uapi -include ./include/linux/compiler-version.h -include ./include/linux/kconfig.h -include ./include/linux/compiler_types.h -D__KERNEL__ -mlittle-endian -D__LINUX_ARM_ARCH__=7 -fmacro-prefix-map=./= -std=gnu11 -fshort-wchar -funsigned-char -fno-common -fno-PIE -fno-strict-aliasing -fno-dwarf2-cfi-asm -mno-fdpic -fno-ipa-sra -mtp=cp15 -mabi=aapcs-linux -mfpu=vfp -funwind-tables -marm -Wa,-mno-warn-deprecated -march=armv7-a -msoft-float -Uarm -fno-delete-null-pointer-checks -O2 -fno-allow-store-data-races -fstack-protector-strong -fomit-frame-pointer -ftrivial-auto-var-init=zero -fno-stack-clash-protection -fstrict-flex-arrays=3 -fno-strict-overflow -fno-stack-check -fconserve-stack -fno-builtin-wcslen -fno-builtin-wcslen -Wall -Wextra -Wundef -Werror=implicit-function-declaration -Werror=implicit-int -Werror=return-type -Werror=strict-prototypes -Wno-format-security -Wno-trigraphs -Wno-frame-address -Wno-address-of-packed-member -Wmissing-declarations -Wmissing-prototypes -Wframe-larger-than=1024 -Wno-main -Wno-dangling-pointer -Wvla -Wno-pointer-sign -Wcast-function-type -Wno-array-bounds -Wno-stringop-overflow -Wno-alloc-size-larger-than -Wimplicit-fallthrough=5 -Werror=date-time -Werror=incompatible-pointer-types -Werror=designated-init -Wenum-conversion -Wunused -Wno-unused-but-set-variable -Wno-unused-const-variable -Wno-packed-not-aligned -Wno-format-overflow -Wno-format-truncation -Wno-stringop-truncation -Wno-override-init -Wno-missing-field-initializers -Wno-type-limits -Wno-shift-negative-value -Wno-maybe-uninitialized -Wno-sign-compare -Wno-unused-parameter -Wno-attribute-alias -mstack-protector-guard=tls -mstack-protector-guard-offset=1032    -DKBUILD_MODFILE='"io_uring/sqpoll"' -DKBUILD_BASENAME='"sqpoll"' -DKBUILD_MODNAME='"sqpoll"' -D__KBUILD_MODNAME=kmod_sqpoll -c -o io_uring/sqpoll.o io_uring/sqpoll.c  
# CC      block/blk-mq-cpumap.o
  /workspace/project/buildroot/buildroot-mchp/output/host/bin/arm-buildroot-linux-uclibcgnueabihf-gcc -Wp,-MMD,block/.blk-mq-cpumap.o.d -nostdinc -I./arch/arm/include -I./arch/arm/include/generated  -I./include -I./arch/arm/include/uapi -I./arch/arm/include/generated/uapi -I./include/uapi -I./include/generated/uapi -include ./include/linux/compiler-version.h -include ./include/linux/kconfig.h -include ./include/linux/compiler_types.h -D__KERNEL__ -mlittle-endian -D__LINUX_ARM_ARCH__=7 -fmacro-prefix-map=./= -std=gnu11 -fshort-wchar -funsigned-char -fno-common -fno-PIE -fno-strict-aliasing -fno-dwarf2-cfi-asm -mno-fdpic -fno-ipa-sra -mtp=cp15 -mabi=aapcs-linux -mfpu=vfp -funwind-tables -marm -Wa,-mno-warn-deprecated -march=armv7-a -msoft-float -Uarm -fno-delete-null-pointer-checks -O2 -fno-allow-store-data-races -fstack-protector-strong -fomit-frame-pointer -ftrivial-auto-var-init=zero -fno-stack-clash-protection -fstrict-flex-arrays=3 -fno-strict-overflow -fno-stack-check -fconserve-stack -fno-builtin-wcslen -fno-builtin-wcslen -Wall -Wextra -Wundef -Werror=implicit-function-declaration -Werror=implicit-int -Werror=return-type -Werror=strict-prototypes -Wno-format-security -Wno-trigraphs -Wno-frame-address -Wno-address-of-packed-member -Wmissing-declarations -Wmissing-prototypes -Wframe-larger-than=1024 -Wno-main -Wno-dangling-pointer -Wvla -Wno-pointer-sign -Wcast-function-type -Wno-array-bounds -Wno-stringop-overflow -Wno-alloc-size-larger-than -Wimplicit-fallthrough=5 -Werror=date-time -Werror=incompatible-pointer-types -Werror=designated-init -Wenum-conversion -Wunused -Wno-unused-but-set-variable -Wno-unused-const-variable -Wno-packed-not-aligned -Wno-format-overflow -Wno-format-truncation -Wno-stringop-truncation -Wno-override-init -Wno-missing-field-initializers -Wno-type-limits -Wno-shift-negative-value -Wno-maybe-uninitialized -Wno-sign-compare -Wno-unused-parameter -Wno-attribute-alias -mstack-protector-guard=tls -mstack-protector-guard-offset=1032    -DKBUILD_MODFILE='"block/blk-mq-cpumap"' -DKBUILD_BASENAME='"blk_mq_cpumap"' -DKBUILD_MODNAME='"blk_mq_cpumap"' -D__KBUILD_MODNAME=kmod_blk_mq_cpumap -c -o block/blk-mq-cpumap.o block/blk-mq-cpumap.c  
# CC      block/blk-mq-sched.o
  /workspace/project/buildroot/buildroot-mchp/output/host/bin/arm-buildroot-linux-uclibcgnueabihf-gcc -Wp,-MMD,block/.blk-mq-sched.o.d -nostdinc -I./arch/arm/include -I./arch/arm/include/generated  -I./include -I./arch/arm/include/uapi -I./arch/arm/include/generated/uapi -I./include/uapi -I./include/generated/uapi -include ./include/linux/compiler-version.h -include ./include/linux/kconfig.h -include ./include/linux/compiler_types.h -D__KERNEL__ -mlittle-endian -D__LINUX_ARM_ARCH__=7 -fmacro-prefix-map=./= -std=gnu11 -fshort-wchar -funsigned-char -fno-common -fno-PIE -fno-strict-aliasing -fno-dwarf2-cfi-asm -mno-fdpic -fno-ipa-sra -mtp=cp15 -mabi=aapcs-linux -mfpu=vfp -funwind-tables -marm -Wa,-mno-warn-deprecated -march=armv7-a -msoft-float -Uarm -fno-delete-null-pointer-checks -O2 -fno-allow-store-data-races -fstack-protector-strong -fomit-frame-pointer -ftrivial-auto-var-init=zero -fno-stack-clash-protection -fstrict-flex-arrays=3 -fno-strict-overflow -fno-stack-check -fconserve-stack -fno-builtin-wcslen -fno-builtin-wcslen -Wall -Wextra -Wundef -Werror=implicit-function-declaration -Werror=implicit-int -Werror=return-type -Werror=strict-prototypes -Wno-format-security -Wno-trigraphs -Wno-frame-address -Wno-address-of-packed-member -Wmissing-declarations -Wmissing-prototypes -Wframe-larger-than=1024 -Wno-main -Wno-dangling-pointer -Wvla -Wno-pointer-sign -Wcast-function-type -Wno-array-bounds -Wno-stringop-overflow -Wno-alloc-size-larger-than -Wimplicit-fallthrough=5 -Werror=date-time -Werror=incompatible-pointer-types -Werror=designated-init -Wenum-conversion -Wunused -Wno-unused-but-set-variable -Wno-unused-const-variable -Wno-packed-not-aligned -Wno-format-overflow -Wno-format-truncation -Wno-stringop-truncation -Wno-override-init -Wno-missing-field-initializers -Wno-type-limits -Wno-shift-negative-value -Wno-maybe-uninitialized -Wno-sign-compare -Wno-unused-parameter -Wno-attribute-alias -mstack-protector-guard=tls -mstack-protector-guard-offset=1032    -DKBUILD_MODFILE='"block/blk-mq-sched"' -DKBUILD_BASENAME='"blk_mq_sched"' -DKBUILD_MODNAME='"blk_mq_sched"' -D__KBUILD_MODNAME=kmod_blk_mq_sched -c -o block/blk-mq-sched.o block/blk-mq-sched.c  
# CC      block/ioctl.o
  /workspace/project/buildroot/buildroot-mchp/output/host/bin/arm-buildroot-linux-uclibcgnueabihf-gcc -Wp,-MMD,block/.ioctl.o.d -nostdinc -I./arch/arm/include -I./arch/arm/include/generated  -I./include -I./arch/arm/include/uapi -I./arch/arm/include/generated/uapi -I./include/uapi -I./include/generated/uapi -include ./include/linux/compiler-version.h -include ./include/linux/kconfig.h -include ./include/linux/compiler_types.h -D__KERNEL__ -mlittle-endian -D__LINUX_ARM_ARCH__=7 -fmacro-prefix-map=./= -std=gnu11 -fshort-wchar -funsigned-char -fno-common -fno-PIE -fno-strict-aliasing -fno-dwarf2-cfi-asm -mno-fdpic -fno-ipa-sra -mtp=cp15 -mabi=aapcs-linux -mfpu=vfp -funwind-tables -marm -Wa,-mno-warn-deprecated -march=armv7-a -msoft-float -Uarm -fno-delete-null-pointer-checks -O2 -fno-allow-store-data-races -fstack-protector-strong -fomit-frame-pointer -ftrivial-auto-var-init=zero -fno-stack-clash-protection -fstrict-flex-arrays=3 -fno-strict-overflow -fno-stack-check -fconserve-stack -fno-builtin-wcslen -fno-builtin-wcslen -Wall -Wextra -Wundef -Werror=implicit-function-declaration -Werror=implicit-int -Werror=return-type -Werror=strict-prototypes -Wno-format-security -Wno-trigraphs -Wno-frame-address -Wno-address-of-packed-member -Wmissing-declarations -Wmissing-prototypes -Wframe-larger-than=1024 -Wno-main -Wno-dangling-pointer -Wvla -Wno-pointer-sign -Wcast-function-type -Wno-array-bounds -Wno-stringop-overflow -Wno-alloc-size-larger-than -Wimplicit-fallthrough=5 -Werror=date-time -Werror=incompatible-pointer-types -Werror=designated-init -Wenum-conversion -Wunused -Wno-unused-but-set-variable -Wno-unused-const-variable -Wno-packed-not-aligned -Wno-format-overflow -Wno-format-truncation -Wno-stringop-truncation -Wno-override-init -Wno-missing-field-initializers -Wno-type-limits -Wno-shift-negative-value -Wno-maybe-uninitialized -Wno-sign-compare -Wno-unused-parameter -Wno-attribute-alias -mstack-protector-guard=tls -mstack-protector-guard-offset=1032    -DKBUILD_MODFILE='"block/ioctl"' -DKBUILD_BASENAME='"ioctl"' -DKBUILD_MODNAME='"ioctl"' -D__KBUILD_MODNAME=kmod_ioctl -c -o block/ioctl.o block/ioctl.c  
# ASN.1   crypto/rsapubkey.asn1.[ch]
  ./scripts/asn1_compiler crypto/rsapubkey.asn1 crypto/rsapubkey.asn1.c crypto/rsapubkey.asn1.h
Extracted 16 tokens
Extracted 1 types
Extracted 2 actions
Pass 1
Pass 2
# CC      io_uring/xattr.o
  /workspace/project/buildroot/buildroot-mchp/output/host/bin/arm-buildroot-linux-uclibcgnueabihf-gcc -Wp,-MMD,io_uring/.xattr.o.d -nostdinc -I./arch/arm/include -I./arch/arm/include/generated  -I./include -I./arch/arm/include/uapi -I./arch/arm/include/generated/uapi -I./include/uapi -I./include/generated/uapi -include ./include/linux/compiler-version.h -include ./include/linux/kconfig.h -include ./include/linux/compiler_types.h -D__KERNEL__ -mlittle-endian -D__LINUX_ARM_ARCH__=7 -fmacro-prefix-map=./= -std=gnu11 -fshort-wchar -funsigned-char -fno-common -fno-PIE -fno-strict-aliasing -fno-dwarf2-cfi-asm -mno-fdpic -fno-ipa-sra -mtp=cp15 -mabi=aapcs-linux -mfpu=vfp -funwind-tables -marm -Wa,-mno-warn-deprecated -march=armv7-a -msoft-float -Uarm -fno-delete-null-pointer-checks -O2 -fno-allow-store-data-races -fstack-protector-strong -fomit-frame-pointer -ftrivial-auto-var-init=zero -fno-stack-clash-protection -fstrict-flex-arrays=3 -fno-strict-overflow -fno-stack-check -fconserve-stack -fno-builtin-wcslen -fno-builtin-wcslen -Wall -Wextra -Wundef -Werror=implicit-function-declaration -Werror=implicit-int -Werror=return-type -Werror=strict-prototypes -Wno-format-security -Wno-trigraphs -Wno-frame-address -Wno-address-of-packed-member -Wmissing-declarations -Wmissing-prototypes -Wframe-larger-than=1024 -Wno-main -Wno-dangling-pointer -Wvla -Wno-pointer-sign -Wcast-function-type -Wno-array-bounds -Wno-stringop-overflow -Wno-alloc-size-larger-than -Wimplicit-fallthrough=5 -Werror=date-time -Werror=incompatible-pointer-types -Werror=designated-init -Wenum-conversion -Wunused -Wno-unused-but-set-variable -Wno-unused-const-variable -Wno-packed-not-aligned -Wno-format-overflow -Wno-format-truncation -Wno-stringop-truncation -Wno-override-init -Wno-missing-field-initializers -Wno-type-limits -Wno-shift-negative-value -Wno-maybe-uninitialized -Wno-sign-compare -Wno-unused-parameter -Wno-attribute-alias -mstack-protector-guard=tls -mstack-protector-guard-offset=1032    -DKBUILD_MODFILE='"io_uring/xattr"' -DKBUILD_BASENAME='"xattr"' -DKBUILD_MODNAME='"xattr"' -D__KBUILD_MODNAME=kmod_xattr -c -o io_uring/xattr.o io_uring/xattr.c  
# ASN.1   crypto/rsaprivkey.asn1.[ch]
  ./scripts/asn1_compiler crypto/rsaprivkey.asn1 crypto/rsaprivkey.asn1.c crypto/rsaprivkey.asn1.h
Extracted 55 tokens
Extracted 1 types
Extracted 8 actions
Pass 1
Pass 2
# CC      crypto/rsa.o
  /workspace/project/buildroot/buildroot-mchp/output/host/bin/arm-buildroot-linux-uclibcgnueabihf-gcc -Wp,-MMD,crypto/.rsa.o.d -nostdinc -I./arch/arm/include -I./arch/arm/include/generated  -I./include -I./arch/arm/include/uapi -I./arch/arm/include/generated/uapi -I./include/uapi -I./include/generated/uapi -include ./include/linux/compiler-version.h -include ./include/linux/kconfig.h -include ./include/linux/compiler_types.h -D__KERNEL__ -mlittle-endian -D__LINUX_ARM_ARCH__=7 -fmacro-prefix-map=./= -std=gnu11 -fshort-wchar -funsigned-char -fno-common -fno-PIE -fno-strict-aliasing -fno-dwarf2-cfi-asm -mno-fdpic -fno-ipa-sra -mtp=cp15 -mabi=aapcs-linux -mfpu=vfp -funwind-tables -marm -Wa,-mno-warn-deprecated -march=armv7-a -msoft-float -Uarm -fno-delete-null-pointer-checks -O2 -fno-allow-store-data-races -fstack-protector-strong -fomit-frame-pointer -ftrivial-auto-var-init=zero -fno-stack-clash-protection -fstrict-flex-arrays=3 -fno-strict-overflow -fno-stack-check -fconserve-stack -fno-builtin-wcslen -fno-builtin-wcslen -Wall -Wextra -Wundef -Werror=implicit-function-declaration -Werror=implicit-int -Werror=return-type -Werror=strict-prototypes -Wno-format-security -Wno-trigraphs -Wno-frame-address -Wno-address-of-packed-member -Wmissing-declarations -Wmissing-prototypes -Wframe-larger-than=1024 -Wno-main -Wno-dangling-pointer -Wvla -Wno-pointer-sign -Wcast-function-type -Wno-array-bounds -Wno-stringop-overflow -Wno-alloc-size-larger-than -Wimplicit-fallthrough=5 -Werror=date-time -Werror=incompatible-pointer-types -Werror=designated-init -Wenum-conversion -Wunused -Wno-unused-but-set-variable -Wno-unused-const-variable -Wno-packed-not-aligned -Wno-format-overflow -Wno-format-truncation -Wno-stringop-truncation -Wno-override-init -Wno-missing-field-initializers -Wno-type-limits -Wno-shift-negative-value -Wno-maybe-uninitialized -Wno-sign-compare -Wno-unused-parameter -Wno-attribute-alias -mstack-protector-guard=tls -mstack-protector-guard-offset=1032    -DKBUILD_MODFILE='"crypto/rsa_generic"' -DKBUILD_BASENAME='"rsa"' -DKBUILD_MODNAME='"rsa_generic"' -D__KBUILD_MODNAME=kmod_rsa_generic -c -o crypto/rsa.o crypto/rsa.c  
# CC      crypto/rsa_helper.o
  /workspace/project/buildroot/buildroot-mchp/output/host/bin/arm-buildroot-linux-uclibcgnueabihf-gcc -Wp,-MMD,crypto/.rsa_helper.o.d -nostdinc -I./arch/arm/include -I./arch/arm/include/generated  -I./include -I./arch/arm/include/uapi -I./arch/arm/include/generated/uapi -I./include/uapi -I./include/generated/uapi -include ./include/linux/compiler-version.h -include ./include/linux/kconfig.h -include ./include/linux/compiler_types.h -D__KERNEL__ -mlittle-endian -D__LINUX_ARM_ARCH__=7 -fmacro-prefix-map=./= -std=gnu11 -fshort-wchar -funsigned-char -fno-common -fno-PIE -fno-strict-aliasing -fno-dwarf2-cfi-asm -mno-fdpic -fno-ipa-sra -mtp=cp15 -mabi=aapcs-linux -mfpu=vfp -funwind-tables -marm -Wa,-mno-warn-deprecated -march=armv7-a -msoft-float -Uarm -fno-delete-null-pointer-checks -O2 -fno-allow-store-data-races -fstack-protector-strong -fomit-frame-pointer -ftrivial-auto-var-init=zero -fno-stack-clash-protection -fstrict-flex-arrays=3 -fno-strict-overflow -fno-stack-check -fconserve-stack -fno-builtin-wcslen -fno-builtin-wcslen -Wall -Wextra -Wundef -Werror=implicit-function-declaration -Werror=implicit-int -Werror=return-type -Werror=strict-prototypes -Wno-format-security -Wno-trigraphs -Wno-frame-address -Wno-address-of-packed-member -Wmissing-declarations -Wmissing-prototypes -Wframe-larger-than=1024 -Wno-main -Wno-dangling-pointer -Wvla -Wno-pointer-sign -Wcast-function-type -Wno-array-bounds -Wno-stringop-overflow -Wno-alloc-size-larger-than -Wimplicit-fallthrough=5 -Werror=date-time -Werror=incompatible-pointer-types -Werror=designated-init -Wenum-conversion -Wunused -Wno-unused-but-set-variable -Wno-unused-const-variable -Wno-packed-not-aligned -Wno-format-overflow -Wno-format-truncation -Wno-stringop-truncation -Wno-override-init -Wno-missing-field-initializers -Wno-type-limits -Wno-shift-negative-value -Wno-maybe-uninitialized -Wno-sign-compare -Wno-unused-parameter -Wno-attribute-alias -mstack-protector-guard=tls -mstack-protector-guard-offset=1032    -DKBUILD_MODFILE='"crypto/rsa_generic"' -DKBUILD_BASENAME='"rsa_helper"' -DKBUILD_MODNAME='"rsa_generic"' -D__KBUILD_MODNAME=kmod_rsa_generic -c -o crypto/rsa_helper.o crypto/rsa_helper.c  
# CC      io_uring/nop.o
  /workspace/project/buildroot/buildroot-mchp/output/host/bin/arm-buildroot-linux-uclibcgnueabihf-gcc -Wp,-MMD,io_uring/.nop.o.d -nostdinc -I./arch/arm/include -I./arch/arm/include/generated  -I./include -I./arch/arm/include/uapi -I./arch/arm/include/generated/uapi -I./include/uapi -I./include/generated/uapi -include ./include/linux/compiler-version.h -include ./include/linux/kconfig.h -include ./include/linux/compiler_types.h -D__KERNEL__ -mlittle-endian -D__LINUX_ARM_ARCH__=7 -fmacro-prefix-map=./= -std=gnu11 -fshort-wchar -funsigned-char -fno-common -fno-PIE -fno-strict-aliasing -fno-dwarf2-cfi-asm -mno-fdpic -fno-ipa-sra -mtp=cp15 -mabi=aapcs-linux -mfpu=vfp -funwind-tables -marm -Wa,-mno-warn-deprecated -march=armv7-a -msoft-float -Uarm -fno-delete-null-pointer-checks -O2 -fno-allow-store-data-races -fstack-protector-strong -fomit-frame-pointer -ftrivial-auto-var-init=zero -fno-stack-clash-protection -fstrict-flex-arrays=3 -fno-strict-overflow -fno-stack-check -fconserve-stack -fno-builtin-wcslen -fno-builtin-wcslen -Wall -Wextra -Wundef -Werror=implicit-function-declaration -Werror=implicit-int -Werror=return-type -Werror=strict-prototypes -Wno-format-security -Wno-trigraphs -Wno-frame-address -Wno-address-of-packed-member -Wmissing-declarations -Wmissing-prototypes -Wframe-larger-than=1024 -Wno-main -Wno-dangling-pointer -Wvla -Wno-pointer-sign -Wcast-function-type -Wno-array-bounds -Wno-stringop-overflow -Wno-alloc-size-larger-than -Wimplicit-fallthrough=5 -Werror=date-time -Werror=incompatible-pointer-types -Werror=designated-init -Wenum-conversion -Wunused -Wno-unused-but-set-variable -Wno-unused-const-variable -Wno-packed-not-aligned -Wno-format-overflow -Wno-format-truncation -Wno-stringop-truncation -Wno-override-init -Wno-missing-field-initializers -Wno-type-limits -Wno-shift-negative-value -Wno-maybe-uninitialized -Wno-sign-compare -Wno-unused-parameter -Wno-attribute-alias -mstack-protector-guard=tls -mstack-protector-guard-offset=1032    -DKBUILD_MODFILE='"io_uring/nop"' -DKBUILD_BASENAME='"nop"' -DKBUILD_MODNAME='"nop"' -D__KBUILD_MODNAME=kmod_nop -c -o io_uring/nop.o io_uring/nop.c  
# CC      crypto/rsa-pkcs1pad.o
  /workspace/project/buildroot/buildroot-mchp/output/host/bin/arm-buildroot-linux-uclibcgnueabihf-gcc -Wp,-MMD,crypto/.rsa-pkcs1pad.o.d -nostdinc -I./arch/arm/include -I./arch/arm/include/generated  -I./include -I./arch/arm/include/uapi -I./arch/arm/include/generated/uapi -I./include/uapi -I./include/generated/uapi -include ./include/linux/compiler-version.h -include ./include/linux/kconfig.h -include ./include/linux/compiler_types.h -D__KERNEL__ -mlittle-endian -D__LINUX_ARM_ARCH__=7 -fmacro-prefix-map=./= -std=gnu11 -fshort-wchar -funsigned-char -fno-common -fno-PIE -fno-strict-aliasing -fno-dwarf2-cfi-asm -mno-fdpic -fno-ipa-sra -mtp=cp15 -mabi=aapcs-linux -mfpu=vfp -funwind-tables -marm -Wa,-mno-warn-deprecated -march=armv7-a -msoft-float -Uarm -fno-delete-null-pointer-checks -O2 -fno-allow-store-data-races -fstack-protector-strong -fomit-frame-pointer -ftrivial-auto-var-init=zero -fno-stack-clash-protection -fstrict-flex-arrays=3 -fno-strict-overflow -fno-stack-check -fconserve-stack -fno-builtin-wcslen -fno-builtin-wcslen -Wall -Wextra -Wundef -Werror=implicit-function-declaration -Werror=implicit-int -Werror=return-type -Werror=strict-prototypes -Wno-format-security -Wno-trigraphs -Wno-frame-address -Wno-address-of-packed-member -Wmissing-declarations -Wmissing-prototypes -Wframe-larger-than=1024 -Wno-main -Wno-dangling-pointer -Wvla -Wno-pointer-sign -Wcast-function-type -Wno-array-bounds -Wno-stringop-overflow -Wno-alloc-size-larger-than -Wimplicit-fallthrough=5 -Werror=date-time -Werror=incompatible-pointer-types -Werror=designated-init -Wenum-conversion -Wunused -Wno-unused-but-set-variable -Wno-unused-const-variable -Wno-packed-not-aligned -Wno-format-overflow -Wno-format-truncation -Wno-stringop-truncation -Wno-override-init -Wno-missing-field-initializers -Wno-type-limits -Wno-shift-negative-value -Wno-maybe-uninitialized -Wno-sign-compare -Wno-unused-parameter -Wno-attribute-alias -mstack-protector-guard=tls -mstack-protector-guard-offset=1032    -DKBUILD_MODFILE='"crypto/rsa_generic"' -DKBUILD_BASENAME='"rsa_pkcs1pad"' -DKBUILD_MODNAME='"rsa_generic"' -D__KBUILD_MODNAME=kmod_rsa_generic -c -o crypto/rsa-pkcs1pad.o crypto/rsa-pkcs1pad.c  
# CC      crypto/acompress.o
  /workspace/project/buildroot/buildroot-mchp/output/host/bin/arm-buildroot-linux-uclibcgnueabihf-gcc -Wp,-MMD,crypto/.acompress.o.d -nostdinc -I./arch/arm/include -I./arch/arm/include/generated  -I./include -I./arch/arm/include/uapi -I./arch/arm/include/generated/uapi -I./include/uapi -I./include/generated/uapi -include ./include/linux/compiler-version.h -include ./include/linux/kconfig.h -include ./include/linux/compiler_types.h -D__KERNEL__ -mlittle-endian -D__LINUX_ARM_ARCH__=7 -fmacro-prefix-map=./= -std=gnu11 -fshort-wchar -funsigned-char -fno-common -fno-PIE -fno-strict-aliasing -fno-dwarf2-cfi-asm -mno-fdpic -fno-ipa-sra -mtp=cp15 -mabi=aapcs-linux -mfpu=vfp -funwind-tables -marm -Wa,-mno-warn-deprecated -march=armv7-a -msoft-float -Uarm -fno-delete-null-pointer-checks -O2 -fno-allow-store-data-races -fstack-protector-strong -fomit-frame-pointer -ftrivial-auto-var-init=zero -fno-stack-clash-protection -fstrict-flex-arrays=3 -fno-strict-overflow -fno-stack-check -fconserve-stack -fno-builtin-wcslen -fno-builtin-wcslen -Wall -Wextra -Wundef -Werror=implicit-function-declaration -Werror=implicit-int -Werror=return-type -Werror=strict-prototypes -Wno-format-security -Wno-trigraphs -Wno-frame-address -Wno-address-of-packed-member -Wmissing-declarations -Wmissing-prototypes -Wframe-larger-than=1024 -Wno-main -Wno-dangling-pointer -Wvla -Wno-pointer-sign -Wcast-function-type -Wno-array-bounds -Wno-stringop-overflow -Wno-alloc-size-larger-than -Wimplicit-fallthrough=5 -Werror=date-time -Werror=incompatible-pointer-types -Werror=designated-init -Wenum-conversion -Wunused -Wno-unused-but-set-variable -Wno-unused-const-variable -Wno-packed-not-aligned -Wno-format-overflow -Wno-format-truncation -Wno-stringop-truncation -Wno-override-init -Wno-missing-field-initializers -Wno-type-limits -Wno-shift-negative-value -Wno-maybe-uninitialized -Wno-sign-compare -Wno-unused-parameter -Wno-attribute-alias -mstack-protector-guard=tls -mstack-protector-guard-offset=1032    -DKBUILD_MODFILE='"crypto/crypto_acompress"' -DKBUILD_BASENAME='"acompress"' -DKBUILD_MODNAME='"crypto_acompress"' -D__KBUILD_MODNAME=kmod_crypto_acompress -c -o crypto/acompress.o crypto/acompress.c  
# CC      io_uring/fs.o
  /workspace/project/buildroot/buildroot-mchp/output/host/bin/arm-buildroot-linux-uclibcgnueabihf-gcc -Wp,-MMD,io_uring/.fs.o.d -nostdinc -I./arch/arm/include -I./arch/arm/include/generated  -I./include -I./arch/arm/include/uapi -I./arch/arm/include/generated/uapi -I./include/uapi -I./include/generated/uapi -include ./include/linux/compiler-version.h -include ./include/linux/kconfig.h -include ./include/linux/compiler_types.h -D__KERNEL__ -mlittle-endian -D__LINUX_ARM_ARCH__=7 -fmacro-prefix-map=./= -std=gnu11 -fshort-wchar -funsigned-char -fno-common -fno-PIE -fno-strict-aliasing -fno-dwarf2-cfi-asm -mno-fdpic -fno-ipa-sra -mtp=cp15 -mabi=aapcs-linux -mfpu=vfp -funwind-tables -marm -Wa,-mno-warn-deprecated -march=armv7-a -msoft-float -Uarm -fno-delete-null-pointer-checks -O2 -fno-allow-store-data-races -fstack-protector-strong -fomit-frame-pointer -ftrivial-auto-var-init=zero -fno-stack-clash-protection -fstrict-flex-arrays=3 -fno-strict-overflow -fno-stack-check -fconserve-stack -fno-builtin-wcslen -fno-builtin-wcslen -Wall -Wextra -Wundef -Werror=implicit-function-declaration -Werror=implicit-int -Werror=return-type -Werror=strict-prototypes -Wno-format-security -Wno-trigraphs -Wno-frame-address -Wno-address-of-packed-member -Wmissing-declarations -Wmissing-prototypes -Wframe-larger-than=1024 -Wno-main -Wno-dangling-pointer -Wvla -Wno-pointer-sign -Wcast-function-type -Wno-array-bounds -Wno-stringop-overflow -Wno-alloc-size-larger-than -Wimplicit-fallthrough=5 -Werror=date-time -Werror=incompatible-pointer-types -Werror=designated-init -Wenum-conversion -Wunused -Wno-unused-but-set-variable -Wno-unused-const-variable -Wno-packed-not-aligned -Wno-format-overflow -Wno-format-truncation -Wno-stringop-truncation -Wno-override-init -Wno-missing-field-initializers -Wno-type-limits -Wno-shift-negative-value -Wno-maybe-uninitialized -Wno-sign-compare -Wno-unused-parameter -Wno-attribute-alias -mstack-protector-guard=tls -mstack-protector-guard-offset=1032    -DKBUILD_MODFILE='"io_uring/fs"' -DKBUILD_BASENAME='"fs"' -DKBUILD_MODNAME='"fs"' -D__KBUILD_MODNAME=kmod_fs -c -o io_uring/fs.o io_uring/fs.c  
# CC      block/genhd.o
  /workspace/project/buildroot/buildroot-mchp/output/host/bin/arm-buildroot-linux-uclibcgnueabihf-gcc -Wp,-MMD,block/.genhd.o.d -nostdinc -I./arch/arm/include -I./arch/arm/include/generated  -I./include -I./arch/arm/include/uapi -I./arch/arm/include/generated/uapi -I./include/uapi -I./include/generated/uapi -include ./include/linux/compiler-version.h -include ./include/linux/kconfig.h -include ./include/linux/compiler_types.h -D__KERNEL__ -mlittle-endian -D__LINUX_ARM_ARCH__=7 -fmacro-prefix-map=./= -std=gnu11 -fshort-wchar -funsigned-char -fno-common -fno-PIE -fno-strict-aliasing -fno-dwarf2-cfi-asm -mno-fdpic -fno-ipa-sra -mtp=cp15 -mabi=aapcs-linux -mfpu=vfp -funwind-tables -marm -Wa,-mno-warn-deprecated -march=armv7-a -msoft-float -Uarm -fno-delete-null-pointer-checks -O2 -fno-allow-store-data-races -fstack-protector-strong -fomit-frame-pointer -ftrivial-auto-var-init=zero -fno-stack-clash-protection -fstrict-flex-arrays=3 -fno-strict-overflow -fno-stack-check -fconserve-stack -fno-builtin-wcslen -fno-builtin-wcslen -Wall -Wextra -Wundef -Werror=implicit-function-declaration -Werror=implicit-int -Werror=return-type -Werror=strict-prototypes -Wno-format-security -Wno-trigraphs -Wno-frame-address -Wno-address-of-packed-member -Wmissing-declarations -Wmissing-prototypes -Wframe-larger-than=1024 -Wno-main -Wno-dangling-pointer -Wvla -Wno-pointer-sign -Wcast-function-type -Wno-array-bounds -Wno-stringop-overflow -Wno-alloc-size-larger-than -Wimplicit-fallthrough=5 -Werror=date-time -Werror=incompatible-pointer-types -Werror=designated-init -Wenum-conversion -Wunused -Wno-unused-but-set-variable -Wno-unused-const-variable -Wno-packed-not-aligned -Wno-format-overflow -Wno-format-truncation -Wno-stringop-truncation -Wno-override-init -Wno-missing-field-initializers -Wno-type-limits -Wno-shift-negative-value -Wno-maybe-uninitialized -Wno-sign-compare -Wno-unused-parameter -Wno-attribute-alias -mstack-protector-guard=tls -mstack-protector-guard-offset=1032    -DKBUILD_MODFILE='"block/genhd"' -DKBUILD_BASENAME='"genhd"' -DKBUILD_MODNAME='"genhd"' -D__KBUILD_MODNAME=kmod_genhd -c -o block/genhd.o block/genhd.c  
# CC      io_uring/splice.o
  /workspace/project/buildroot/buildroot-mchp/output/host/bin/arm-buildroot-linux-uclibcgnueabihf-gcc -Wp,-MMD,io_uring/.splice.o.d -nostdinc -I./arch/arm/include -I./arch/arm/include/generated  -I./include -I./arch/arm/include/uapi -I./arch/arm/include/generated/uapi -I./include/uapi -I./include/generated/uapi -include ./include/linux/compiler-version.h -include ./include/linux/kconfig.h -include ./include/linux/compiler_types.h -D__KERNEL__ -mlittle-endian -D__LINUX_ARM_ARCH__=7 -fmacro-prefix-map=./= -std=gnu11 -fshort-wchar -funsigned-char -fno-common -fno-PIE -fno-strict-aliasing -fno-dwarf2-cfi-asm -mno-fdpic -fno-ipa-sra -mtp=cp15 -mabi=aapcs-linux -mfpu=vfp -funwind-tables -marm -Wa,-mno-warn-deprecated -march=armv7-a -msoft-float -Uarm -fno-delete-null-pointer-checks -O2 -fno-allow-store-data-races -fstack-protector-strong -fomit-frame-pointer -ftrivial-auto-var-init=zero -fno-stack-clash-protection -fstrict-flex-arrays=3 -fno-strict-overflow -fno-stack-check -fconserve-stack -fno-builtin-wcslen -fno-builtin-wcslen -Wall -Wextra -Wundef -Werror=implicit-function-declaration -Werror=implicit-int -Werror=return-type -Werror=strict-prototypes -Wno-format-security -Wno-trigraphs -Wno-frame-address -Wno-address-of-packed-member -Wmissing-declarations -Wmissing-prototypes -Wframe-larger-than=1024 -Wno-main -Wno-dangling-pointer -Wvla -Wno-pointer-sign -Wcast-function-type -Wno-array-bounds -Wno-stringop-overflow -Wno-alloc-size-larger-than -Wimplicit-fallthrough=5 -Werror=date-time -Werror=incompatible-pointer-types -Werror=designated-init -Wenum-conversion -Wunused -Wno-unused-but-set-variable -Wno-unused-const-variable -Wno-packed-not-aligned -Wno-format-overflow -Wno-format-truncation -Wno-stringop-truncation -Wno-override-init -Wno-missing-field-initializers -Wno-type-limits -Wno-shift-negative-value -Wno-maybe-uninitialized -Wno-sign-compare -Wno-unused-parameter -Wno-attribute-alias -mstack-protector-guard=tls -mstack-protector-guard-offset=1032    -DKBUILD_MODFILE='"io_uring/splice"' -DKBUILD_BASENAME='"splice"' -DKBUILD_MODNAME='"splice"' -D__KBUILD_MODNAME=kmod_splice -c -o io_uring/splice.o io_uring/splice.c  
# CC      crypto/scompress.o
  /workspace/project/buildroot/buildroot-mchp/output/host/bin/arm-buildroot-linux-uclibcgnueabihf-gcc -Wp,-MMD,crypto/.scompress.o.d -nostdinc -I./arch/arm/include -I./arch/arm/include/generated  -I./include -I./arch/arm/include/uapi -I./arch/arm/include/generated/uapi -I./include/uapi -I./include/generated/uapi -include ./include/linux/compiler-version.h -include ./include/linux/kconfig.h -include ./include/linux/compiler_types.h -D__KERNEL__ -mlittle-endian -D__LINUX_ARM_ARCH__=7 -fmacro-prefix-map=./= -std=gnu11 -fshort-wchar -funsigned-char -fno-common -fno-PIE -fno-strict-aliasing -fno-dwarf2-cfi-asm -mno-fdpic -fno-ipa-sra -mtp=cp15 -mabi=aapcs-linux -mfpu=vfp -funwind-tables -marm -Wa,-mno-warn-deprecated -march=armv7-a -msoft-float -Uarm -fno-delete-null-pointer-checks -O2 -fno-allow-store-data-races -fstack-protector-strong -fomit-frame-pointer -ftrivial-auto-var-init=zero -fno-stack-clash-protection -fstrict-flex-arrays=3 -fno-strict-overflow -fno-stack-check -fconserve-stack -fno-builtin-wcslen -fno-builtin-wcslen -Wall -Wextra -Wundef -Werror=implicit-function-declaration -Werror=implicit-int -Werror=return-type -Werror=strict-prototypes -Wno-format-security -Wno-trigraphs -Wno-frame-address -Wno-address-of-packed-member -Wmissing-declarations -Wmissing-prototypes -Wframe-larger-than=1024 -Wno-main -Wno-dangling-pointer -Wvla -Wno-pointer-sign -Wcast-function-type -Wno-array-bounds -Wno-stringop-overflow -Wno-alloc-size-larger-than -Wimplicit-fallthrough=5 -Werror=date-time -Werror=incompatible-pointer-types -Werror=designated-init -Wenum-conversion -Wunused -Wno-unused-but-set-variable -Wno-unused-const-variable -Wno-packed-not-aligned -Wno-format-overflow -Wno-format-truncation -Wno-stringop-truncation -Wno-override-init -Wno-missing-field-initializers -Wno-type-limits -Wno-shift-negative-value -Wno-maybe-uninitialized -Wno-sign-compare -Wno-unused-parameter -Wno-attribute-alias -mstack-protector-guard=tls -mstack-protector-guard-offset=1032    -DKBUILD_MODFILE='"crypto/crypto_acompress"' -DKBUILD_BASENAME='"scompress"' -DKBUILD_MODNAME='"crypto_acompress"' -D__KBUILD_MODNAME=kmod_crypto_acompress -c -o crypto/scompress.o crypto/scompress.c  
# CC      crypto/algboss.o
  /workspace/project/buildroot/buildroot-mchp/output/host/bin/arm-buildroot-linux-uclibcgnueabihf-gcc -Wp,-MMD,crypto/.algboss.o.d -nostdinc -I./arch/arm/include -I./arch/arm/include/generated  -I./include -I./arch/arm/include/uapi -I./arch/arm/include/generated/uapi -I./include/uapi -I./include/generated/uapi -include ./include/linux/compiler-version.h -include ./include/linux/kconfig.h -include ./include/linux/compiler_types.h -D__KERNEL__ -mlittle-endian -D__LINUX_ARM_ARCH__=7 -fmacro-prefix-map=./= -std=gnu11 -fshort-wchar -funsigned-char -fno-common -fno-PIE -fno-strict-aliasing -fno-dwarf2-cfi-asm -mno-fdpic -fno-ipa-sra -mtp=cp15 -mabi=aapcs-linux -mfpu=vfp -funwind-tables -marm -Wa,-mno-warn-deprecated -march=armv7-a -msoft-float -Uarm -fno-delete-null-pointer-checks -O2 -fno-allow-store-data-races -fstack-protector-strong -fomit-frame-pointer -ftrivial-auto-var-init=zero -fno-stack-clash-protection -fstrict-flex-arrays=3 -fno-strict-overflow -fno-stack-check -fconserve-stack -fno-builtin-wcslen -fno-builtin-wcslen -Wall -Wextra -Wundef -Werror=implicit-function-declaration -Werror=implicit-int -Werror=return-type -Werror=strict-prototypes -Wno-format-security -Wno-trigraphs -Wno-frame-address -Wno-address-of-packed-member -Wmissing-declarations -Wmissing-prototypes -Wframe-larger-than=1024 -Wno-main -Wno-dangling-pointer -Wvla -Wno-pointer-sign -Wcast-function-type -Wno-array-bounds -Wno-stringop-overflow -Wno-alloc-size-larger-than -Wimplicit-fallthrough=5 -Werror=date-time -Werror=incompatible-pointer-types -Werror=designated-init -Wenum-conversion -Wunused -Wno-unused-but-set-variable -Wno-unused-const-variable -Wno-packed-not-aligned -Wno-format-overflow -Wno-format-truncation -Wno-stringop-truncation -Wno-override-init -Wno-missing-field-initializers -Wno-type-limits -Wno-shift-negative-value -Wno-maybe-uninitialized -Wno-sign-compare -Wno-unused-parameter -Wno-attribute-alias -mstack-protector-guard=tls -mstack-protector-guard-offset=1032    -DKBUILD_MODFILE='"crypto/cryptomgr"' -DKBUILD_BASENAME='"algboss"' -DKBUILD_MODNAME='"cryptomgr"' -D__KBUILD_MODNAME=kmod_cryptomgr -c -o crypto/algboss.o crypto/algboss.c  
# CC      crypto/testmgr.o
  /workspace/project/buildroot/buildroot-mchp/output/host/bin/arm-buildroot-linux-uclibcgnueabihf-gcc -Wp,-MMD,crypto/.testmgr.o.d -nostdinc -I./arch/arm/include -I./arch/arm/include/generated  -I./include -I./arch/arm/include/uapi -I./arch/arm/include/generated/uapi -I./include/uapi -I./include/generated/uapi -include ./include/linux/compiler-version.h -include ./include/linux/kconfig.h -include ./include/linux/compiler_types.h -D__KERNEL__ -mlittle-endian -D__LINUX_ARM_ARCH__=7 -fmacro-prefix-map=./= -std=gnu11 -fshort-wchar -funsigned-char -fno-common -fno-PIE -fno-strict-aliasing -fno-dwarf2-cfi-asm -mno-fdpic -fno-ipa-sra -mtp=cp15 -mabi=aapcs-linux -mfpu=vfp -funwind-tables -marm -Wa,-mno-warn-deprecated -march=armv7-a -msoft-float -Uarm -fno-delete-null-pointer-checks -O2 -fno-allow-store-data-races -fstack-protector-strong -fomit-frame-pointer -ftrivial-auto-var-init=zero -fno-stack-clash-protection -fstrict-flex-arrays=3 -fno-strict-overflow -fno-stack-check -fconserve-stack -fno-builtin-wcslen -fno-builtin-wcslen -Wall -Wextra -Wundef -Werror=implicit-function-declaration -Werror=implicit-int -Werror=return-type -Werror=strict-prototypes -Wno-format-security -Wno-trigraphs -Wno-frame-address -Wno-address-of-packed-member -Wmissing-declarations -Wmissing-prototypes -Wframe-larger-than=1024 -Wno-main -Wno-dangling-pointer -Wvla -Wno-pointer-sign -Wcast-function-type -Wno-array-bounds -Wno-stringop-overflow -Wno-alloc-size-larger-than -Wimplicit-fallthrough=5 -Werror=date-time -Werror=incompatible-pointer-types -Werror=designated-init -Wenum-conversion -Wunused -Wno-unused-but-set-variable -Wno-unused-const-variable -Wno-packed-not-aligned -Wno-format-overflow -Wno-format-truncation -Wno-stringop-truncation -Wno-override-init -Wno-missing-field-initializers -Wno-type-limits -Wno-shift-negative-value -Wno-maybe-uninitialized -Wno-sign-compare -Wno-unused-parameter -Wno-attribute-alias -mstack-protector-guard=tls -mstack-protector-guard-offset=1032    -DKBUILD_MODFILE='"crypto/cryptomgr"' -DKBUILD_BASENAME='"testmgr"' -DKBUILD_MODNAME='"cryptomgr"' -D__KBUILD_MODNAME=kmod_cryptomgr -c -o crypto/testmgr.o crypto/testmgr.c  
# CC      io_uring/sync.o
  /workspace/project/buildroot/buildroot-mchp/output/host/bin/arm-buildroot-linux-uclibcgnueabihf-gcc -Wp,-MMD,io_uring/.sync.o.d -nostdinc -I./arch/arm/include -I./arch/arm/include/generated  -I./include -I./arch/arm/include/uapi -I./arch/arm/include/generated/uapi -I./include/uapi -I./include/generated/uapi -include ./include/linux/compiler-version.h -include ./include/linux/kconfig.h -include ./include/linux/compiler_types.h -D__KERNEL__ -mlittle-endian -D__LINUX_ARM_ARCH__=7 -fmacro-prefix-map=./= -std=gnu11 -fshort-wchar -funsigned-char -fno-common -fno-PIE -fno-strict-aliasing -fno-dwarf2-cfi-asm -mno-fdpic -fno-ipa-sra -mtp=cp15 -mabi=aapcs-linux -mfpu=vfp -funwind-tables -marm -Wa,-mno-warn-deprecated -march=armv7-a -msoft-float -Uarm -fno-delete-null-pointer-checks -O2 -fno-allow-store-data-races -fstack-protector-strong -fomit-frame-pointer -ftrivial-auto-var-init=zero -fno-stack-clash-protection -fstrict-flex-arrays=3 -fno-strict-overflow -fno-stack-check -fconserve-stack -fno-builtin-wcslen -fno-builtin-wcslen -Wall -Wextra -Wundef -Werror=implicit-function-declaration -Werror=implicit-int -Werror=return-type -Werror=strict-prototypes -Wno-format-security -Wno-trigraphs -Wno-frame-address -Wno-address-of-packed-member -Wmissing-declarations -Wmissing-prototypes -Wframe-larger-than=1024 -Wno-main -Wno-dangling-pointer -Wvla -Wno-pointer-sign -Wcast-function-type -Wno-array-bounds -Wno-stringop-overflow -Wno-alloc-size-larger-than -Wimplicit-fallthrough=5 -Werror=date-time -Werror=incompatible-pointer-types -Werror=designated-init -Wenum-conversion -Wunused -Wno-unused-but-set-variable -Wno-unused-const-variable -Wno-packed-not-aligned -Wno-format-overflow -Wno-format-truncation -Wno-stringop-truncation -Wno-override-init -Wno-missing-field-initializers -Wno-type-limits -Wno-shift-negative-value -Wno-maybe-uninitialized -Wno-sign-compare -Wno-unused-parameter -Wno-attribute-alias -mstack-protector-guard=tls -mstack-protector-guard-offset=1032    -DKBUILD_MODFILE='"io_uring/sync"' -DKBUILD_BASENAME='"sync"' -DKBUILD_MODNAME='"sync"' -D__KBUILD_MODNAME=kmod_sync -c -o io_uring/sync.o io_uring/sync.c  
# CC      block/ioprio.o
  /workspace/project/buildroot/buildroot-mchp/output/host/bin/arm-buildroot-linux-uclibcgnueabihf-gcc -Wp,-MMD,block/.ioprio.o.d -nostdinc -I./arch/arm/include -I./arch/arm/include/generated  -I./include -I./arch/arm/include/uapi -I./arch/arm/include/generated/uapi -I./include/uapi -I./include/generated/uapi -include ./include/linux/compiler-version.h -include ./include/linux/kconfig.h -include ./include/linux/compiler_types.h -D__KERNEL__ -mlittle-endian -D__LINUX_ARM_ARCH__=7 -fmacro-prefix-map=./= -std=gnu11 -fshort-wchar -funsigned-char -fno-common -fno-PIE -fno-strict-aliasing -fno-dwarf2-cfi-asm -mno-fdpic -fno-ipa-sra -mtp=cp15 -mabi=aapcs-linux -mfpu=vfp -funwind-tables -marm -Wa,-mno-warn-deprecated -march=armv7-a -msoft-float -Uarm -fno-delete-null-pointer-checks -O2 -fno-allow-store-data-races -fstack-protector-strong -fomit-frame-pointer -ftrivial-auto-var-init=zero -fno-stack-clash-protection -fstrict-flex-arrays=3 -fno-strict-overflow -fno-stack-check -fconserve-stack -fno-builtin-wcslen -fno-builtin-wcslen -Wall -Wextra -Wundef -Werror=implicit-function-declaration -Werror=implicit-int -Werror=return-type -Werror=strict-prototypes -Wno-format-security -Wno-trigraphs -Wno-frame-address -Wno-address-of-packed-member -Wmissing-declarations -Wmissing-prototypes -Wframe-larger-than=1024 -Wno-main -Wno-dangling-pointer -Wvla -Wno-pointer-sign -Wcast-function-type -Wno-array-bounds -Wno-stringop-overflow -Wno-alloc-size-larger-than -Wimplicit-fallthrough=5 -Werror=date-time -Werror=incompatible-pointer-types -Werror=designated-init -Wenum-conversion -Wunused -Wno-unused-but-set-variable -Wno-unused-const-variable -Wno-packed-not-aligned -Wno-format-overflow -Wno-format-truncation -Wno-stringop-truncation -Wno-override-init -Wno-missing-field-initializers -Wno-type-limits -Wno-shift-negative-value -Wno-maybe-uninitialized -Wno-sign-compare -Wno-unused-parameter -Wno-attribute-alias -mstack-protector-guard=tls -mstack-protector-guard-offset=1032    -DKBUILD_MODFILE='"block/ioprio"' -DKBUILD_BASENAME='"ioprio"' -DKBUILD_MODNAME='"ioprio"' -D__KBUILD_MODNAME=kmod_ioprio -c -o block/ioprio.o block/ioprio.c  
# CC      block/badblocks.o
  /workspace/project/buildroot/buildroot-mchp/output/host/bin/arm-buildroot-linux-uclibcgnueabihf-gcc -Wp,-MMD,block/.badblocks.o.d -nostdinc -I./arch/arm/include -I./arch/arm/include/generated  -I./include -I./arch/arm/include/uapi -I./arch/arm/include/generated/uapi -I./include/uapi -I./include/generated/uapi -include ./include/linux/compiler-version.h -include ./include/linux/kconfig.h -include ./include/linux/compiler_types.h -D__KERNEL__ -mlittle-endian -D__LINUX_ARM_ARCH__=7 -fmacro-prefix-map=./= -std=gnu11 -fshort-wchar -funsigned-char -fno-common -fno-PIE -fno-strict-aliasing -fno-dwarf2-cfi-asm -mno-fdpic -fno-ipa-sra -mtp=cp15 -mabi=aapcs-linux -mfpu=vfp -funwind-tables -marm -Wa,-mno-warn-deprecated -march=armv7-a -msoft-float -Uarm -fno-delete-null-pointer-checks -O2 -fno-allow-store-data-races -fstack-protector-strong -fomit-frame-pointer -ftrivial-auto-var-init=zero -fno-stack-clash-protection -fstrict-flex-arrays=3 -fno-strict-overflow -fno-stack-check -fconserve-stack -fno-builtin-wcslen -fno-builtin-wcslen -Wall -Wextra -Wundef -Werror=implicit-function-declaration -Werror=implicit-int -Werror=return-type -Werror=strict-prototypes -Wno-format-security -Wno-trigraphs -Wno-frame-address -Wno-address-of-packed-member -Wmissing-declarations -Wmissing-prototypes -Wframe-larger-than=1024 -Wno-main -Wno-dangling-pointer -Wvla -Wno-pointer-sign -Wcast-function-type -Wno-array-bounds -Wno-stringop-overflow -Wno-alloc-size-larger-than -Wimplicit-fallthrough=5 -Werror=date-time -Werror=incompatible-pointer-types -Werror=designated-init -Wenum-conversion -Wunused -Wno-unused-but-set-variable -Wno-unused-const-variable -Wno-packed-not-aligned -Wno-format-overflow -Wno-format-truncation -Wno-stringop-truncation -Wno-override-init -Wno-missing-field-initializers -Wno-type-limits -Wno-shift-negative-value -Wno-maybe-uninitialized -Wno-sign-compare -Wno-unused-parameter -Wno-attribute-alias -mstack-protector-guard=tls -mstack-protector-guard-offset=1032    -DKBUILD_MODFILE='"block/badblocks"' -DKBUILD_BASENAME='"badblocks"' -DKBUILD_MODNAME='"badblocks"' -D__KBUILD_MODNAME=kmod_badblocks -c -o block/badblocks.o block/badblocks.c  
# CC      block/blk-rq-qos.o
  /workspace/project/buildroot/buildroot-mchp/output/host/bin/arm-buildroot-linux-uclibcgnueabihf-gcc -Wp,-MMD,block/.blk-rq-qos.o.d -nostdinc -I./arch/arm/include -I./arch/arm/include/generated  -I./include -I./arch/arm/include/uapi -I./arch/arm/include/generated/uapi -I./include/uapi -I./include/generated/uapi -include ./include/linux/compiler-version.h -include ./include/linux/kconfig.h -include ./include/linux/compiler_types.h -D__KERNEL__ -mlittle-endian -D__LINUX_ARM_ARCH__=7 -fmacro-prefix-map=./= -std=gnu11 -fshort-wchar -funsigned-char -fno-common -fno-PIE -fno-strict-aliasing -fno-dwarf2-cfi-asm -mno-fdpic -fno-ipa-sra -mtp=cp15 -mabi=aapcs-linux -mfpu=vfp -funwind-tables -marm -Wa,-mno-warn-deprecated -march=armv7-a -msoft-float -Uarm -fno-delete-null-pointer-checks -O2 -fno-allow-store-data-races -fstack-protector-strong -fomit-frame-pointer -ftrivial-auto-var-init=zero -fno-stack-clash-protection -fstrict-flex-arrays=3 -fno-strict-overflow -fno-stack-check -fconserve-stack -fno-builtin-wcslen -fno-builtin-wcslen -Wall -Wextra -Wundef -Werror=implicit-function-declaration -Werror=implicit-int -Werror=return-type -Werror=strict-prototypes -Wno-format-security -Wno-trigraphs -Wno-frame-address -Wno-address-of-packed-member -Wmissing-declarations -Wmissing-prototypes -Wframe-larger-than=1024 -Wno-main -Wno-dangling-pointer -Wvla -Wno-pointer-sign -Wcast-function-type -Wno-array-bounds -Wno-stringop-overflow -Wno-alloc-size-larger-than -Wimplicit-fallthrough=5 -Werror=date-time -Werror=incompatible-pointer-types -Werror=designated-init -Wenum-conversion -Wunused -Wno-unused-but-set-variable -Wno-unused-const-variable -Wno-packed-not-aligned -Wno-format-overflow -Wno-format-truncation -Wno-stringop-truncation -Wno-override-init -Wno-missing-field-initializers -Wno-type-limits -Wno-shift-negative-value -Wno-maybe-uninitialized -Wno-sign-compare -Wno-unused-parameter -Wno-attribute-alias -mstack-protector-guard=tls -mstack-protector-guard-offset=1032    -DKBUILD_MODFILE='"block/blk-rq-qos"' -DKBUILD_BASENAME='"blk_rq_qos"' -DKBUILD_MODNAME='"blk_rq_qos"' -D__KBUILD_MODNAME=kmod_blk_rq_qos -c -o block/blk-rq-qos.o block/blk-rq-qos.c  
# CC      crypto/cmac.o
  /workspace/project/buildroot/buildroot-mchp/output/host/bin/arm-buildroot-linux-uclibcgnueabihf-gcc -Wp,-MMD,crypto/.cmac.o.d -nostdinc -I./arch/arm/include -I./arch/arm/include/generated  -I./include -I./arch/arm/include/uapi -I./arch/arm/include/generated/uapi -I./include/uapi -I./include/generated/uapi -include ./include/linux/compiler-version.h -include ./include/linux/kconfig.h -include ./include/linux/compiler_types.h -D__KERNEL__ -mlittle-endian -D__LINUX_ARM_ARCH__=7 -fmacro-prefix-map=./= -std=gnu11 -fshort-wchar -funsigned-char -fno-common -fno-PIE -fno-strict-aliasing -fno-dwarf2-cfi-asm -mno-fdpic -fno-ipa-sra -mtp=cp15 -mabi=aapcs-linux -mfpu=vfp -funwind-tables -marm -Wa,-mno-warn-deprecated -march=armv7-a -msoft-float -Uarm -fno-delete-null-pointer-checks -O2 -fno-allow-store-data-races -fstack-protector-strong -fomit-frame-pointer -ftrivial-auto-var-init=zero -fno-stack-clash-protection -fstrict-flex-arrays=3 -fno-strict-overflow -fno-stack-check -fconserve-stack -fno-builtin-wcslen -fno-builtin-wcslen -Wall -Wextra -Wundef -Werror=implicit-function-declaration -Werror=implicit-int -Werror=return-type -Werror=strict-prototypes -Wno-format-security -Wno-trigraphs -Wno-frame-address -Wno-address-of-packed-member -Wmissing-declarations -Wmissing-prototypes -Wframe-larger-than=1024 -Wno-main -Wno-dangling-pointer -Wvla -Wno-pointer-sign -Wcast-function-type -Wno-array-bounds -Wno-stringop-overflow -Wno-alloc-size-larger-than -Wimplicit-fallthrough=5 -Werror=date-time -Werror=incompatible-pointer-types -Werror=designated-init -Wenum-conversion -Wunused -Wno-unused-but-set-variable -Wno-unused-const-variable -Wno-packed-not-aligned -Wno-format-overflow -Wno-format-truncation -Wno-stringop-truncation -Wno-override-init -Wno-missing-field-initializers -Wno-type-limits -Wno-shift-negative-value -Wno-maybe-uninitialized -Wno-sign-compare -Wno-unused-parameter -Wno-attribute-alias -mstack-protector-guard=tls -mstack-protector-guard-offset=1032    -DKBUILD_MODFILE='"crypto/cmac"' -DKBUILD_BASENAME='"cmac"' -DKBUILD_MODNAME='"cmac"' -D__KBUILD_MODNAME=kmod_cmac -c -o crypto/cmac.o crypto/cmac.c  
# CC      io_uring/msg_ring.o
  /workspace/project/buildroot/buildroot-mchp/output/host/bin/arm-buildroot-linux-uclibcgnueabihf-gcc -Wp,-MMD,io_uring/.msg_ring.o.d -nostdinc -I./arch/arm/include -I./arch/arm/include/generated  -I./include -I./arch/arm/include/uapi -I./arch/arm/include/generated/uapi -I./include/uapi -I./include/generated/uapi -include ./include/linux/compiler-version.h -include ./include/linux/kconfig.h -include ./include/linux/compiler_types.h -D__KERNEL__ -mlittle-endian -D__LINUX_ARM_ARCH__=7 -fmacro-prefix-map=./= -std=gnu11 -fshort-wchar -funsigned-char -fno-common -fno-PIE -fno-strict-aliasing -fno-dwarf2-cfi-asm -mno-fdpic -fno-ipa-sra -mtp=cp15 -mabi=aapcs-linux -mfpu=vfp -funwind-tables -marm -Wa,-mno-warn-deprecated -march=armv7-a -msoft-float -Uarm -fno-delete-null-pointer-checks -O2 -fno-allow-store-data-races -fstack-protector-strong -fomit-frame-pointer -ftrivial-auto-var-init=zero -fno-stack-clash-protection -fstrict-flex-arrays=3 -fno-strict-overflow -fno-stack-check -fconserve-stack -fno-builtin-wcslen -fno-builtin-wcslen -Wall -Wextra -Wundef -Werror=implicit-function-declaration -Werror=implicit-int -Werror=return-type -Werror=strict-prototypes -Wno-format-security -Wno-trigraphs -Wno-frame-address -Wno-address-of-packed-member -Wmissing-declarations -Wmissing-prototypes -Wframe-larger-than=1024 -Wno-main -Wno-dangling-pointer -Wvla -Wno-pointer-sign -Wcast-function-type -Wno-array-bounds -Wno-stringop-overflow -Wno-alloc-size-larger-than -Wimplicit-fallthrough=5 -Werror=date-time -Werror=incompatible-pointer-types -Werror=designated-init -Wenum-conversion -Wunused -Wno-unused-but-set-variable -Wno-unused-const-variable -Wno-packed-not-aligned -Wno-format-overflow -Wno-format-truncation -Wno-stringop-truncation -Wno-override-init -Wno-missing-field-initializers -Wno-type-limits -Wno-shift-negative-value -Wno-maybe-uninitialized -Wno-sign-compare -Wno-unused-parameter -Wno-attribute-alias -mstack-protector-guard=tls -mstack-protector-guard-offset=1032    -DKBUILD_MODFILE='"io_uring/msg_ring"' -DKBUILD_BASENAME='"msg_ring"' -DKBUILD_MODNAME='"msg_ring"' -D__KBUILD_MODNAME=kmod_msg_ring -c -o io_uring/msg_ring.o io_uring/msg_ring.c  
# CC      block/disk-events.o
  /workspace/project/buildroot/buildroot-mchp/output/host/bin/arm-buildroot-linux-uclibcgnueabihf-gcc -Wp,-MMD,block/.disk-events.o.d -nostdinc -I./arch/arm/include -I./arch/arm/include/generated  -I./include -I./arch/arm/include/uapi -I./arch/arm/include/generated/uapi -I./include/uapi -I./include/generated/uapi -include ./include/linux/compiler-version.h -include ./include/linux/kconfig.h -include ./include/linux/compiler_types.h -D__KERNEL__ -mlittle-endian -D__LINUX_ARM_ARCH__=7 -fmacro-prefix-map=./= -std=gnu11 -fshort-wchar -funsigned-char -fno-common -fno-PIE -fno-strict-aliasing -fno-dwarf2-cfi-asm -mno-fdpic -fno-ipa-sra -mtp=cp15 -mabi=aapcs-linux -mfpu=vfp -funwind-tables -marm -Wa,-mno-warn-deprecated -march=armv7-a -msoft-float -Uarm -fno-delete-null-pointer-checks -O2 -fno-allow-store-data-races -fstack-protector-strong -fomit-frame-pointer -ftrivial-auto-var-init=zero -fno-stack-clash-protection -fstrict-flex-arrays=3 -fno-strict-overflow -fno-stack-check -fconserve-stack -fno-builtin-wcslen -fno-builtin-wcslen -Wall -Wextra -Wundef -Werror=implicit-function-declaration -Werror=implicit-int -Werror=return-type -Werror=strict-prototypes -Wno-format-security -Wno-trigraphs -Wno-frame-address -Wno-address-of-packed-member -Wmissing-declarations -Wmissing-prototypes -Wframe-larger-than=1024 -Wno-main -Wno-dangling-pointer -Wvla -Wno-pointer-sign -Wcast-function-type -Wno-array-bounds -Wno-stringop-overflow -Wno-alloc-size-larger-than -Wimplicit-fallthrough=5 -Werror=date-time -Werror=incompatible-pointer-types -Werror=designated-init -Wenum-conversion -Wunused -Wno-unused-but-set-variable -Wno-unused-const-variable -Wno-packed-not-aligned -Wno-format-overflow -Wno-format-truncation -Wno-stringop-truncation -Wno-override-init -Wno-missing-field-initializers -Wno-type-limits -Wno-shift-negative-value -Wno-maybe-uninitialized -Wno-sign-compare -Wno-unused-parameter -Wno-attribute-alias -mstack-protector-guard=tls -mstack-protector-guard-offset=1032    -DKBUILD_MODFILE='"block/disk-events"' -DKBUILD_BASENAME='"disk_events"' -DKBUILD_MODNAME='"disk_events"' -D__KBUILD_MODNAME=kmod_disk_events -c -o block/disk-events.o block/disk-events.c  
# CC      crypto/hmac.o
  /workspace/project/buildroot/buildroot-mchp/output/host/bin/arm-buildroot-linux-uclibcgnueabihf-gcc -Wp,-MMD,crypto/.hmac.o.d -nostdinc -I./arch/arm/include -I./arch/arm/include/generated  -I./include -I./arch/arm/include/uapi -I./arch/arm/include/generated/uapi -I./include/uapi -I./include/generated/uapi -include ./include/linux/compiler-version.h -include ./include/linux/kconfig.h -include ./include/linux/compiler_types.h -D__KERNEL__ -mlittle-endian -D__LINUX_ARM_ARCH__=7 -fmacro-prefix-map=./= -std=gnu11 -fshort-wchar -funsigned-char -fno-common -fno-PIE -fno-strict-aliasing -fno-dwarf2-cfi-asm -mno-fdpic -fno-ipa-sra -mtp=cp15 -mabi=aapcs-linux -mfpu=vfp -funwind-tables -marm -Wa,-mno-warn-deprecated -march=armv7-a -msoft-float -Uarm -fno-delete-null-pointer-checks -O2 -fno-allow-store-data-races -fstack-protector-strong -fomit-frame-pointer -ftrivial-auto-var-init=zero -fno-stack-clash-protection -fstrict-flex-arrays=3 -fno-strict-overflow -fno-stack-check -fconserve-stack -fno-builtin-wcslen -fno-builtin-wcslen -Wall -Wextra -Wundef -Werror=implicit-function-declaration -Werror=implicit-int -Werror=return-type -Werror=strict-prototypes -Wno-format-security -Wno-trigraphs -Wno-frame-address -Wno-address-of-packed-member -Wmissing-declarations -Wmissing-prototypes -Wframe-larger-than=1024 -Wno-main -Wno-dangling-pointer -Wvla -Wno-pointer-sign -Wcast-function-type -Wno-array-bounds -Wno-stringop-overflow -Wno-alloc-size-larger-than -Wimplicit-fallthrough=5 -Werror=date-time -Werror=incompatible-pointer-types -Werror=designated-init -Wenum-conversion -Wunused -Wno-unused-but-set-variable -Wno-unused-const-variable -Wno-packed-not-aligned -Wno-format-overflow -Wno-format-truncation -Wno-stringop-truncation -Wno-override-init -Wno-missing-field-initializers -Wno-type-limits -Wno-shift-negative-value -Wno-maybe-uninitialized -Wno-sign-compare -Wno-unused-parameter -Wno-attribute-alias -mstack-protector-guard=tls -mstack-protector-guard-offset=1032    -DKBUILD_MODFILE='"crypto/hmac"' -DKBUILD_BASENAME='"hmac"' -DKBUILD_MODNAME='"hmac"' -D__KBUILD_MODNAME=kmod_hmac -c -o crypto/hmac.o crypto/hmac.c  
# CC      block/blk-ia-ranges.o
  /workspace/project/buildroot/buildroot-mchp/output/host/bin/arm-buildroot-linux-uclibcgnueabihf-gcc -Wp,-MMD,block/.blk-ia-ranges.o.d -nostdinc -I./arch/arm/include -I./arch/arm/include/generated  -I./include -I./arch/arm/include/uapi -I./arch/arm/include/generated/uapi -I./include/uapi -I./include/generated/uapi -include ./include/linux/compiler-version.h -include ./include/linux/kconfig.h -include ./include/linux/compiler_types.h -D__KERNEL__ -mlittle-endian -D__LINUX_ARM_ARCH__=7 -fmacro-prefix-map=./= -std=gnu11 -fshort-wchar -funsigned-char -fno-common -fno-PIE -fno-strict-aliasing -fno-dwarf2-cfi-asm -mno-fdpic -fno-ipa-sra -mtp=cp15 -mabi=aapcs-linux -mfpu=vfp -funwind-tables -marm -Wa,-mno-warn-deprecated -march=armv7-a -msoft-float -Uarm -fno-delete-null-pointer-checks -O2 -fno-allow-store-data-races -fstack-protector-strong -fomit-frame-pointer -ftrivial-auto-var-init=zero -fno-stack-clash-protection -fstrict-flex-arrays=3 -fno-strict-overflow -fno-stack-check -fconserve-stack -fno-builtin-wcslen -fno-builtin-wcslen -Wall -Wextra -Wundef -Werror=implicit-function-declaration -Werror=implicit-int -Werror=return-type -Werror=strict-prototypes -Wno-format-security -Wno-trigraphs -Wno-frame-address -Wno-address-of-packed-member -Wmissing-declarations -Wmissing-prototypes -Wframe-larger-than=1024 -Wno-main -Wno-dangling-pointer -Wvla -Wno-pointer-sign -Wcast-function-type -Wno-array-bounds -Wno-stringop-overflow -Wno-alloc-size-larger-than -Wimplicit-fallthrough=5 -Werror=date-time -Werror=incompatible-pointer-types -Werror=designated-init -Wenum-conversion -Wunused -Wno-unused-but-set-variable -Wno-unused-const-variable -Wno-packed-not-aligned -Wno-format-overflow -Wno-format-truncation -Wno-stringop-truncation -Wno-override-init -Wno-missing-field-initializers -Wno-type-limits -Wno-shift-negative-value -Wno-maybe-uninitialized -Wno-sign-compare -Wno-unused-parameter -Wno-attribute-alias -mstack-protector-guard=tls -mstack-protector-guard-offset=1032    -DKBUILD_MODFILE='"block/blk-ia-ranges"' -DKBUILD_BASENAME='"blk_ia_ranges"' -DKBUILD_MODNAME='"blk_ia_ranges"' -D__KBUILD_MODNAME=kmod_blk_ia_ranges -c -o block/blk-ia-ranges.o block/blk-ia-ranges.c  
# CC      io_uring/advise.o
  /workspace/project/buildroot/buildroot-mchp/output/host/bin/arm-buildroot-linux-uclibcgnueabihf-gcc -Wp,-MMD,io_uring/.advise.o.d -nostdinc -I./arch/arm/include -I./arch/arm/include/generated  -I./include -I./arch/arm/include/uapi -I./arch/arm/include/generated/uapi -I./include/uapi -I./include/generated/uapi -include ./include/linux/compiler-version.h -include ./include/linux/kconfig.h -include ./include/linux/compiler_types.h -D__KERNEL__ -mlittle-endian -D__LINUX_ARM_ARCH__=7 -fmacro-prefix-map=./= -std=gnu11 -fshort-wchar -funsigned-char -fno-common -fno-PIE -fno-strict-aliasing -fno-dwarf2-cfi-asm -mno-fdpic -fno-ipa-sra -mtp=cp15 -mabi=aapcs-linux -mfpu=vfp -funwind-tables -marm -Wa,-mno-warn-deprecated -march=armv7-a -msoft-float -Uarm -fno-delete-null-pointer-checks -O2 -fno-allow-store-data-races -fstack-protector-strong -fomit-frame-pointer -ftrivial-auto-var-init=zero -fno-stack-clash-protection -fstrict-flex-arrays=3 -fno-strict-overflow -fno-stack-check -fconserve-stack -fno-builtin-wcslen -fno-builtin-wcslen -Wall -Wextra -Wundef -Werror=implicit-function-declaration -Werror=implicit-int -Werror=return-type -Werror=strict-prototypes -Wno-format-security -Wno-trigraphs -Wno-frame-address -Wno-address-of-packed-member -Wmissing-declarations -Wmissing-prototypes -Wframe-larger-than=1024 -Wno-main -Wno-dangling-pointer -Wvla -Wno-pointer-sign -Wcast-function-type -Wno-array-bounds -Wno-stringop-overflow -Wno-alloc-size-larger-than -Wimplicit-fallthrough=5 -Werror=date-time -Werror=incompatible-pointer-types -Werror=designated-init -Wenum-conversion -Wunused -Wno-unused-but-set-variable -Wno-unused-const-variable -Wno-packed-not-aligned -Wno-format-overflow -Wno-format-truncation -Wno-stringop-truncation -Wno-override-init -Wno-missing-field-initializers -Wno-type-limits -Wno-shift-negative-value -Wno-maybe-uninitialized -Wno-sign-compare -Wno-unused-parameter -Wno-attribute-alias -mstack-protector-guard=tls -mstack-protector-guard-offset=1032    -DKBUILD_MODFILE='"io_uring/advise"' -DKBUILD_BASENAME='"advise"' -DKBUILD_MODNAME='"advise"' -D__KBUILD_MODNAME=kmod_advise -c -o io_uring/advise.o io_uring/advise.c  
# CC      crypto/crypto_null.o
  /workspace/project/buildroot/buildroot-mchp/output/host/bin/arm-buildroot-linux-uclibcgnueabihf-gcc -Wp,-MMD,crypto/.crypto_null.o.d -nostdinc -I./arch/arm/include -I./arch/arm/include/generated  -I./include -I./arch/arm/include/uapi -I./arch/arm/include/generated/uapi -I./include/uapi -I./include/generated/uapi -include ./include/linux/compiler-version.h -include ./include/linux/kconfig.h -include ./include/linux/compiler_types.h -D__KERNEL__ -mlittle-endian -D__LINUX_ARM_ARCH__=7 -fmacro-prefix-map=./= -std=gnu11 -fshort-wchar -funsigned-char -fno-common -fno-PIE -fno-strict-aliasing -fno-dwarf2-cfi-asm -mno-fdpic -fno-ipa-sra -mtp=cp15 -mabi=aapcs-linux -mfpu=vfp -funwind-tables -marm -Wa,-mno-warn-deprecated -march=armv7-a -msoft-float -Uarm -fno-delete-null-pointer-checks -O2 -fno-allow-store-data-races -fstack-protector-strong -fomit-frame-pointer -ftrivial-auto-var-init=zero -fno-stack-clash-protection -fstrict-flex-arrays=3 -fno-strict-overflow -fno-stack-check -fconserve-stack -fno-builtin-wcslen -fno-builtin-wcslen -Wall -Wextra -Wundef -Werror=implicit-function-declaration -Werror=implicit-int -Werror=return-type -Werror=strict-prototypes -Wno-format-security -Wno-trigraphs -Wno-frame-address -Wno-address-of-packed-member -Wmissing-declarations -Wmissing-prototypes -Wframe-larger-than=1024 -Wno-main -Wno-dangling-pointer -Wvla -Wno-pointer-sign -Wcast-function-type -Wno-array-bounds -Wno-stringop-overflow -Wno-alloc-size-larger-than -Wimplicit-fallthrough=5 -Werror=date-time -Werror=incompatible-pointer-types -Werror=designated-init -Wenum-conversion -Wunused -Wno-unused-but-set-variable -Wno-unused-const-variable -Wno-packed-not-aligned -Wno-format-overflow -Wno-format-truncation -Wno-stringop-truncation -Wno-override-init -Wno-missing-field-initializers -Wno-type-limits -Wno-shift-negative-value -Wno-maybe-uninitialized -Wno-sign-compare -Wno-unused-parameter -Wno-attribute-alias -mstack-protector-guard=tls -mstack-protector-guard-offset=1032    -DKBUILD_MODFILE='"crypto/crypto_null"' -DKBUILD_BASENAME='"crypto_null"' -DKBUILD_MODNAME='"crypto_null"' -D__KBUILD_MODNAME=kmod_crypto_null -c -o crypto/crypto_null.o crypto/crypto_null.c  
# CC      block/early-lookup.o
  /workspace/project/buildroot/buildroot-mchp/output/host/bin/arm-buildroot-linux-uclibcgnueabihf-gcc -Wp,-MMD,block/.early-lookup.o.d -nostdinc -I./arch/arm/include -I./arch/arm/include/generated  -I./include -I./arch/arm/include/uapi -I./arch/arm/include/generated/uapi -I./include/uapi -I./include/generated/uapi -include ./include/linux/compiler-version.h -include ./include/linux/kconfig.h -include ./include/linux/compiler_types.h -D__KERNEL__ -mlittle-endian -D__LINUX_ARM_ARCH__=7 -fmacro-prefix-map=./= -std=gnu11 -fshort-wchar -funsigned-char -fno-common -fno-PIE -fno-strict-aliasing -fno-dwarf2-cfi-asm -mno-fdpic -fno-ipa-sra -mtp=cp15 -mabi=aapcs-linux -mfpu=vfp -funwind-tables -marm -Wa,-mno-warn-deprecated -march=armv7-a -msoft-float -Uarm -fno-delete-null-pointer-checks -O2 -fno-allow-store-data-races -fstack-protector-strong -fomit-frame-pointer -ftrivial-auto-var-init=zero -fno-stack-clash-protection -fstrict-flex-arrays=3 -fno-strict-overflow -fno-stack-check -fconserve-stack -fno-builtin-wcslen -fno-builtin-wcslen -Wall -Wextra -Wundef -Werror=implicit-function-declaration -Werror=implicit-int -Werror=return-type -Werror=strict-prototypes -Wno-format-security -Wno-trigraphs -Wno-frame-address -Wno-address-of-packed-member -Wmissing-declarations -Wmissing-prototypes -Wframe-larger-than=1024 -Wno-main -Wno-dangling-pointer -Wvla -Wno-pointer-sign -Wcast-function-type -Wno-array-bounds -Wno-stringop-overflow -Wno-alloc-size-larger-than -Wimplicit-fallthrough=5 -Werror=date-time -Werror=incompatible-pointer-types -Werror=designated-init -Wenum-conversion -Wunused -Wno-unused-but-set-variable -Wno-unused-const-variable -Wno-packed-not-aligned -Wno-format-overflow -Wno-format-truncation -Wno-stringop-truncation -Wno-override-init -Wno-missing-field-initializers -Wno-type-limits -Wno-shift-negative-value -Wno-maybe-uninitialized -Wno-sign-compare -Wno-unused-parameter -Wno-attribute-alias -mstack-protector-guard=tls -mstack-protector-guard-offset=1032    -DKBUILD_MODFILE='"block/early-lookup"' -DKBUILD_BASENAME='"early_lookup"' -DKBUILD_MODNAME='"early_lookup"' -D__KBUILD_MODNAME=kmod_early_lookup -c -o block/early-lookup.o block/early-lookup.c  
# CC      io_uring/epoll.o
  /workspace/project/buildroot/buildroot-mchp/output/host/bin/arm-buildroot-linux-uclibcgnueabihf-gcc -Wp,-MMD,io_uring/.epoll.o.d -nostdinc -I./arch/arm/include -I./arch/arm/include/generated  -I./include -I./arch/arm/include/uapi -I./arch/arm/include/generated/uapi -I./include/uapi -I./include/generated/uapi -include ./include/linux/compiler-version.h -include ./include/linux/kconfig.h -include ./include/linux/compiler_types.h -D__KERNEL__ -mlittle-endian -D__LINUX_ARM_ARCH__=7 -fmacro-prefix-map=./= -std=gnu11 -fshort-wchar -funsigned-char -fno-common -fno-PIE -fno-strict-aliasing -fno-dwarf2-cfi-asm -mno-fdpic -fno-ipa-sra -mtp=cp15 -mabi=aapcs-linux -mfpu=vfp -funwind-tables -marm -Wa,-mno-warn-deprecated -march=armv7-a -msoft-float -Uarm -fno-delete-null-pointer-checks -O2 -fno-allow-store-data-races -fstack-protector-strong -fomit-frame-pointer -ftrivial-auto-var-init=zero -fno-stack-clash-protection -fstrict-flex-arrays=3 -fno-strict-overflow -fno-stack-check -fconserve-stack -fno-builtin-wcslen -fno-builtin-wcslen -Wall -Wextra -Wundef -Werror=implicit-function-declaration -Werror=implicit-int -Werror=return-type -Werror=strict-prototypes -Wno-format-security -Wno-trigraphs -Wno-frame-address -Wno-address-of-packed-member -Wmissing-declarations -Wmissing-prototypes -Wframe-larger-than=1024 -Wno-main -Wno-dangling-pointer -Wvla -Wno-pointer-sign -Wcast-function-type -Wno-array-bounds -Wno-stringop-overflow -Wno-alloc-size-larger-than -Wimplicit-fallthrough=5 -Werror=date-time -Werror=incompatible-pointer-types -Werror=designated-init -Wenum-conversion -Wunused -Wno-unused-but-set-variable -Wno-unused-const-variable -Wno-packed-not-aligned -Wno-format-overflow -Wno-format-truncation -Wno-stringop-truncation -Wno-override-init -Wno-missing-field-initializers -Wno-type-limits -Wno-shift-negative-value -Wno-maybe-uninitialized -Wno-sign-compare -Wno-unused-parameter -Wno-attribute-alias -mstack-protector-guard=tls -mstack-protector-guard-offset=1032    -DKBUILD_MODFILE='"io_uring/epoll"' -DKBUILD_BASENAME='"epoll"' -DKBUILD_MODNAME='"epoll"' -D__KBUILD_MODNAME=kmod_epoll -c -o io_uring/epoll.o io_uring/epoll.c  
# CC      block/mq-deadline.o
  /workspace/project/buildroot/buildroot-mchp/output/host/bin/arm-buildroot-linux-uclibcgnueabihf-gcc -Wp,-MMD,block/.mq-deadline.o.d -nostdinc -I./arch/arm/include -I./arch/arm/include/generated  -I./include -I./arch/arm/include/uapi -I./arch/arm/include/generated/uapi -I./include/uapi -I./include/generated/uapi -include ./include/linux/compiler-version.h -include ./include/linux/kconfig.h -include ./include/linux/compiler_types.h -D__KERNEL__ -mlittle-endian -D__LINUX_ARM_ARCH__=7 -fmacro-prefix-map=./= -std=gnu11 -fshort-wchar -funsigned-char -fno-common -fno-PIE -fno-strict-aliasing -fno-dwarf2-cfi-asm -mno-fdpic -fno-ipa-sra -mtp=cp15 -mabi=aapcs-linux -mfpu=vfp -funwind-tables -marm -Wa,-mno-warn-deprecated -march=armv7-a -msoft-float -Uarm -fno-delete-null-pointer-checks -O2 -fno-allow-store-data-races -fstack-protector-strong -fomit-frame-pointer -ftrivial-auto-var-init=zero -fno-stack-clash-protection -fstrict-flex-arrays=3 -fno-strict-overflow -fno-stack-check -fconserve-stack -fno-builtin-wcslen -fno-builtin-wcslen -Wall -Wextra -Wundef -Werror=implicit-function-declaration -Werror=implicit-int -Werror=return-type -Werror=strict-prototypes -Wno-format-security -Wno-trigraphs -Wno-frame-address -Wno-address-of-packed-member -Wmissing-declarations -Wmissing-prototypes -Wframe-larger-than=1024 -Wno-main -Wno-dangling-pointer -Wvla -Wno-pointer-sign -Wcast-function-type -Wno-array-bounds -Wno-stringop-overflow -Wno-alloc-size-larger-than -Wimplicit-fallthrough=5 -Werror=date-time -Werror=incompatible-pointer-types -Werror=designated-init -Wenum-conversion -Wunused -Wno-unused-but-set-variable -Wno-unused-const-variable -Wno-packed-not-aligned -Wno-format-overflow -Wno-format-truncation -Wno-stringop-truncation -Wno-override-init -Wno-missing-field-initializers -Wno-type-limits -Wno-shift-negative-value -Wno-maybe-uninitialized -Wno-sign-compare -Wno-unused-parameter -Wno-attribute-alias -mstack-protector-guard=tls -mstack-protector-guard-offset=1032    -DKBUILD_MODFILE='"block/mq-deadline"' -DKBUILD_BASENAME='"mq_deadline"' -DKBUILD_MODNAME='"mq_deadline"' -D__KBUILD_MODNAME=kmod_mq_deadline -c -o block/mq-deadline.o block/mq-deadline.c  
# CC      crypto/sha1_generic.o
  /workspace/project/buildroot/buildroot-mchp/output/host/bin/arm-buildroot-linux-uclibcgnueabihf-gcc -Wp,-MMD,crypto/.sha1_generic.o.d -nostdinc -I./arch/arm/include -I./arch/arm/include/generated  -I./include -I./arch/arm/include/uapi -I./arch/arm/include/generated/uapi -I./include/uapi -I./include/generated/uapi -include ./include/linux/compiler-version.h -include ./include/linux/kconfig.h -include ./include/linux/compiler_types.h -D__KERNEL__ -mlittle-endian -D__LINUX_ARM_ARCH__=7 -fmacro-prefix-map=./= -std=gnu11 -fshort-wchar -funsigned-char -fno-common -fno-PIE -fno-strict-aliasing -fno-dwarf2-cfi-asm -mno-fdpic -fno-ipa-sra -mtp=cp15 -mabi=aapcs-linux -mfpu=vfp -funwind-tables -marm -Wa,-mno-warn-deprecated -march=armv7-a -msoft-float -Uarm -fno-delete-null-pointer-checks -O2 -fno-allow-store-data-races -fstack-protector-strong -fomit-frame-pointer -ftrivial-auto-var-init=zero -fno-stack-clash-protection -fstrict-flex-arrays=3 -fno-strict-overflow -fno-stack-check -fconserve-stack -fno-builtin-wcslen -fno-builtin-wcslen -Wall -Wextra -Wundef -Werror=implicit-function-declaration -Werror=implicit-int -Werror=return-type -Werror=strict-prototypes -Wno-format-security -Wno-trigraphs -Wno-frame-address -Wno-address-of-packed-member -Wmissing-declarations -Wmissing-prototypes -Wframe-larger-than=1024 -Wno-main -Wno-dangling-pointer -Wvla -Wno-pointer-sign -Wcast-function-type -Wno-array-bounds -Wno-stringop-overflow -Wno-alloc-size-larger-than -Wimplicit-fallthrough=5 -Werror=date-time -Werror=incompatible-pointer-types -Werror=designated-init -Wenum-conversion -Wunused -Wno-unused-but-set-variable -Wno-unused-const-variable -Wno-packed-not-aligned -Wno-format-overflow -Wno-format-truncation -Wno-stringop-truncation -Wno-override-init -Wno-missing-field-initializers -Wno-type-limits -Wno-shift-negative-value -Wno-maybe-uninitialized -Wno-sign-compare -Wno-unused-parameter -Wno-attribute-alias -mstack-protector-guard=tls -mstack-protector-guard-offset=1032    -DKBUILD_MODFILE='"crypto/sha1_generic"' -DKBUILD_BASENAME='"sha1_generic"' -DKBUILD_MODNAME='"sha1_generic"' -D__KBUILD_MODNAME=kmod_sha1_generic -c -o crypto/sha1_generic.o crypto/sha1_generic.c  
# CC      io_uring/statx.o
  /workspace/project/buildroot/buildroot-mchp/output/host/bin/arm-buildroot-linux-uclibcgnueabihf-gcc -Wp,-MMD,io_uring/.statx.o.d -nostdinc -I./arch/arm/include -I./arch/arm/include/generated  -I./include -I./arch/arm/include/uapi -I./arch/arm/include/generated/uapi -I./include/uapi -I./include/generated/uapi -include ./include/linux/compiler-version.h -include ./include/linux/kconfig.h -include ./include/linux/compiler_types.h -D__KERNEL__ -mlittle-endian -D__LINUX_ARM_ARCH__=7 -fmacro-prefix-map=./= -std=gnu11 -fshort-wchar -funsigned-char -fno-common -fno-PIE -fno-strict-aliasing -fno-dwarf2-cfi-asm -mno-fdpic -fno-ipa-sra -mtp=cp15 -mabi=aapcs-linux -mfpu=vfp -funwind-tables -marm -Wa,-mno-warn-deprecated -march=armv7-a -msoft-float -Uarm -fno-delete-null-pointer-checks -O2 -fno-allow-store-data-races -fstack-protector-strong -fomit-frame-pointer -ftrivial-auto-var-init=zero -fno-stack-clash-protection -fstrict-flex-arrays=3 -fno-strict-overflow -fno-stack-check -fconserve-stack -fno-builtin-wcslen -fno-builtin-wcslen -Wall -Wextra -Wundef -Werror=implicit-function-declaration -Werror=implicit-int -Werror=return-type -Werror=strict-prototypes -Wno-format-security -Wno-trigraphs -Wno-frame-address -Wno-address-of-packed-member -Wmissing-declarations -Wmissing-prototypes -Wframe-larger-than=1024 -Wno-main -Wno-dangling-pointer -Wvla -Wno-pointer-sign -Wcast-function-type -Wno-array-bounds -Wno-stringop-overflow -Wno-alloc-size-larger-than -Wimplicit-fallthrough=5 -Werror=date-time -Werror=incompatible-pointer-types -Werror=designated-init -Wenum-conversion -Wunused -Wno-unused-but-set-variable -Wno-unused-const-variable -Wno-packed-not-aligned -Wno-format-overflow -Wno-format-truncation -Wno-stringop-truncation -Wno-override-init -Wno-missing-field-initializers -Wno-type-limits -Wno-shift-negative-value -Wno-maybe-uninitialized -Wno-sign-compare -Wno-unused-parameter -Wno-attribute-alias -mstack-protector-guard=tls -mstack-protector-guard-offset=1032    -DKBUILD_MODFILE='"io_uring/statx"' -DKBUILD_BASENAME='"statx"' -DKBUILD_MODNAME='"statx"' -D__KBUILD_MODNAME=kmod_statx -c -o io_uring/statx.o io_uring/statx.c  
# CC      block/kyber-iosched.o
  /workspace/project/buildroot/buildroot-mchp/output/host/bin/arm-buildroot-linux-uclibcgnueabihf-gcc -Wp,-MMD,block/.kyber-iosched.o.d -nostdinc -I./arch/arm/include -I./arch/arm/include/generated  -I./include -I./arch/arm/include/uapi -I./arch/arm/include/generated/uapi -I./include/uapi -I./include/generated/uapi -include ./include/linux/compiler-version.h -include ./include/linux/kconfig.h -include ./include/linux/compiler_types.h -D__KERNEL__ -mlittle-endian -D__LINUX_ARM_ARCH__=7 -fmacro-prefix-map=./= -std=gnu11 -fshort-wchar -funsigned-char -fno-common -fno-PIE -fno-strict-aliasing -fno-dwarf2-cfi-asm -mno-fdpic -fno-ipa-sra -mtp=cp15 -mabi=aapcs-linux -mfpu=vfp -funwind-tables -marm -Wa,-mno-warn-deprecated -march=armv7-a -msoft-float -Uarm -fno-delete-null-pointer-checks -O2 -fno-allow-store-data-races -fstack-protector-strong -fomit-frame-pointer -ftrivial-auto-var-init=zero -fno-stack-clash-protection -fstrict-flex-arrays=3 -fno-strict-overflow -fno-stack-check -fconserve-stack -fno-builtin-wcslen -fno-builtin-wcslen -Wall -Wextra -Wundef -Werror=implicit-function-declaration -Werror=implicit-int -Werror=return-type -Werror=strict-prototypes -Wno-format-security -Wno-trigraphs -Wno-frame-address -Wno-address-of-packed-member -Wmissing-declarations -Wmissing-prototypes -Wframe-larger-than=1024 -Wno-main -Wno-dangling-pointer -Wvla -Wno-pointer-sign -Wcast-function-type -Wno-array-bounds -Wno-stringop-overflow -Wno-alloc-size-larger-than -Wimplicit-fallthrough=5 -Werror=date-time -Werror=incompatible-pointer-types -Werror=designated-init -Wenum-conversion -Wunused -Wno-unused-but-set-variable -Wno-unused-const-variable -Wno-packed-not-aligned -Wno-format-overflow -Wno-format-truncation -Wno-stringop-truncation -Wno-override-init -Wno-missing-field-initializers -Wno-type-limits -Wno-shift-negative-value -Wno-maybe-uninitialized -Wno-sign-compare -Wno-unused-parameter -Wno-attribute-alias -mstack-protector-guard=tls -mstack-protector-guard-offset=1032    -DKBUILD_MODFILE='"block/kyber-iosched"' -DKBUILD_BASENAME='"kyber_iosched"' -DKBUILD_MODNAME='"kyber_iosched"' -D__KBUILD_MODNAME=kmod_kyber_iosched -c -o block/kyber-iosched.o block/kyber-iosched.c  
# CC      io_uring/timeout.o
  /workspace/project/buildroot/buildroot-mchp/output/host/bin/arm-buildroot-linux-uclibcgnueabihf-gcc -Wp,-MMD,io_uring/.timeout.o.d -nostdinc -I./arch/arm/include -I./arch/arm/include/generated  -I./include -I./arch/arm/include/uapi -I./arch/arm/include/generated/uapi -I./include/uapi -I./include/generated/uapi -include ./include/linux/compiler-version.h -include ./include/linux/kconfig.h -include ./include/linux/compiler_types.h -D__KERNEL__ -mlittle-endian -D__LINUX_ARM_ARCH__=7 -fmacro-prefix-map=./= -std=gnu11 -fshort-wchar -funsigned-char -fno-common -fno-PIE -fno-strict-aliasing -fno-dwarf2-cfi-asm -mno-fdpic -fno-ipa-sra -mtp=cp15 -mabi=aapcs-linux -mfpu=vfp -funwind-tables -marm -Wa,-mno-warn-deprecated -march=armv7-a -msoft-float -Uarm -fno-delete-null-pointer-checks -O2 -fno-allow-store-data-races -fstack-protector-strong -fomit-frame-pointer -ftrivial-auto-var-init=zero -fno-stack-clash-protection -fstrict-flex-arrays=3 -fno-strict-overflow -fno-stack-check -fconserve-stack -fno-builtin-wcslen -fno-builtin-wcslen -Wall -Wextra -Wundef -Werror=implicit-function-declaration -Werror=implicit-int -Werror=return-type -Werror=strict-prototypes -Wno-format-security -Wno-trigraphs -Wno-frame-address -Wno-address-of-packed-member -Wmissing-declarations -Wmissing-prototypes -Wframe-larger-than=1024 -Wno-main -Wno-dangling-pointer -Wvla -Wno-pointer-sign -Wcast-function-type -Wno-array-bounds -Wno-stringop-overflow -Wno-alloc-size-larger-than -Wimplicit-fallthrough=5 -Werror=date-time -Werror=incompatible-pointer-types -Werror=designated-init -Wenum-conversion -Wunused -Wno-unused-but-set-variable -Wno-unused-const-variable -Wno-packed-not-aligned -Wno-format-overflow -Wno-format-truncation -Wno-stringop-truncation -Wno-override-init -Wno-missing-field-initializers -Wno-type-limits -Wno-shift-negative-value -Wno-maybe-uninitialized -Wno-sign-compare -Wno-unused-parameter -Wno-attribute-alias -mstack-protector-guard=tls -mstack-protector-guard-offset=1032    -DKBUILD_MODFILE='"io_uring/timeout"' -DKBUILD_BASENAME='"timeout"' -DKBUILD_MODNAME='"timeout"' -D__KBUILD_MODNAME=kmod_timeout -c -o io_uring/timeout.o io_uring/timeout.c  
# CC      crypto/sha256_generic.o
  /workspace/project/buildroot/buildroot-mchp/output/host/bin/arm-buildroot-linux-uclibcgnueabihf-gcc -Wp,-MMD,crypto/.sha256_generic.o.d -nostdinc -I./arch/arm/include -I./arch/arm/include/generated  -I./include -I./arch/arm/include/uapi -I./arch/arm/include/generated/uapi -I./include/uapi -I./include/generated/uapi -include ./include/linux/compiler-version.h -include ./include/linux/kconfig.h -include ./include/linux/compiler_types.h -D__KERNEL__ -mlittle-endian -D__LINUX_ARM_ARCH__=7 -fmacro-prefix-map=./= -std=gnu11 -fshort-wchar -funsigned-char -fno-common -fno-PIE -fno-strict-aliasing -fno-dwarf2-cfi-asm -mno-fdpic -fno-ipa-sra -mtp=cp15 -mabi=aapcs-linux -mfpu=vfp -funwind-tables -marm -Wa,-mno-warn-deprecated -march=armv7-a -msoft-float -Uarm -fno-delete-null-pointer-checks -O2 -fno-allow-store-data-races -fstack-protector-strong -fomit-frame-pointer -ftrivial-auto-var-init=zero -fno-stack-clash-protection -fstrict-flex-arrays=3 -fno-strict-overflow -fno-stack-check -fconserve-stack -fno-builtin-wcslen -fno-builtin-wcslen -Wall -Wextra -Wundef -Werror=implicit-function-declaration -Werror=implicit-int -Werror=return-type -Werror=strict-prototypes -Wno-format-security -Wno-trigraphs -Wno-frame-address -Wno-address-of-packed-member -Wmissing-declarations -Wmissing-prototypes -Wframe-larger-than=1024 -Wno-main -Wno-dangling-pointer -Wvla -Wno-pointer-sign -Wcast-function-type -Wno-array-bounds -Wno-stringop-overflow -Wno-alloc-size-larger-than -Wimplicit-fallthrough=5 -Werror=date-time -Werror=incompatible-pointer-types -Werror=designated-init -Wenum-conversion -Wunused -Wno-unused-but-set-variable -Wno-unused-const-variable -Wno-packed-not-aligned -Wno-format-overflow -Wno-format-truncation -Wno-stringop-truncation -Wno-override-init -Wno-missing-field-initializers -Wno-type-limits -Wno-shift-negative-value -Wno-maybe-uninitialized -Wno-sign-compare -Wno-unused-parameter -Wno-attribute-alias -mstack-protector-guard=tls -mstack-protector-guard-offset=1032    -DKBUILD_MODFILE='"crypto/sha256_generic"' -DKBUILD_BASENAME='"sha256_generic"' -DKBUILD_MODNAME='"sha256_generic"' -D__KBUILD_MODNAME=kmod_sha256_generic -c -o crypto/sha256_generic.o crypto/sha256_generic.c  
# CC      block/bfq-iosched.o
  /workspace/project/buildroot/buildroot-mchp/output/host/bin/arm-buildroot-linux-uclibcgnueabihf-gcc -Wp,-MMD,block/.bfq-iosched.o.d -nostdinc -I./arch/arm/include -I./arch/arm/include/generated  -I./include -I./arch/arm/include/uapi -I./arch/arm/include/generated/uapi -I./include/uapi -I./include/generated/uapi -include ./include/linux/compiler-version.h -include ./include/linux/kconfig.h -include ./include/linux/compiler_types.h -D__KERNEL__ -mlittle-endian -D__LINUX_ARM_ARCH__=7 -fmacro-prefix-map=./= -std=gnu11 -fshort-wchar -funsigned-char -fno-common -fno-PIE -fno-strict-aliasing -fno-dwarf2-cfi-asm -mno-fdpic -fno-ipa-sra -mtp=cp15 -mabi=aapcs-linux -mfpu=vfp -funwind-tables -marm -Wa,-mno-warn-deprecated -march=armv7-a -msoft-float -Uarm -fno-delete-null-pointer-checks -O2 -fno-allow-store-data-races -fstack-protector-strong -fomit-frame-pointer -ftrivial-auto-var-init=zero -fno-stack-clash-protection -fstrict-flex-arrays=3 -fno-strict-overflow -fno-stack-check -fconserve-stack -fno-builtin-wcslen -fno-builtin-wcslen -Wall -Wextra -Wundef -Werror=implicit-function-declaration -Werror=implicit-int -Werror=return-type -Werror=strict-prototypes -Wno-format-security -Wno-trigraphs -Wno-frame-address -Wno-address-of-packed-member -Wmissing-declarations -Wmissing-prototypes -Wframe-larger-than=1024 -Wno-main -Wno-dangling-pointer -Wvla -Wno-pointer-sign -Wcast-function-type -Wno-array-bounds -Wno-stringop-overflow -Wno-alloc-size-larger-than -Wimplicit-fallthrough=5 -Werror=date-time -Werror=incompatible-pointer-types -Werror=designated-init -Wenum-conversion -Wunused -Wno-unused-but-set-variable -Wno-unused-const-variable -Wno-packed-not-aligned -Wno-format-overflow -Wno-format-truncation -Wno-stringop-truncation -Wno-override-init -Wno-missing-field-initializers -Wno-type-limits -Wno-shift-negative-value -Wno-maybe-uninitialized -Wno-sign-compare -Wno-unused-parameter -Wno-attribute-alias -mstack-protector-guard=tls -mstack-protector-guard-offset=1032    -DKBUILD_MODFILE='"block/bfq"' -DKBUILD_BASENAME='"bfq_iosched"' -DKBUILD_MODNAME='"bfq"' -D__KBUILD_MODNAME=kmod_bfq -c -o block/bfq-iosched.o block/bfq-iosched.c  
# CC      crypto/sha512_generic.o
  /workspace/project/buildroot/buildroot-mchp/output/host/bin/arm-buildroot-linux-uclibcgnueabihf-gcc -Wp,-MMD,crypto/.sha512_generic.o.d -nostdinc -I./arch/arm/include -I./arch/arm/include/generated  -I./include -I./arch/arm/include/uapi -I./arch/arm/include/generated/uapi -I./include/uapi -I./include/generated/uapi -include ./include/linux/compiler-version.h -include ./include/linux/kconfig.h -include ./include/linux/compiler_types.h -D__KERNEL__ -mlittle-endian -D__LINUX_ARM_ARCH__=7 -fmacro-prefix-map=./= -std=gnu11 -fshort-wchar -funsigned-char -fno-common -fno-PIE -fno-strict-aliasing -fno-dwarf2-cfi-asm -mno-fdpic -fno-ipa-sra -mtp=cp15 -mabi=aapcs-linux -mfpu=vfp -funwind-tables -marm -Wa,-mno-warn-deprecated -march=armv7-a -msoft-float -Uarm -fno-delete-null-pointer-checks -O2 -fno-allow-store-data-races -fstack-protector-strong -fomit-frame-pointer -ftrivial-auto-var-init=zero -fno-stack-clash-protection -fstrict-flex-arrays=3 -fno-strict-overflow -fno-stack-check -fconserve-stack -fno-builtin-wcslen -fno-builtin-wcslen -Wall -Wextra -Wundef -Werror=implicit-function-declaration -Werror=implicit-int -Werror=return-type -Werror=strict-prototypes -Wno-format-security -Wno-trigraphs -Wno-frame-address -Wno-address-of-packed-member -Wmissing-declarations -Wmissing-prototypes -Wframe-larger-than=1024 -Wno-main -Wno-dangling-pointer -Wvla -Wno-pointer-sign -Wcast-function-type -Wno-array-bounds -Wno-stringop-overflow -Wno-alloc-size-larger-than -Wimplicit-fallthrough=5 -Werror=date-time -Werror=incompatible-pointer-types -Werror=designated-init -Wenum-conversion -Wunused -Wno-unused-but-set-variable -Wno-unused-const-variable -Wno-packed-not-aligned -Wno-format-overflow -Wno-format-truncation -Wno-stringop-truncation -Wno-override-init -Wno-missing-field-initializers -Wno-type-limits -Wno-shift-negative-value -Wno-maybe-uninitialized -Wno-sign-compare -Wno-unused-parameter -Wno-attribute-alias -mstack-protector-guard=tls -mstack-protector-guard-offset=1032    -DKBUILD_MODFILE='"crypto/sha512_generic"' -DKBUILD_BASENAME='"sha512_generic"' -DKBUILD_MODNAME='"sha512_generic"' -D__KBUILD_MODNAME=kmod_sha512_generic -c -o crypto/sha512_generic.o crypto/sha512_generic.c  
# CC      block/bfq-wf2q.o
  /workspace/project/buildroot/buildroot-mchp/output/host/bin/arm-buildroot-linux-uclibcgnueabihf-gcc -Wp,-MMD,block/.bfq-wf2q.o.d -nostdinc -I./arch/arm/include -I./arch/arm/include/generated  -I./include -I./arch/arm/include/uapi -I./arch/arm/include/generated/uapi -I./include/uapi -I./include/generated/uapi -include ./include/linux/compiler-version.h -include ./include/linux/kconfig.h -include ./include/linux/compiler_types.h -D__KERNEL__ -mlittle-endian -D__LINUX_ARM_ARCH__=7 -fmacro-prefix-map=./= -std=gnu11 -fshort-wchar -funsigned-char -fno-common -fno-PIE -fno-strict-aliasing -fno-dwarf2-cfi-asm -mno-fdpic -fno-ipa-sra -mtp=cp15 -mabi=aapcs-linux -mfpu=vfp -funwind-tables -marm -Wa,-mno-warn-deprecated -march=armv7-a -msoft-float -Uarm -fno-delete-null-pointer-checks -O2 -fno-allow-store-data-races -fstack-protector-strong -fomit-frame-pointer -ftrivial-auto-var-init=zero -fno-stack-clash-protection -fstrict-flex-arrays=3 -fno-strict-overflow -fno-stack-check -fconserve-stack -fno-builtin-wcslen -fno-builtin-wcslen -Wall -Wextra -Wundef -Werror=implicit-function-declaration -Werror=implicit-int -Werror=return-type -Werror=strict-prototypes -Wno-format-security -Wno-trigraphs -Wno-frame-address -Wno-address-of-packed-member -Wmissing-declarations -Wmissing-prototypes -Wframe-larger-than=1024 -Wno-main -Wno-dangling-pointer -Wvla -Wno-pointer-sign -Wcast-function-type -Wno-array-bounds -Wno-stringop-overflow -Wno-alloc-size-larger-than -Wimplicit-fallthrough=5 -Werror=date-time -Werror=incompatible-pointer-types -Werror=designated-init -Wenum-conversion -Wunused -Wno-unused-but-set-variable -Wno-unused-const-variable -Wno-packed-not-aligned -Wno-format-overflow -Wno-format-truncation -Wno-stringop-truncation -Wno-override-init -Wno-missing-field-initializers -Wno-type-limits -Wno-shift-negative-value -Wno-maybe-uninitialized -Wno-sign-compare -Wno-unused-parameter -Wno-attribute-alias -mstack-protector-guard=tls -mstack-protector-guard-offset=1032    -DKBUILD_MODFILE='"block/bfq"' -DKBUILD_BASENAME='"bfq_wf2q"' -DKBUILD_MODNAME='"bfq"' -D__KBUILD_MODNAME=kmod_bfq -c -o block/bfq-wf2q.o block/bfq-wf2q.c  
# CC      io_uring/fdinfo.o
  /workspace/project/buildroot/buildroot-mchp/output/host/bin/arm-buildroot-linux-uclibcgnueabihf-gcc -Wp,-MMD,io_uring/.fdinfo.o.d -nostdinc -I./arch/arm/include -I./arch/arm/include/generated  -I./include -I./arch/arm/include/uapi -I./arch/arm/include/generated/uapi -I./include/uapi -I./include/generated/uapi -include ./include/linux/compiler-version.h -include ./include/linux/kconfig.h -include ./include/linux/compiler_types.h -D__KERNEL__ -mlittle-endian -D__LINUX_ARM_ARCH__=7 -fmacro-prefix-map=./= -std=gnu11 -fshort-wchar -funsigned-char -fno-common -fno-PIE -fno-strict-aliasing -fno-dwarf2-cfi-asm -mno-fdpic -fno-ipa-sra -mtp=cp15 -mabi=aapcs-linux -mfpu=vfp -funwind-tables -marm -Wa,-mno-warn-deprecated -march=armv7-a -msoft-float -Uarm -fno-delete-null-pointer-checks -O2 -fno-allow-store-data-races -fstack-protector-strong -fomit-frame-pointer -ftrivial-auto-var-init=zero -fno-stack-clash-protection -fstrict-flex-arrays=3 -fno-strict-overflow -fno-stack-check -fconserve-stack -fno-builtin-wcslen -fno-builtin-wcslen -Wall -Wextra -Wundef -Werror=implicit-function-declaration -Werror=implicit-int -Werror=return-type -Werror=strict-prototypes -Wno-format-security -Wno-trigraphs -Wno-frame-address -Wno-address-of-packed-member -Wmissing-declarations -Wmissing-prototypes -Wframe-larger-than=1024 -Wno-main -Wno-dangling-pointer -Wvla -Wno-pointer-sign -Wcast-function-type -Wno-array-bounds -Wno-stringop-overflow -Wno-alloc-size-larger-than -Wimplicit-fallthrough=5 -Werror=date-time -Werror=incompatible-pointer-types -Werror=designated-init -Wenum-conversion -Wunused -Wno-unused-but-set-variable -Wno-unused-const-variable -Wno-packed-not-aligned -Wno-format-overflow -Wno-format-truncation -Wno-stringop-truncation -Wno-override-init -Wno-missing-field-initializers -Wno-type-limits -Wno-shift-negative-value -Wno-maybe-uninitialized -Wno-sign-compare -Wno-unused-parameter -Wno-attribute-alias -mstack-protector-guard=tls -mstack-protector-guard-offset=1032    -DKBUILD_MODFILE='"io_uring/fdinfo"' -DKBUILD_BASENAME='"fdinfo"' -DKBUILD_MODNAME='"fdinfo"' -D__KBUILD_MODNAME=kmod_fdinfo -c -o io_uring/fdinfo.o io_uring/fdinfo.c  
# CC      crypto/ecb.o
  /workspace/project/buildroot/buildroot-mchp/output/host/bin/arm-buildroot-linux-uclibcgnueabihf-gcc -Wp,-MMD,crypto/.ecb.o.d -nostdinc -I./arch/arm/include -I./arch/arm/include/generated  -I./include -I./arch/arm/include/uapi -I./arch/arm/include/generated/uapi -I./include/uapi -I./include/generated/uapi -include ./include/linux/compiler-version.h -include ./include/linux/kconfig.h -include ./include/linux/compiler_types.h -D__KERNEL__ -mlittle-endian -D__LINUX_ARM_ARCH__=7 -fmacro-prefix-map=./= -std=gnu11 -fshort-wchar -funsigned-char -fno-common -fno-PIE -fno-strict-aliasing -fno-dwarf2-cfi-asm -mno-fdpic -fno-ipa-sra -mtp=cp15 -mabi=aapcs-linux -mfpu=vfp -funwind-tables -marm -Wa,-mno-warn-deprecated -march=armv7-a -msoft-float -Uarm -fno-delete-null-pointer-checks -O2 -fno-allow-store-data-races -fstack-protector-strong -fomit-frame-pointer -ftrivial-auto-var-init=zero -fno-stack-clash-protection -fstrict-flex-arrays=3 -fno-strict-overflow -fno-stack-check -fconserve-stack -fno-builtin-wcslen -fno-builtin-wcslen -Wall -Wextra -Wundef -Werror=implicit-function-declaration -Werror=implicit-int -Werror=return-type -Werror=strict-prototypes -Wno-format-security -Wno-trigraphs -Wno-frame-address -Wno-address-of-packed-member -Wmissing-declarations -Wmissing-prototypes -Wframe-larger-than=1024 -Wno-main -Wno-dangling-pointer -Wvla -Wno-pointer-sign -Wcast-function-type -Wno-array-bounds -Wno-stringop-overflow -Wno-alloc-size-larger-than -Wimplicit-fallthrough=5 -Werror=date-time -Werror=incompatible-pointer-types -Werror=designated-init -Wenum-conversion -Wunused -Wno-unused-but-set-variable -Wno-unused-const-variable -Wno-packed-not-aligned -Wno-format-overflow -Wno-format-truncation -Wno-stringop-truncation -Wno-override-init -Wno-missing-field-initializers -Wno-type-limits -Wno-shift-negative-value -Wno-maybe-uninitialized -Wno-sign-compare -Wno-unused-parameter -Wno-attribute-alias -mstack-protector-guard=tls -mstack-protector-guard-offset=1032    -DKBUILD_MODFILE='"crypto/ecb"' -DKBUILD_BASENAME='"ecb"' -DKBUILD_MODNAME='"ecb"' -D__KBUILD_MODNAME=kmod_ecb -c -o crypto/ecb.o crypto/ecb.c  
# CC      block/bfq-cgroup.o
  /workspace/project/buildroot/buildroot-mchp/output/host/bin/arm-buildroot-linux-uclibcgnueabihf-gcc -Wp,-MMD,block/.bfq-cgroup.o.d -nostdinc -I./arch/arm/include -I./arch/arm/include/generated  -I./include -I./arch/arm/include/uapi -I./arch/arm/include/generated/uapi -I./include/uapi -I./include/generated/uapi -include ./include/linux/compiler-version.h -include ./include/linux/kconfig.h -include ./include/linux/compiler_types.h -D__KERNEL__ -mlittle-endian -D__LINUX_ARM_ARCH__=7 -fmacro-prefix-map=./= -std=gnu11 -fshort-wchar -funsigned-char -fno-common -fno-PIE -fno-strict-aliasing -fno-dwarf2-cfi-asm -mno-fdpic -fno-ipa-sra -mtp=cp15 -mabi=aapcs-linux -mfpu=vfp -funwind-tables -marm -Wa,-mno-warn-deprecated -march=armv7-a -msoft-float -Uarm -fno-delete-null-pointer-checks -O2 -fno-allow-store-data-races -fstack-protector-strong -fomit-frame-pointer -ftrivial-auto-var-init=zero -fno-stack-clash-protection -fstrict-flex-arrays=3 -fno-strict-overflow -fno-stack-check -fconserve-stack -fno-builtin-wcslen -fno-builtin-wcslen -Wall -Wextra -Wundef -Werror=implicit-function-declaration -Werror=implicit-int -Werror=return-type -Werror=strict-prototypes -Wno-format-security -Wno-trigraphs -Wno-frame-address -Wno-address-of-packed-member -Wmissing-declarations -Wmissing-prototypes -Wframe-larger-than=1024 -Wno-main -Wno-dangling-pointer -Wvla -Wno-pointer-sign -Wcast-function-type -Wno-array-bounds -Wno-stringop-overflow -Wno-alloc-size-larger-than -Wimplicit-fallthrough=5 -Werror=date-time -Werror=incompatible-pointer-types -Werror=designated-init -Wenum-conversion -Wunused -Wno-unused-but-set-variable -Wno-unused-const-variable -Wno-packed-not-aligned -Wno-format-overflow -Wno-format-truncation -Wno-stringop-truncation -Wno-override-init -Wno-missing-field-initializers -Wno-type-limits -Wno-shift-negative-value -Wno-maybe-uninitialized -Wno-sign-compare -Wno-unused-parameter -Wno-attribute-alias -mstack-protector-guard=tls -mstack-protector-guard-offset=1032    -DKBUILD_MODFILE='"block/bfq"' -DKBUILD_BASENAME='"bfq_cgroup"' -DKBUILD_MODNAME='"bfq"' -D__KBUILD_MODNAME=kmod_bfq -c -o block/bfq-cgroup.o block/bfq-cgroup.c  
# CC      crypto/cbc.o
  /workspace/project/buildroot/buildroot-mchp/output/host/bin/arm-buildroot-linux-uclibcgnueabihf-gcc -Wp,-MMD,crypto/.cbc.o.d -nostdinc -I./arch/arm/include -I./arch/arm/include/generated  -I./include -I./arch/arm/include/uapi -I./arch/arm/include/generated/uapi -I./include/uapi -I./include/generated/uapi -include ./include/linux/compiler-version.h -include ./include/linux/kconfig.h -include ./include/linux/compiler_types.h -D__KERNEL__ -mlittle-endian -D__LINUX_ARM_ARCH__=7 -fmacro-prefix-map=./= -std=gnu11 -fshort-wchar -funsigned-char -fno-common -fno-PIE -fno-strict-aliasing -fno-dwarf2-cfi-asm -mno-fdpic -fno-ipa-sra -mtp=cp15 -mabi=aapcs-linux -mfpu=vfp -funwind-tables -marm -Wa,-mno-warn-deprecated -march=armv7-a -msoft-float -Uarm -fno-delete-null-pointer-checks -O2 -fno-allow-store-data-races -fstack-protector-strong -fomit-frame-pointer -ftrivial-auto-var-init=zero -fno-stack-clash-protection -fstrict-flex-arrays=3 -fno-strict-overflow -fno-stack-check -fconserve-stack -fno-builtin-wcslen -fno-builtin-wcslen -Wall -Wextra -Wundef -Werror=implicit-function-declaration -Werror=implicit-int -Werror=return-type -Werror=strict-prototypes -Wno-format-security -Wno-trigraphs -Wno-frame-address -Wno-address-of-packed-member -Wmissing-declarations -Wmissing-prototypes -Wframe-larger-than=1024 -Wno-main -Wno-dangling-pointer -Wvla -Wno-pointer-sign -Wcast-function-type -Wno-array-bounds -Wno-stringop-overflow -Wno-alloc-size-larger-than -Wimplicit-fallthrough=5 -Werror=date-time -Werror=incompatible-pointer-types -Werror=designated-init -Wenum-conversion -Wunused -Wno-unused-but-set-variable -Wno-unused-const-variable -Wno-packed-not-aligned -Wno-format-overflow -Wno-format-truncation -Wno-stringop-truncation -Wno-override-init -Wno-missing-field-initializers -Wno-type-limits -Wno-shift-negative-value -Wno-maybe-uninitialized -Wno-sign-compare -Wno-unused-parameter -Wno-attribute-alias -mstack-protector-guard=tls -mstack-protector-guard-offset=1032    -DKBUILD_MODFILE='"crypto/cbc"' -DKBUILD_BASENAME='"cbc"' -DKBUILD_MODNAME='"cbc"' -D__KBUILD_MODNAME=kmod_cbc -c -o crypto/cbc.o crypto/cbc.c  
# CC      io_uring/cancel.o
  /workspace/project/buildroot/buildroot-mchp/output/host/bin/arm-buildroot-linux-uclibcgnueabihf-gcc -Wp,-MMD,io_uring/.cancel.o.d -nostdinc -I./arch/arm/include -I./arch/arm/include/generated  -I./include -I./arch/arm/include/uapi -I./arch/arm/include/generated/uapi -I./include/uapi -I./include/generated/uapi -include ./include/linux/compiler-version.h -include ./include/linux/kconfig.h -include ./include/linux/compiler_types.h -D__KERNEL__ -mlittle-endian -D__LINUX_ARM_ARCH__=7 -fmacro-prefix-map=./= -std=gnu11 -fshort-wchar -funsigned-char -fno-common -fno-PIE -fno-strict-aliasing -fno-dwarf2-cfi-asm -mno-fdpic -fno-ipa-sra -mtp=cp15 -mabi=aapcs-linux -mfpu=vfp -funwind-tables -marm -Wa,-mno-warn-deprecated -march=armv7-a -msoft-float -Uarm -fno-delete-null-pointer-checks -O2 -fno-allow-store-data-races -fstack-protector-strong -fomit-frame-pointer -ftrivial-auto-var-init=zero -fno-stack-clash-protection -fstrict-flex-arrays=3 -fno-strict-overflow -fno-stack-check -fconserve-stack -fno-builtin-wcslen -fno-builtin-wcslen -Wall -Wextra -Wundef -Werror=implicit-function-declaration -Werror=implicit-int -Werror=return-type -Werror=strict-prototypes -Wno-format-security -Wno-trigraphs -Wno-frame-address -Wno-address-of-packed-member -Wmissing-declarations -Wmissing-prototypes -Wframe-larger-than=1024 -Wno-main -Wno-dangling-pointer -Wvla -Wno-pointer-sign -Wcast-function-type -Wno-array-bounds -Wno-stringop-overflow -Wno-alloc-size-larger-than -Wimplicit-fallthrough=5 -Werror=date-time -Werror=incompatible-pointer-types -Werror=designated-init -Wenum-conversion -Wunused -Wno-unused-but-set-variable -Wno-unused-const-variable -Wno-packed-not-aligned -Wno-format-overflow -Wno-format-truncation -Wno-stringop-truncation -Wno-override-init -Wno-missing-field-initializers -Wno-type-limits -Wno-shift-negative-value -Wno-maybe-uninitialized -Wno-sign-compare -Wno-unused-parameter -Wno-attribute-alias -mstack-protector-guard=tls -mstack-protector-guard-offset=1032    -DKBUILD_MODFILE='"io_uring/cancel"' -DKBUILD_BASENAME='"cancel"' -DKBUILD_MODNAME='"cancel"' -D__KBUILD_MODNAME=kmod_cancel -c -o io_uring/cancel.o io_uring/cancel.c  
# CC      io_uring/waitid.o
  /workspace/project/buildroot/buildroot-mchp/output/host/bin/arm-buildroot-linux-uclibcgnueabihf-gcc -Wp,-MMD,io_uring/.waitid.o.d -nostdinc -I./arch/arm/include -I./arch/arm/include/generated  -I./include -I./arch/arm/include/uapi -I./arch/arm/include/generated/uapi -I./include/uapi -I./include/generated/uapi -include ./include/linux/compiler-version.h -include ./include/linux/kconfig.h -include ./include/linux/compiler_types.h -D__KERNEL__ -mlittle-endian -D__LINUX_ARM_ARCH__=7 -fmacro-prefix-map=./= -std=gnu11 -fshort-wchar -funsigned-char -fno-common -fno-PIE -fno-strict-aliasing -fno-dwarf2-cfi-asm -mno-fdpic -fno-ipa-sra -mtp=cp15 -mabi=aapcs-linux -mfpu=vfp -funwind-tables -marm -Wa,-mno-warn-deprecated -march=armv7-a -msoft-float -Uarm -fno-delete-null-pointer-checks -O2 -fno-allow-store-data-races -fstack-protector-strong -fomit-frame-pointer -ftrivial-auto-var-init=zero -fno-stack-clash-protection -fstrict-flex-arrays=3 -fno-strict-overflow -fno-stack-check -fconserve-stack -fno-builtin-wcslen -fno-builtin-wcslen -Wall -Wextra -Wundef -Werror=implicit-function-declaration -Werror=implicit-int -Werror=return-type -Werror=strict-prototypes -Wno-format-security -Wno-trigraphs -Wno-frame-address -Wno-address-of-packed-member -Wmissing-declarations -Wmissing-prototypes -Wframe-larger-than=1024 -Wno-main -Wno-dangling-pointer -Wvla -Wno-pointer-sign -Wcast-function-type -Wno-array-bounds -Wno-stringop-overflow -Wno-alloc-size-larger-than -Wimplicit-fallthrough=5 -Werror=date-time -Werror=incompatible-pointer-types -Werror=designated-init -Wenum-conversion -Wunused -Wno-unused-but-set-variable -Wno-unused-const-variable -Wno-packed-not-aligned -Wno-format-overflow -Wno-format-truncation -Wno-stringop-truncation -Wno-override-init -Wno-missing-field-initializers -Wno-type-limits -Wno-shift-negative-value -Wno-maybe-uninitialized -Wno-sign-compare -Wno-unused-parameter -Wno-attribute-alias -mstack-protector-guard=tls -mstack-protector-guard-offset=1032    -DKBUILD_MODFILE='"io_uring/waitid"' -DKBUILD_BASENAME='"waitid"' -DKBUILD_MODNAME='"waitid"' -D__KBUILD_MODNAME=kmod_waitid -c -o io_uring/waitid.o io_uring/waitid.c  
# CC      crypto/xts.o
  /workspace/project/buildroot/buildroot-mchp/output/host/bin/arm-buildroot-linux-uclibcgnueabihf-gcc -Wp,-MMD,crypto/.xts.o.d -nostdinc -I./arch/arm/include -I./arch/arm/include/generated  -I./include -I./arch/arm/include/uapi -I./arch/arm/include/generated/uapi -I./include/uapi -I./include/generated/uapi -include ./include/linux/compiler-version.h -include ./include/linux/kconfig.h -include ./include/linux/compiler_types.h -D__KERNEL__ -mlittle-endian -D__LINUX_ARM_ARCH__=7 -fmacro-prefix-map=./= -std=gnu11 -fshort-wchar -funsigned-char -fno-common -fno-PIE -fno-strict-aliasing -fno-dwarf2-cfi-asm -mno-fdpic -fno-ipa-sra -mtp=cp15 -mabi=aapcs-linux -mfpu=vfp -funwind-tables -marm -Wa,-mno-warn-deprecated -march=armv7-a -msoft-float -Uarm -fno-delete-null-pointer-checks -O2 -fno-allow-store-data-races -fstack-protector-strong -fomit-frame-pointer -ftrivial-auto-var-init=zero -fno-stack-clash-protection -fstrict-flex-arrays=3 -fno-strict-overflow -fno-stack-check -fconserve-stack -fno-builtin-wcslen -fno-builtin-wcslen -Wall -Wextra -Wundef -Werror=implicit-function-declaration -Werror=implicit-int -Werror=return-type -Werror=strict-prototypes -Wno-format-security -Wno-trigraphs -Wno-frame-address -Wno-address-of-packed-member -Wmissing-declarations -Wmissing-prototypes -Wframe-larger-than=1024 -Wno-main -Wno-dangling-pointer -Wvla -Wno-pointer-sign -Wcast-function-type -Wno-array-bounds -Wno-stringop-overflow -Wno-alloc-size-larger-than -Wimplicit-fallthrough=5 -Werror=date-time -Werror=incompatible-pointer-types -Werror=designated-init -Wenum-conversion -Wunused -Wno-unused-but-set-variable -Wno-unused-const-variable -Wno-packed-not-aligned -Wno-format-overflow -Wno-format-truncation -Wno-stringop-truncation -Wno-override-init -Wno-missing-field-initializers -Wno-type-limits -Wno-shift-negative-value -Wno-maybe-uninitialized -Wno-sign-compare -Wno-unused-parameter -Wno-attribute-alias -mstack-protector-guard=tls -mstack-protector-guard-offset=1032    -DKBUILD_MODFILE='"crypto/xts"' -DKBUILD_BASENAME='"xts"' -DKBUILD_MODNAME='"xts"' -D__KBUILD_MODNAME=kmod_xts -c -o crypto/xts.o crypto/xts.c  
# CC      io_uring/register.o
  /workspace/project/buildroot/buildroot-mchp/output/host/bin/arm-buildroot-linux-uclibcgnueabihf-gcc -Wp,-MMD,io_uring/.register.o.d -nostdinc -I./arch/arm/include -I./arch/arm/include/generated  -I./include -I./arch/arm/include/uapi -I./arch/arm/include/generated/uapi -I./include/uapi -I./include/generated/uapi -include ./include/linux/compiler-version.h -include ./include/linux/kconfig.h -include ./include/linux/compiler_types.h -D__KERNEL__ -mlittle-endian -D__LINUX_ARM_ARCH__=7 -fmacro-prefix-map=./= -std=gnu11 -fshort-wchar -funsigned-char -fno-common -fno-PIE -fno-strict-aliasing -fno-dwarf2-cfi-asm -mno-fdpic -fno-ipa-sra -mtp=cp15 -mabi=aapcs-linux -mfpu=vfp -funwind-tables -marm -Wa,-mno-warn-deprecated -march=armv7-a -msoft-float -Uarm -fno-delete-null-pointer-checks -O2 -fno-allow-store-data-races -fstack-protector-strong -fomit-frame-pointer -ftrivial-auto-var-init=zero -fno-stack-clash-protection -fstrict-flex-arrays=3 -fno-strict-overflow -fno-stack-check -fconserve-stack -fno-builtin-wcslen -fno-builtin-wcslen -Wall -Wextra -Wundef -Werror=implicit-function-declaration -Werror=implicit-int -Werror=return-type -Werror=strict-prototypes -Wno-format-security -Wno-trigraphs -Wno-frame-address -Wno-address-of-packed-member -Wmissing-declarations -Wmissing-prototypes -Wframe-larger-than=1024 -Wno-main -Wno-dangling-pointer -Wvla -Wno-pointer-sign -Wcast-function-type -Wno-array-bounds -Wno-stringop-overflow -Wno-alloc-size-larger-than -Wimplicit-fallthrough=5 -Werror=date-time -Werror=incompatible-pointer-types -Werror=designated-init -Wenum-conversion -Wunused -Wno-unused-but-set-variable -Wno-unused-const-variable -Wno-packed-not-aligned -Wno-format-overflow -Wno-format-truncation -Wno-stringop-truncation -Wno-override-init -Wno-missing-field-initializers -Wno-type-limits -Wno-shift-negative-value -Wno-maybe-uninitialized -Wno-sign-compare -Wno-unused-parameter -Wno-attribute-alias -mstack-protector-guard=tls -mstack-protector-guard-offset=1032    -DKBUILD_MODFILE='"io_uring/register"' -DKBUILD_BASENAME='"register"' -DKBUILD_MODNAME='"register"' -D__KBUILD_MODNAME=kmod_register -c -o io_uring/register.o io_uring/register.c  
# CC      crypto/ctr.o
  /workspace/project/buildroot/buildroot-mchp/output/host/bin/arm-buildroot-linux-uclibcgnueabihf-gcc -Wp,-MMD,crypto/.ctr.o.d -nostdinc -I./arch/arm/include -I./arch/arm/include/generated  -I./include -I./arch/arm/include/uapi -I./arch/arm/include/generated/uapi -I./include/uapi -I./include/generated/uapi -include ./include/linux/compiler-version.h -include ./include/linux/kconfig.h -include ./include/linux/compiler_types.h -D__KERNEL__ -mlittle-endian -D__LINUX_ARM_ARCH__=7 -fmacro-prefix-map=./= -std=gnu11 -fshort-wchar -funsigned-char -fno-common -fno-PIE -fno-strict-aliasing -fno-dwarf2-cfi-asm -mno-fdpic -fno-ipa-sra -mtp=cp15 -mabi=aapcs-linux -mfpu=vfp -funwind-tables -marm -Wa,-mno-warn-deprecated -march=armv7-a -msoft-float -Uarm -fno-delete-null-pointer-checks -O2 -fno-allow-store-data-races -fstack-protector-strong -fomit-frame-pointer -ftrivial-auto-var-init=zero -fno-stack-clash-protection -fstrict-flex-arrays=3 -fno-strict-overflow -fno-stack-check -fconserve-stack -fno-builtin-wcslen -fno-builtin-wcslen -Wall -Wextra -Wundef -Werror=implicit-function-declaration -Werror=implicit-int -Werror=return-type -Werror=strict-prototypes -Wno-format-security -Wno-trigraphs -Wno-frame-address -Wno-address-of-packed-member -Wmissing-declarations -Wmissing-prototypes -Wframe-larger-than=1024 -Wno-main -Wno-dangling-pointer -Wvla -Wno-pointer-sign -Wcast-function-type -Wno-array-bounds -Wno-stringop-overflow -Wno-alloc-size-larger-than -Wimplicit-fallthrough=5 -Werror=date-time -Werror=incompatible-pointer-types -Werror=designated-init -Wenum-conversion -Wunused -Wno-unused-but-set-variable -Wno-unused-const-variable -Wno-packed-not-aligned -Wno-format-overflow -Wno-format-truncation -Wno-stringop-truncation -Wno-override-init -Wno-missing-field-initializers -Wno-type-limits -Wno-shift-negative-value -Wno-maybe-uninitialized -Wno-sign-compare -Wno-unused-parameter -Wno-attribute-alias -mstack-protector-guard=tls -mstack-protector-guard-offset=1032    -DKBUILD_MODFILE='"crypto/ctr"' -DKBUILD_BASENAME='"ctr"' -DKBUILD_MODNAME='"ctr"' -D__KBUILD_MODNAME=kmod_ctr -c -o crypto/ctr.o crypto/ctr.c  
# CC      io_uring/truncate.o
  /workspace/project/buildroot/buildroot-mchp/output/host/bin/arm-buildroot-linux-uclibcgnueabihf-gcc -Wp,-MMD,io_uring/.truncate.o.d -nostdinc -I./arch/arm/include -I./arch/arm/include/generated  -I./include -I./arch/arm/include/uapi -I./arch/arm/include/generated/uapi -I./include/uapi -I./include/generated/uapi -include ./include/linux/compiler-version.h -include ./include/linux/kconfig.h -include ./include/linux/compiler_types.h -D__KERNEL__ -mlittle-endian -D__LINUX_ARM_ARCH__=7 -fmacro-prefix-map=./= -std=gnu11 -fshort-wchar -funsigned-char -fno-common -fno-PIE -fno-strict-aliasing -fno-dwarf2-cfi-asm -mno-fdpic -fno-ipa-sra -mtp=cp15 -mabi=aapcs-linux -mfpu=vfp -funwind-tables -marm -Wa,-mno-warn-deprecated -march=armv7-a -msoft-float -Uarm -fno-delete-null-pointer-checks -O2 -fno-allow-store-data-races -fstack-protector-strong -fomit-frame-pointer -ftrivial-auto-var-init=zero -fno-stack-clash-protection -fstrict-flex-arrays=3 -fno-strict-overflow -fno-stack-check -fconserve-stack -fno-builtin-wcslen -fno-builtin-wcslen -Wall -Wextra -Wundef -Werror=implicit-function-declaration -Werror=implicit-int -Werror=return-type -Werror=strict-prototypes -Wno-format-security -Wno-trigraphs -Wno-frame-address -Wno-address-of-packed-member -Wmissing-declarations -Wmissing-prototypes -Wframe-larger-than=1024 -Wno-main -Wno-dangling-pointer -Wvla -Wno-pointer-sign -Wcast-function-type -Wno-array-bounds -Wno-stringop-overflow -Wno-alloc-size-larger-than -Wimplicit-fallthrough=5 -Werror=date-time -Werror=incompatible-pointer-types -Werror=designated-init -Wenum-conversion -Wunused -Wno-unused-but-set-variable -Wno-unused-const-variable -Wno-packed-not-aligned -Wno-format-overflow -Wno-format-truncation -Wno-stringop-truncation -Wno-override-init -Wno-missing-field-initializers -Wno-type-limits -Wno-shift-negative-value -Wno-maybe-uninitialized -Wno-sign-compare -Wno-unused-parameter -Wno-attribute-alias -mstack-protector-guard=tls -mstack-protector-guard-offset=1032    -DKBUILD_MODFILE='"io_uring/truncate"' -DKBUILD_BASENAME='"truncate"' -DKBUILD_MODNAME='"truncate"' -D__KBUILD_MODNAME=kmod_truncate -c -o io_uring/truncate.o io_uring/truncate.c  
# CC      io_uring/memmap.o
  /workspace/project/buildroot/buildroot-mchp/output/host/bin/arm-buildroot-linux-uclibcgnueabihf-gcc -Wp,-MMD,io_uring/.memmap.o.d -nostdinc -I./arch/arm/include -I./arch/arm/include/generated  -I./include -I./arch/arm/include/uapi -I./arch/arm/include/generated/uapi -I./include/uapi -I./include/generated/uapi -include ./include/linux/compiler-version.h -include ./include/linux/kconfig.h -include ./include/linux/compiler_types.h -D__KERNEL__ -mlittle-endian -D__LINUX_ARM_ARCH__=7 -fmacro-prefix-map=./= -std=gnu11 -fshort-wchar -funsigned-char -fno-common -fno-PIE -fno-strict-aliasing -fno-dwarf2-cfi-asm -mno-fdpic -fno-ipa-sra -mtp=cp15 -mabi=aapcs-linux -mfpu=vfp -funwind-tables -marm -Wa,-mno-warn-deprecated -march=armv7-a -msoft-float -Uarm -fno-delete-null-pointer-checks -O2 -fno-allow-store-data-races -fstack-protector-strong -fomit-frame-pointer -ftrivial-auto-var-init=zero -fno-stack-clash-protection -fstrict-flex-arrays=3 -fno-strict-overflow -fno-stack-check -fconserve-stack -fno-builtin-wcslen -fno-builtin-wcslen -Wall -Wextra -Wundef -Werror=implicit-function-declaration -Werror=implicit-int -Werror=return-type -Werror=strict-prototypes -Wno-format-security -Wno-trigraphs -Wno-frame-address -Wno-address-of-packed-member -Wmissing-declarations -Wmissing-prototypes -Wframe-larger-than=1024 -Wno-main -Wno-dangling-pointer -Wvla -Wno-pointer-sign -Wcast-function-type -Wno-array-bounds -Wno-stringop-overflow -Wno-alloc-size-larger-than -Wimplicit-fallthrough=5 -Werror=date-time -Werror=incompatible-pointer-types -Werror=designated-init -Wenum-conversion -Wunused -Wno-unused-but-set-variable -Wno-unused-const-variable -Wno-packed-not-aligned -Wno-format-overflow -Wno-format-truncation -Wno-stringop-truncation -Wno-override-init -Wno-missing-field-initializers -Wno-type-limits -Wno-shift-negative-value -Wno-maybe-uninitialized -Wno-sign-compare -Wno-unused-parameter -Wno-attribute-alias -mstack-protector-guard=tls -mstack-protector-guard-offset=1032    -DKBUILD_MODFILE='"io_uring/memmap"' -DKBUILD_BASENAME='"memmap"' -DKBUILD_MODNAME='"memmap"' -D__KBUILD_MODNAME=kmod_memmap -c -o io_uring/memmap.o io_uring/memmap.c  
# CC      crypto/gcm.o
  /workspace/project/buildroot/buildroot-mchp/output/host/bin/arm-buildroot-linux-uclibcgnueabihf-gcc -Wp,-MMD,crypto/.gcm.o.d -nostdinc -I./arch/arm/include -I./arch/arm/include/generated  -I./include -I./arch/arm/include/uapi -I./arch/arm/include/generated/uapi -I./include/uapi -I./include/generated/uapi -include ./include/linux/compiler-version.h -include ./include/linux/kconfig.h -include ./include/linux/compiler_types.h -D__KERNEL__ -mlittle-endian -D__LINUX_ARM_ARCH__=7 -fmacro-prefix-map=./= -std=gnu11 -fshort-wchar -funsigned-char -fno-common -fno-PIE -fno-strict-aliasing -fno-dwarf2-cfi-asm -mno-fdpic -fno-ipa-sra -mtp=cp15 -mabi=aapcs-linux -mfpu=vfp -funwind-tables -marm -Wa,-mno-warn-deprecated -march=armv7-a -msoft-float -Uarm -fno-delete-null-pointer-checks -O2 -fno-allow-store-data-races -fstack-protector-strong -fomit-frame-pointer -ftrivial-auto-var-init=zero -fno-stack-clash-protection -fstrict-flex-arrays=3 -fno-strict-overflow -fno-stack-check -fconserve-stack -fno-builtin-wcslen -fno-builtin-wcslen -Wall -Wextra -Wundef -Werror=implicit-function-declaration -Werror=implicit-int -Werror=return-type -Werror=strict-prototypes -Wno-format-security -Wno-trigraphs -Wno-frame-address -Wno-address-of-packed-member -Wmissing-declarations -Wmissing-prototypes -Wframe-larger-than=1024 -Wno-main -Wno-dangling-pointer -Wvla -Wno-pointer-sign -Wcast-function-type -Wno-array-bounds -Wno-stringop-overflow -Wno-alloc-size-larger-than -Wimplicit-fallthrough=5 -Werror=date-time -Werror=incompatible-pointer-types -Werror=designated-init -Wenum-conversion -Wunused -Wno-unused-but-set-variable -Wno-unused-const-variable -Wno-packed-not-aligned -Wno-format-overflow -Wno-format-truncation -Wno-stringop-truncation -Wno-override-init -Wno-missing-field-initializers -Wno-type-limits -Wno-shift-negative-value -Wno-maybe-uninitialized -Wno-sign-compare -Wno-unused-parameter -Wno-attribute-alias -mstack-protector-guard=tls -mstack-protector-guard-offset=1032    -DKBUILD_MODFILE='"crypto/gcm"' -DKBUILD_BASENAME='"gcm"' -DKBUILD_MODNAME='"gcm"' -D__KBUILD_MODNAME=kmod_gcm -c -o crypto/gcm.o crypto/gcm.c  
# CC      block/blk-mq-debugfs.o
  /workspace/project/buildroot/buildroot-mchp/output/host/bin/arm-buildroot-linux-uclibcgnueabihf-gcc -Wp,-MMD,block/.blk-mq-debugfs.o.d -nostdinc -I./arch/arm/include -I./arch/arm/include/generated  -I./include -I./arch/arm/include/uapi -I./arch/arm/include/generated/uapi -I./include/uapi -I./include/generated/uapi -include ./include/linux/compiler-version.h -include ./include/linux/kconfig.h -include ./include/linux/compiler_types.h -D__KERNEL__ -mlittle-endian -D__LINUX_ARM_ARCH__=7 -fmacro-prefix-map=./= -std=gnu11 -fshort-wchar -funsigned-char -fno-common -fno-PIE -fno-strict-aliasing -fno-dwarf2-cfi-asm -mno-fdpic -fno-ipa-sra -mtp=cp15 -mabi=aapcs-linux -mfpu=vfp -funwind-tables -marm -Wa,-mno-warn-deprecated -march=armv7-a -msoft-float -Uarm -fno-delete-null-pointer-checks -O2 -fno-allow-store-data-races -fstack-protector-strong -fomit-frame-pointer -ftrivial-auto-var-init=zero -fno-stack-clash-protection -fstrict-flex-arrays=3 -fno-strict-overflow -fno-stack-check -fconserve-stack -fno-builtin-wcslen -fno-builtin-wcslen -Wall -Wextra -Wundef -Werror=implicit-function-declaration -Werror=implicit-int -Werror=return-type -Werror=strict-prototypes -Wno-format-security -Wno-trigraphs -Wno-frame-address -Wno-address-of-packed-member -Wmissing-declarations -Wmissing-prototypes -Wframe-larger-than=1024 -Wno-main -Wno-dangling-pointer -Wvla -Wno-pointer-sign -Wcast-function-type -Wno-array-bounds -Wno-stringop-overflow -Wno-alloc-size-larger-than -Wimplicit-fallthrough=5 -Werror=date-time -Werror=incompatible-pointer-types -Werror=designated-init -Wenum-conversion -Wunused -Wno-unused-but-set-variable -Wno-unused-const-variable -Wno-packed-not-aligned -Wno-format-overflow -Wno-format-truncation -Wno-stringop-truncation -Wno-override-init -Wno-missing-field-initializers -Wno-type-limits -Wno-shift-negative-value -Wno-maybe-uninitialized -Wno-sign-compare -Wno-unused-parameter -Wno-attribute-alias -mstack-protector-guard=tls -mstack-protector-guard-offset=1032    -DKBUILD_MODFILE='"block/blk-mq-debugfs"' -DKBUILD_BASENAME='"blk_mq_debugfs"' -DKBUILD_MODNAME='"blk_mq_debugfs"' -D__KBUILD_MODNAME=kmod_blk_mq_debugfs -c -o block/blk-mq-debugfs.o block/blk-mq-debugfs.c  
# CC      block/blk-pm.o
  /workspace/project/buildroot/buildroot-mchp/output/host/bin/arm-buildroot-linux-uclibcgnueabihf-gcc -Wp,-MMD,block/.blk-pm.o.d -nostdinc -I./arch/arm/include -I./arch/arm/include/generated  -I./include -I./arch/arm/include/uapi -I./arch/arm/include/generated/uapi -I./include/uapi -I./include/generated/uapi -include ./include/linux/compiler-version.h -include ./include/linux/kconfig.h -include ./include/linux/compiler_types.h -D__KERNEL__ -mlittle-endian -D__LINUX_ARM_ARCH__=7 -fmacro-prefix-map=./= -std=gnu11 -fshort-wchar -funsigned-char -fno-common -fno-PIE -fno-strict-aliasing -fno-dwarf2-cfi-asm -mno-fdpic -fno-ipa-sra -mtp=cp15 -mabi=aapcs-linux -mfpu=vfp -funwind-tables -marm -Wa,-mno-warn-deprecated -march=armv7-a -msoft-float -Uarm -fno-delete-null-pointer-checks -O2 -fno-allow-store-data-races -fstack-protector-strong -fomit-frame-pointer -ftrivial-auto-var-init=zero -fno-stack-clash-protection -fstrict-flex-arrays=3 -fno-strict-overflow -fno-stack-check -fconserve-stack -fno-builtin-wcslen -fno-builtin-wcslen -Wall -Wextra -Wundef -Werror=implicit-function-declaration -Werror=implicit-int -Werror=return-type -Werror=strict-prototypes -Wno-format-security -Wno-trigraphs -Wno-frame-address -Wno-address-of-packed-member -Wmissing-declarations -Wmissing-prototypes -Wframe-larger-than=1024 -Wno-main -Wno-dangling-pointer -Wvla -Wno-pointer-sign -Wcast-function-type -Wno-array-bounds -Wno-stringop-overflow -Wno-alloc-size-larger-than -Wimplicit-fallthrough=5 -Werror=date-time -Werror=incompatible-pointer-types -Werror=designated-init -Wenum-conversion -Wunused -Wno-unused-but-set-variable -Wno-unused-const-variable -Wno-packed-not-aligned -Wno-format-overflow -Wno-format-truncation -Wno-stringop-truncation -Wno-override-init -Wno-missing-field-initializers -Wno-type-limits -Wno-shift-negative-value -Wno-maybe-uninitialized -Wno-sign-compare -Wno-unused-parameter -Wno-attribute-alias -mstack-protector-guard=tls -mstack-protector-guard-offset=1032    -DKBUILD_MODFILE='"block/blk-pm"' -DKBUILD_BASENAME='"blk_pm"' -DKBUILD_MODNAME='"blk_pm"' -D__KBUILD_MODNAME=kmod_blk_pm -c -o block/blk-pm.o block/blk-pm.c  
# cmd_gen_order block/modules.order
  {   cat block/partitions/modules.order; :; } > block/modules.order
# CC      crypto/ccm.o
  /workspace/project/buildroot/buildroot-mchp/output/host/bin/arm-buildroot-linux-uclibcgnueabihf-gcc -Wp,-MMD,crypto/.ccm.o.d -nostdinc -I./arch/arm/include -I./arch/arm/include/generated  -I./include -I./arch/arm/include/uapi -I./arch/arm/include/generated/uapi -I./include/uapi -I./include/generated/uapi -include ./include/linux/compiler-version.h -include ./include/linux/kconfig.h -include ./include/linux/compiler_types.h -D__KERNEL__ -mlittle-endian -D__LINUX_ARM_ARCH__=7 -fmacro-prefix-map=./= -std=gnu11 -fshort-wchar -funsigned-char -fno-common -fno-PIE -fno-strict-aliasing -fno-dwarf2-cfi-asm -mno-fdpic -fno-ipa-sra -mtp=cp15 -mabi=aapcs-linux -mfpu=vfp -funwind-tables -marm -Wa,-mno-warn-deprecated -march=armv7-a -msoft-float -Uarm -fno-delete-null-pointer-checks -O2 -fno-allow-store-data-races -fstack-protector-strong -fomit-frame-pointer -ftrivial-auto-var-init=zero -fno-stack-clash-protection -fstrict-flex-arrays=3 -fno-strict-overflow -fno-stack-check -fconserve-stack -fno-builtin-wcslen -fno-builtin-wcslen -Wall -Wextra -Wundef -Werror=implicit-function-declaration -Werror=implicit-int -Werror=return-type -Werror=strict-prototypes -Wno-format-security -Wno-trigraphs -Wno-frame-address -Wno-address-of-packed-member -Wmissing-declarations -Wmissing-prototypes -Wframe-larger-than=1024 -Wno-main -Wno-dangling-pointer -Wvla -Wno-pointer-sign -Wcast-function-type -Wno-array-bounds -Wno-stringop-overflow -Wno-alloc-size-larger-than -Wimplicit-fallthrough=5 -Werror=date-time -Werror=incompatible-pointer-types -Werror=designated-init -Wenum-conversion -Wunused -Wno-unused-but-set-variable -Wno-unused-const-variable -Wno-packed-not-aligned -Wno-format-overflow -Wno-format-truncation -Wno-stringop-truncation -Wno-override-init -Wno-missing-field-initializers -Wno-type-limits -Wno-shift-negative-value -Wno-maybe-uninitialized -Wno-sign-compare -Wno-unused-parameter -Wno-attribute-alias -mstack-protector-guard=tls -mstack-protector-guard-offset=1032    -DKBUILD_MODFILE='"crypto/ccm"' -DKBUILD_BASENAME='"ccm"' -DKBUILD_MODNAME='"ccm"' -D__KBUILD_MODNAME=kmod_ccm -c -o crypto/ccm.o crypto/ccm.c  
# CC      io_uring/io-wq.o
  /workspace/project/buildroot/buildroot-mchp/output/host/bin/arm-buildroot-linux-uclibcgnueabihf-gcc -Wp,-MMD,io_uring/.io-wq.o.d -nostdinc -I./arch/arm/include -I./arch/arm/include/generated  -I./include -I./arch/arm/include/uapi -I./arch/arm/include/generated/uapi -I./include/uapi -I./include/generated/uapi -include ./include/linux/compiler-version.h -include ./include/linux/kconfig.h -include ./include/linux/compiler_types.h -D__KERNEL__ -mlittle-endian -D__LINUX_ARM_ARCH__=7 -fmacro-prefix-map=./= -std=gnu11 -fshort-wchar -funsigned-char -fno-common -fno-PIE -fno-strict-aliasing -fno-dwarf2-cfi-asm -mno-fdpic -fno-ipa-sra -mtp=cp15 -mabi=aapcs-linux -mfpu=vfp -funwind-tables -marm -Wa,-mno-warn-deprecated -march=armv7-a -msoft-float -Uarm -fno-delete-null-pointer-checks -O2 -fno-allow-store-data-races -fstack-protector-strong -fomit-frame-pointer -ftrivial-auto-var-init=zero -fno-stack-clash-protection -fstrict-flex-arrays=3 -fno-strict-overflow -fno-stack-check -fconserve-stack -fno-builtin-wcslen -fno-builtin-wcslen -Wall -Wextra -Wundef -Werror=implicit-function-declaration -Werror=implicit-int -Werror=return-type -Werror=strict-prototypes -Wno-format-security -Wno-trigraphs -Wno-frame-address -Wno-address-of-packed-member -Wmissing-declarations -Wmissing-prototypes -Wframe-larger-than=1024 -Wno-main -Wno-dangling-pointer -Wvla -Wno-pointer-sign -Wcast-function-type -Wno-array-bounds -Wno-stringop-overflow -Wno-alloc-size-larger-than -Wimplicit-fallthrough=5 -Werror=date-time -Werror=incompatible-pointer-types -Werror=designated-init -Wenum-conversion -Wunused -Wno-unused-but-set-variable -Wno-unused-const-variable -Wno-packed-not-aligned -Wno-format-overflow -Wno-format-truncation -Wno-stringop-truncation -Wno-override-init -Wno-missing-field-initializers -Wno-type-limits -Wno-shift-negative-value -Wno-maybe-uninitialized -Wno-sign-compare -Wno-unused-parameter -Wno-attribute-alias -mstack-protector-guard=tls -mstack-protector-guard-offset=1032    -DKBUILD_MODFILE='"io_uring/io-wq"' -DKBUILD_BASENAME='"io_wq"' -DKBUILD_MODNAME='"io_wq"' -D__KBUILD_MODNAME=kmod_io_wq -c -o io_uring/io-wq.o io_uring/io-wq.c  
# CC      io_uring/futex.o
  /workspace/project/buildroot/buildroot-mchp/output/host/bin/arm-buildroot-linux-uclibcgnueabihf-gcc -Wp,-MMD,io_uring/.futex.o.d -nostdinc -I./arch/arm/include -I./arch/arm/include/generated  -I./include -I./arch/arm/include/uapi -I./arch/arm/include/generated/uapi -I./include/uapi -I./include/generated/uapi -include ./include/linux/compiler-version.h -include ./include/linux/kconfig.h -include ./include/linux/compiler_types.h -D__KERNEL__ -mlittle-endian -D__LINUX_ARM_ARCH__=7 -fmacro-prefix-map=./= -std=gnu11 -fshort-wchar -funsigned-char -fno-common -fno-PIE -fno-strict-aliasing -fno-dwarf2-cfi-asm -mno-fdpic -fno-ipa-sra -mtp=cp15 -mabi=aapcs-linux -mfpu=vfp -funwind-tables -marm -Wa,-mno-warn-deprecated -march=armv7-a -msoft-float -Uarm -fno-delete-null-pointer-checks -O2 -fno-allow-store-data-races -fstack-protector-strong -fomit-frame-pointer -ftrivial-auto-var-init=zero -fno-stack-clash-protection -fstrict-flex-arrays=3 -fno-strict-overflow -fno-stack-check -fconserve-stack -fno-builtin-wcslen -fno-builtin-wcslen -Wall -Wextra -Wundef -Werror=implicit-function-declaration -Werror=implicit-int -Werror=return-type -Werror=strict-prototypes -Wno-format-security -Wno-trigraphs -Wno-frame-address -Wno-address-of-packed-member -Wmissing-declarations -Wmissing-prototypes -Wframe-larger-than=1024 -Wno-main -Wno-dangling-pointer -Wvla -Wno-pointer-sign -Wcast-function-type -Wno-array-bounds -Wno-stringop-overflow -Wno-alloc-size-larger-than -Wimplicit-fallthrough=5 -Werror=date-time -Werror=incompatible-pointer-types -Werror=designated-init -Wenum-conversion -Wunused -Wno-unused-but-set-variable -Wno-unused-const-variable -Wno-packed-not-aligned -Wno-format-overflow -Wno-format-truncation -Wno-stringop-truncation -Wno-override-init -Wno-missing-field-initializers -Wno-type-limits -Wno-shift-negative-value -Wno-maybe-uninitialized -Wno-sign-compare -Wno-unused-parameter -Wno-attribute-alias -mstack-protector-guard=tls -mstack-protector-guard-offset=1032    -DKBUILD_MODFILE='"io_uring/futex"' -DKBUILD_BASENAME='"futex"' -DKBUILD_MODNAME='"futex"' -D__KBUILD_MODNAME=kmod_futex -c -o io_uring/futex.o io_uring/futex.c  
# CC      crypto/des_generic.o
  /workspace/project/buildroot/buildroot-mchp/output/host/bin/arm-buildroot-linux-uclibcgnueabihf-gcc -Wp,-MMD,crypto/.des_generic.o.d -nostdinc -I./arch/arm/include -I./arch/arm/include/generated  -I./include -I./arch/arm/include/uapi -I./arch/arm/include/generated/uapi -I./include/uapi -I./include/generated/uapi -include ./include/linux/compiler-version.h -include ./include/linux/kconfig.h -include ./include/linux/compiler_types.h -D__KERNEL__ -mlittle-endian -D__LINUX_ARM_ARCH__=7 -fmacro-prefix-map=./= -std=gnu11 -fshort-wchar -funsigned-char -fno-common -fno-PIE -fno-strict-aliasing -fno-dwarf2-cfi-asm -mno-fdpic -fno-ipa-sra -mtp=cp15 -mabi=aapcs-linux -mfpu=vfp -funwind-tables -marm -Wa,-mno-warn-deprecated -march=armv7-a -msoft-float -Uarm -fno-delete-null-pointer-checks -O2 -fno-allow-store-data-races -fstack-protector-strong -fomit-frame-pointer -ftrivial-auto-var-init=zero -fno-stack-clash-protection -fstrict-flex-arrays=3 -fno-strict-overflow -fno-stack-check -fconserve-stack -fno-builtin-wcslen -fno-builtin-wcslen -Wall -Wextra -Wundef -Werror=implicit-function-declaration -Werror=implicit-int -Werror=return-type -Werror=strict-prototypes -Wno-format-security -Wno-trigraphs -Wno-frame-address -Wno-address-of-packed-member -Wmissing-declarations -Wmissing-prototypes -Wframe-larger-than=1024 -Wno-main -Wno-dangling-pointer -Wvla -Wno-pointer-sign -Wcast-function-type -Wno-array-bounds -Wno-stringop-overflow -Wno-alloc-size-larger-than -Wimplicit-fallthrough=5 -Werror=date-time -Werror=incompatible-pointer-types -Werror=designated-init -Wenum-conversion -Wunused -Wno-unused-but-set-variable -Wno-unused-const-variable -Wno-packed-not-aligned -Wno-format-overflow -Wno-format-truncation -Wno-stringop-truncation -Wno-override-init -Wno-missing-field-initializers -Wno-type-limits -Wno-shift-negative-value -Wno-maybe-uninitialized -Wno-sign-compare -Wno-unused-parameter -Wno-attribute-alias -mstack-protector-guard=tls -mstack-protector-guard-offset=1032    -DKBUILD_MODFILE='"crypto/des_generic"' -DKBUILD_BASENAME='"des_generic"' -DKBUILD_MODNAME='"des_generic"' -D__KBUILD_MODNAME=kmod_des_generic -c -o crypto/des_generic.o crypto/des_generic.c  
# AR      block/built-in.a
  rm -f block/built-in.a;  printf "block/%s " bdev.o fops.o bio.o elevator.o blk-core.o blk-sysfs.o blk-flush.o blk-settings.o blk-ioc.o blk-map.o blk-merge.o blk-timeout.o blk-lib.o blk-mq.o blk-mq-tag.o blk-stat.o blk-mq-sysfs.o blk-mq-cpumap.o blk-mq-sched.o ioctl.o genhd.o ioprio.o badblocks.o partitions/built-in.a blk-rq-qos.o disk-events.o blk-ia-ranges.o early-lookup.o mq-deadline.o kyber-iosched.o bfq-iosched.o bfq-wf2q.o bfq-cgroup.o blk-mq-debugfs.o blk-pm.o | xargs /workspace/project/buildroot/buildroot-mchp/output/host/bin/arm-buildroot-linux-uclibcgnueabihf-ar cDPrST block/built-in.a
# CC      io_uring/napi.o
  /workspace/project/buildroot/buildroot-mchp/output/host/bin/arm-buildroot-linux-uclibcgnueabihf-gcc -Wp,-MMD,io_uring/.napi.o.d -nostdinc -I./arch/arm/include -I./arch/arm/include/generated  -I./include -I./arch/arm/include/uapi -I./arch/arm/include/generated/uapi -I./include/uapi -I./include/generated/uapi -include ./include/linux/compiler-version.h -include ./include/linux/kconfig.h -include ./include/linux/compiler_types.h -D__KERNEL__ -mlittle-endian -D__LINUX_ARM_ARCH__=7 -fmacro-prefix-map=./= -std=gnu11 -fshort-wchar -funsigned-char -fno-common -fno-PIE -fno-strict-aliasing -fno-dwarf2-cfi-asm -mno-fdpic -fno-ipa-sra -mtp=cp15 -mabi=aapcs-linux -mfpu=vfp -funwind-tables -marm -Wa,-mno-warn-deprecated -march=armv7-a -msoft-float -Uarm -fno-delete-null-pointer-checks -O2 -fno-allow-store-data-races -fstack-protector-strong -fomit-frame-pointer -ftrivial-auto-var-init=zero -fno-stack-clash-protection -fstrict-flex-arrays=3 -fno-strict-overflow -fno-stack-check -fconserve-stack -fno-builtin-wcslen -fno-builtin-wcslen -Wall -Wextra -Wundef -Werror=implicit-function-declaration -Werror=implicit-int -Werror=return-type -Werror=strict-prototypes -Wno-format-security -Wno-trigraphs -Wno-frame-address -Wno-address-of-packed-member -Wmissing-declarations -Wmissing-prototypes -Wframe-larger-than=1024 -Wno-main -Wno-dangling-pointer -Wvla -Wno-pointer-sign -Wcast-function-type -Wno-array-bounds -Wno-stringop-overflow -Wno-alloc-size-larger-than -Wimplicit-fallthrough=5 -Werror=date-time -Werror=incompatible-pointer-types -Werror=designated-init -Wenum-conversion -Wunused -Wno-unused-but-set-variable -Wno-unused-const-variable -Wno-packed-not-aligned -Wno-format-overflow -Wno-format-truncation -Wno-stringop-truncation -Wno-override-init -Wno-missing-field-initializers -Wno-type-limits -Wno-shift-negative-value -Wno-maybe-uninitialized -Wno-sign-compare -Wno-unused-parameter -Wno-attribute-alias -mstack-protector-guard=tls -mstack-protector-guard-offset=1032    -DKBUILD_MODFILE='"io_uring/napi"' -DKBUILD_BASENAME='"napi"' -DKBUILD_MODNAME='"napi"' -D__KBUILD_MODNAME=kmod_napi -c -o io_uring/napi.o io_uring/napi.c  
# cmd_gen_order io_uring/modules.order
  {  :; } > io_uring/modules.order
# CC      crypto/aes_generic.o
  /workspace/project/buildroot/buildroot-mchp/output/host/bin/arm-buildroot-linux-uclibcgnueabihf-gcc -Wp,-MMD,crypto/.aes_generic.o.d -nostdinc -I./arch/arm/include -I./arch/arm/include/generated  -I./include -I./arch/arm/include/uapi -I./arch/arm/include/generated/uapi -I./include/uapi -I./include/generated/uapi -include ./include/linux/compiler-version.h -include ./include/linux/kconfig.h -include ./include/linux/compiler_types.h -D__KERNEL__ -mlittle-endian -D__LINUX_ARM_ARCH__=7 -fmacro-prefix-map=./= -std=gnu11 -fshort-wchar -funsigned-char -fno-common -fno-PIE -fno-strict-aliasing -fno-dwarf2-cfi-asm -mno-fdpic -fno-ipa-sra -mtp=cp15 -mabi=aapcs-linux -mfpu=vfp -funwind-tables -marm -Wa,-mno-warn-deprecated -march=armv7-a -msoft-float -Uarm -fno-delete-null-pointer-checks -O2 -fno-allow-store-data-races -fstack-protector-strong -fomit-frame-pointer -ftrivial-auto-var-init=zero -fno-stack-clash-protection -fstrict-flex-arrays=3 -fno-strict-overflow -fno-stack-check -fconserve-stack -fno-builtin-wcslen -fno-builtin-wcslen -Wall -Wextra -Wundef -Werror=implicit-function-declaration -Werror=implicit-int -Werror=return-type -Werror=strict-prototypes -Wno-format-security -Wno-trigraphs -Wno-frame-address -Wno-address-of-packed-member -Wmissing-declarations -Wmissing-prototypes -Wframe-larger-than=1024 -Wno-main -Wno-dangling-pointer -Wvla -Wno-pointer-sign -Wcast-function-type -Wno-array-bounds -Wno-stringop-overflow -Wno-alloc-size-larger-than -Wimplicit-fallthrough=5 -Werror=date-time -Werror=incompatible-pointer-types -Werror=designated-init -Wenum-conversion -Wunused -Wno-unused-but-set-variable -Wno-unused-const-variable -Wno-packed-not-aligned -Wno-format-overflow -Wno-format-truncation -Wno-stringop-truncation -Wno-override-init -Wno-missing-field-initializers -Wno-type-limits -Wno-shift-negative-value -Wno-maybe-uninitialized -Wno-sign-compare -Wno-unused-parameter -Wno-attribute-alias -mstack-protector-guard=tls -mstack-protector-guard-offset=1032 -fno-code-hoisting    -DKBUILD_MODFILE='"crypto/aes_generic"' -DKBUILD_BASENAME='"aes_generic"' -DKBUILD_MODNAME='"aes_generic"' -D__KBUILD_MODNAME=kmod_aes_generic -c -o crypto/aes_generic.o crypto/aes_generic.c  
# CC      crypto/deflate.o
  /workspace/project/buildroot/buildroot-mchp/output/host/bin/arm-buildroot-linux-uclibcgnueabihf-gcc -Wp,-MMD,crypto/.deflate.o.d -nostdinc -I./arch/arm/include -I./arch/arm/include/generated  -I./include -I./arch/arm/include/uapi -I./arch/arm/include/generated/uapi -I./include/uapi -I./include/generated/uapi -include ./include/linux/compiler-version.h -include ./include/linux/kconfig.h -include ./include/linux/compiler_types.h -D__KERNEL__ -mlittle-endian -D__LINUX_ARM_ARCH__=7 -fmacro-prefix-map=./= -std=gnu11 -fshort-wchar -funsigned-char -fno-common -fno-PIE -fno-strict-aliasing -fno-dwarf2-cfi-asm -mno-fdpic -fno-ipa-sra -mtp=cp15 -mabi=aapcs-linux -mfpu=vfp -funwind-tables -marm -Wa,-mno-warn-deprecated -march=armv7-a -msoft-float -Uarm -fno-delete-null-pointer-checks -O2 -fno-allow-store-data-races -fstack-protector-strong -fomit-frame-pointer -ftrivial-auto-var-init=zero -fno-stack-clash-protection -fstrict-flex-arrays=3 -fno-strict-overflow -fno-stack-check -fconserve-stack -fno-builtin-wcslen -fno-builtin-wcslen -Wall -Wextra -Wundef -Werror=implicit-function-declaration -Werror=implicit-int -Werror=return-type -Werror=strict-prototypes -Wno-format-security -Wno-trigraphs -Wno-frame-address -Wno-address-of-packed-member -Wmissing-declarations -Wmissing-prototypes -Wframe-larger-than=1024 -Wno-main -Wno-dangling-pointer -Wvla -Wno-pointer-sign -Wcast-function-type -Wno-array-bounds -Wno-stringop-overflow -Wno-alloc-size-larger-than -Wimplicit-fallthrough=5 -Werror=date-time -Werror=incompatible-pointer-types -Werror=designated-init -Wenum-conversion -Wunused -Wno-unused-but-set-variable -Wno-unused-const-variable -Wno-packed-not-aligned -Wno-format-overflow -Wno-format-truncation -Wno-stringop-truncation -Wno-override-init -Wno-missing-field-initializers -Wno-type-limits -Wno-shift-negative-value -Wno-maybe-uninitialized -Wno-sign-compare -Wno-unused-parameter -Wno-attribute-alias -mstack-protector-guard=tls -mstack-protector-guard-offset=1032    -DKBUILD_MODFILE='"crypto/deflate"' -DKBUILD_BASENAME='"deflate"' -DKBUILD_MODNAME='"deflate"' -D__KBUILD_MODNAME=kmod_deflate -c -o crypto/deflate.o crypto/deflate.c  
# CC      crypto/crc32c_generic.o
  /workspace/project/buildroot/buildroot-mchp/output/host/bin/arm-buildroot-linux-uclibcgnueabihf-gcc -Wp,-MMD,crypto/.crc32c_generic.o.d -nostdinc -I./arch/arm/include -I./arch/arm/include/generated  -I./include -I./arch/arm/include/uapi -I./arch/arm/include/generated/uapi -I./include/uapi -I./include/generated/uapi -include ./include/linux/compiler-version.h -include ./include/linux/kconfig.h -include ./include/linux/compiler_types.h -D__KERNEL__ -mlittle-endian -D__LINUX_ARM_ARCH__=7 -fmacro-prefix-map=./= -std=gnu11 -fshort-wchar -funsigned-char -fno-common -fno-PIE -fno-strict-aliasing -fno-dwarf2-cfi-asm -mno-fdpic -fno-ipa-sra -mtp=cp15 -mabi=aapcs-linux -mfpu=vfp -funwind-tables -marm -Wa,-mno-warn-deprecated -march=armv7-a -msoft-float -Uarm -fno-delete-null-pointer-checks -O2 -fno-allow-store-data-races -fstack-protector-strong -fomit-frame-pointer -ftrivial-auto-var-init=zero -fno-stack-clash-protection -fstrict-flex-arrays=3 -fno-strict-overflow -fno-stack-check -fconserve-stack -fno-builtin-wcslen -fno-builtin-wcslen -Wall -Wextra -Wundef -Werror=implicit-function-declaration -Werror=implicit-int -Werror=return-type -Werror=strict-prototypes -Wno-format-security -Wno-trigraphs -Wno-frame-address -Wno-address-of-packed-member -Wmissing-declarations -Wmissing-prototypes -Wframe-larger-than=1024 -Wno-main -Wno-dangling-pointer -Wvla -Wno-pointer-sign -Wcast-function-type -Wno-array-bounds -Wno-stringop-overflow -Wno-alloc-size-larger-than -Wimplicit-fallthrough=5 -Werror=date-time -Werror=incompatible-pointer-types -Werror=designated-init -Wenum-conversion -Wunused -Wno-unused-but-set-variable -Wno-unused-const-variable -Wno-packed-not-aligned -Wno-format-overflow -Wno-format-truncation -Wno-stringop-truncation -Wno-override-init -Wno-missing-field-initializers -Wno-type-limits -Wno-shift-negative-value -Wno-maybe-uninitialized -Wno-sign-compare -Wno-unused-parameter -Wno-attribute-alias -mstack-protector-guard=tls -mstack-protector-guard-offset=1032    -DKBUILD_MODFILE='"crypto/crc32c_generic"' -DKBUILD_BASENAME='"crc32c_generic"' -DKBUILD_MODNAME='"crc32c_generic"' -D__KBUILD_MODNAME=kmod_crc32c_generic -c -o crypto/crc32c_generic.o crypto/crc32c_generic.c  
# CC      crypto/lzo.o
  /workspace/project/buildroot/buildroot-mchp/output/host/bin/arm-buildroot-linux-uclibcgnueabihf-gcc -Wp,-MMD,crypto/.lzo.o.d -nostdinc -I./arch/arm/include -I./arch/arm/include/generated  -I./include -I./arch/arm/include/uapi -I./arch/arm/include/generated/uapi -I./include/uapi -I./include/generated/uapi -include ./include/linux/compiler-version.h -include ./include/linux/kconfig.h -include ./include/linux/compiler_types.h -D__KERNEL__ -mlittle-endian -D__LINUX_ARM_ARCH__=7 -fmacro-prefix-map=./= -std=gnu11 -fshort-wchar -funsigned-char -fno-common -fno-PIE -fno-strict-aliasing -fno-dwarf2-cfi-asm -mno-fdpic -fno-ipa-sra -mtp=cp15 -mabi=aapcs-linux -mfpu=vfp -funwind-tables -marm -Wa,-mno-warn-deprecated -march=armv7-a -msoft-float -Uarm -fno-delete-null-pointer-checks -O2 -fno-allow-store-data-races -fstack-protector-strong -fomit-frame-pointer -ftrivial-auto-var-init=zero -fno-stack-clash-protection -fstrict-flex-arrays=3 -fno-strict-overflow -fno-stack-check -fconserve-stack -fno-builtin-wcslen -fno-builtin-wcslen -Wall -Wextra -Wundef -Werror=implicit-function-declaration -Werror=implicit-int -Werror=return-type -Werror=strict-prototypes -Wno-format-security -Wno-trigraphs -Wno-frame-address -Wno-address-of-packed-member -Wmissing-declarations -Wmissing-prototypes -Wframe-larger-than=1024 -Wno-main -Wno-dangling-pointer -Wvla -Wno-pointer-sign -Wcast-function-type -Wno-array-bounds -Wno-stringop-overflow -Wno-alloc-size-larger-than -Wimplicit-fallthrough=5 -Werror=date-time -Werror=incompatible-pointer-types -Werror=designated-init -Wenum-conversion -Wunused -Wno-unused-but-set-variable -Wno-unused-const-variable -Wno-packed-not-aligned -Wno-format-overflow -Wno-format-truncation -Wno-stringop-truncation -Wno-override-init -Wno-missing-field-initializers -Wno-type-limits -Wno-shift-negative-value -Wno-maybe-uninitialized -Wno-sign-compare -Wno-unused-parameter -Wno-attribute-alias -mstack-protector-guard=tls -mstack-protector-guard-offset=1032    -DKBUILD_MODFILE='"crypto/lzo"' -DKBUILD_BASENAME='"lzo"' -DKBUILD_MODNAME='"lzo"' -D__KBUILD_MODNAME=kmod_lzo -c -o crypto/lzo.o crypto/lzo.c  
# CC      crypto/lzo-rle.o
  /workspace/project/buildroot/buildroot-mchp/output/host/bin/arm-buildroot-linux-uclibcgnueabihf-gcc -Wp,-MMD,crypto/.lzo-rle.o.d -nostdinc -I./arch/arm/include -I./arch/arm/include/generated  -I./include -I./arch/arm/include/uapi -I./arch/arm/include/generated/uapi -I./include/uapi -I./include/generated/uapi -include ./include/linux/compiler-version.h -include ./include/linux/kconfig.h -include ./include/linux/compiler_types.h -D__KERNEL__ -mlittle-endian -D__LINUX_ARM_ARCH__=7 -fmacro-prefix-map=./= -std=gnu11 -fshort-wchar -funsigned-char -fno-common -fno-PIE -fno-strict-aliasing -fno-dwarf2-cfi-asm -mno-fdpic -fno-ipa-sra -mtp=cp15 -mabi=aapcs-linux -mfpu=vfp -funwind-tables -marm -Wa,-mno-warn-deprecated -march=armv7-a -msoft-float -Uarm -fno-delete-null-pointer-checks -O2 -fno-allow-store-data-races -fstack-protector-strong -fomit-frame-pointer -ftrivial-auto-var-init=zero -fno-stack-clash-protection -fstrict-flex-arrays=3 -fno-strict-overflow -fno-stack-check -fconserve-stack -fno-builtin-wcslen -fno-builtin-wcslen -Wall -Wextra -Wundef -Werror=implicit-function-declaration -Werror=implicit-int -Werror=return-type -Werror=strict-prototypes -Wno-format-security -Wno-trigraphs -Wno-frame-address -Wno-address-of-packed-member -Wmissing-declarations -Wmissing-prototypes -Wframe-larger-than=1024 -Wno-main -Wno-dangling-pointer -Wvla -Wno-pointer-sign -Wcast-function-type -Wno-array-bounds -Wno-stringop-overflow -Wno-alloc-size-larger-than -Wimplicit-fallthrough=5 -Werror=date-time -Werror=incompatible-pointer-types -Werror=designated-init -Wenum-conversion -Wunused -Wno-unused-but-set-variable -Wno-unused-const-variable -Wno-packed-not-aligned -Wno-format-overflow -Wno-format-truncation -Wno-stringop-truncation -Wno-override-init -Wno-missing-field-initializers -Wno-type-limits -Wno-shift-negative-value -Wno-maybe-uninitialized -Wno-sign-compare -Wno-unused-parameter -Wno-attribute-alias -mstack-protector-guard=tls -mstack-protector-guard-offset=1032    -DKBUILD_MODFILE='"crypto/lzo-rle"' -DKBUILD_BASENAME='"lzo_rle"' -DKBUILD_MODNAME='"lzo_rle"' -D__KBUILD_MODNAME=kmod_lzo_rle -c -o crypto/lzo-rle.o crypto/lzo-rle.c  
# CC      crypto/rng.o
  /workspace/project/buildroot/buildroot-mchp/output/host/bin/arm-buildroot-linux-uclibcgnueabihf-gcc -Wp,-MMD,crypto/.rng.o.d -nostdinc -I./arch/arm/include -I./arch/arm/include/generated  -I./include -I./arch/arm/include/uapi -I./arch/arm/include/generated/uapi -I./include/uapi -I./include/generated/uapi -include ./include/linux/compiler-version.h -include ./include/linux/kconfig.h -include ./include/linux/compiler_types.h -D__KERNEL__ -mlittle-endian -D__LINUX_ARM_ARCH__=7 -fmacro-prefix-map=./= -std=gnu11 -fshort-wchar -funsigned-char -fno-common -fno-PIE -fno-strict-aliasing -fno-dwarf2-cfi-asm -mno-fdpic -fno-ipa-sra -mtp=cp15 -mabi=aapcs-linux -mfpu=vfp -funwind-tables -marm -Wa,-mno-warn-deprecated -march=armv7-a -msoft-float -Uarm -fno-delete-null-pointer-checks -O2 -fno-allow-store-data-races -fstack-protector-strong -fomit-frame-pointer -ftrivial-auto-var-init=zero -fno-stack-clash-protection -fstrict-flex-arrays=3 -fno-strict-overflow -fno-stack-check -fconserve-stack -fno-builtin-wcslen -fno-builtin-wcslen -Wall -Wextra -Wundef -Werror=implicit-function-declaration -Werror=implicit-int -Werror=return-type -Werror=strict-prototypes -Wno-format-security -Wno-trigraphs -Wno-frame-address -Wno-address-of-packed-member -Wmissing-declarations -Wmissing-prototypes -Wframe-larger-than=1024 -Wno-main -Wno-dangling-pointer -Wvla -Wno-pointer-sign -Wcast-function-type -Wno-array-bounds -Wno-stringop-overflow -Wno-alloc-size-larger-than -Wimplicit-fallthrough=5 -Werror=date-time -Werror=incompatible-pointer-types -Werror=designated-init -Wenum-conversion -Wunused -Wno-unused-but-set-variable -Wno-unused-const-variable -Wno-packed-not-aligned -Wno-format-overflow -Wno-format-truncation -Wno-stringop-truncation -Wno-override-init -Wno-missing-field-initializers -Wno-type-limits -Wno-shift-negative-value -Wno-maybe-uninitialized -Wno-sign-compare -Wno-unused-parameter -Wno-attribute-alias -mstack-protector-guard=tls -mstack-protector-guard-offset=1032    -DKBUILD_MODFILE='"crypto/rng"' -DKBUILD_BASENAME='"rng"' -DKBUILD_MODNAME='"rng"' -D__KBUILD_MODNAME=kmod_rng -c -o crypto/rng.o crypto/rng.c  
# CC      crypto/ghash-generic.o
  /workspace/project/buildroot/buildroot-mchp/output/host/bin/arm-buildroot-linux-uclibcgnueabihf-gcc -Wp,-MMD,crypto/.ghash-generic.o.d -nostdinc -I./arch/arm/include -I./arch/arm/include/generated  -I./include -I./arch/arm/include/uapi -I./arch/arm/include/generated/uapi -I./include/uapi -I./include/generated/uapi -include ./include/linux/compiler-version.h -include ./include/linux/kconfig.h -include ./include/linux/compiler_types.h -D__KERNEL__ -mlittle-endian -D__LINUX_ARM_ARCH__=7 -fmacro-prefix-map=./= -std=gnu11 -fshort-wchar -funsigned-char -fno-common -fno-PIE -fno-strict-aliasing -fno-dwarf2-cfi-asm -mno-fdpic -fno-ipa-sra -mtp=cp15 -mabi=aapcs-linux -mfpu=vfp -funwind-tables -marm -Wa,-mno-warn-deprecated -march=armv7-a -msoft-float -Uarm -fno-delete-null-pointer-checks -O2 -fno-allow-store-data-races -fstack-protector-strong -fomit-frame-pointer -ftrivial-auto-var-init=zero -fno-stack-clash-protection -fstrict-flex-arrays=3 -fno-strict-overflow -fno-stack-check -fconserve-stack -fno-builtin-wcslen -fno-builtin-wcslen -Wall -Wextra -Wundef -Werror=implicit-function-declaration -Werror=implicit-int -Werror=return-type -Werror=strict-prototypes -Wno-format-security -Wno-trigraphs -Wno-frame-address -Wno-address-of-packed-member -Wmissing-declarations -Wmissing-prototypes -Wframe-larger-than=1024 -Wno-main -Wno-dangling-pointer -Wvla -Wno-pointer-sign -Wcast-function-type -Wno-array-bounds -Wno-stringop-overflow -Wno-alloc-size-larger-than -Wimplicit-fallthrough=5 -Werror=date-time -Werror=incompatible-pointer-types -Werror=designated-init -Wenum-conversion -Wunused -Wno-unused-but-set-variable -Wno-unused-const-variable -Wno-packed-not-aligned -Wno-format-overflow -Wno-format-truncation -Wno-stringop-truncation -Wno-override-init -Wno-missing-field-initializers -Wno-type-limits -Wno-shift-negative-value -Wno-maybe-uninitialized -Wno-sign-compare -Wno-unused-parameter -Wno-attribute-alias -mstack-protector-guard=tls -mstack-protector-guard-offset=1032    -DKBUILD_MODFILE='"crypto/ghash-generic"' -DKBUILD_BASENAME='"ghash_generic"' -DKBUILD_MODNAME='"ghash_generic"' -D__KBUILD_MODNAME=kmod_ghash_generic -c -o crypto/ghash-generic.o crypto/ghash-generic.c  
# CC      crypto/zstd.o
  /workspace/project/buildroot/buildroot-mchp/output/host/bin/arm-buildroot-linux-uclibcgnueabihf-gcc -Wp,-MMD,crypto/.zstd.o.d -nostdinc -I./arch/arm/include -I./arch/arm/include/generated  -I./include -I./arch/arm/include/uapi -I./arch/arm/include/generated/uapi -I./include/uapi -I./include/generated/uapi -include ./include/linux/compiler-version.h -include ./include/linux/kconfig.h -include ./include/linux/compiler_types.h -D__KERNEL__ -mlittle-endian -D__LINUX_ARM_ARCH__=7 -fmacro-prefix-map=./= -std=gnu11 -fshort-wchar -funsigned-char -fno-common -fno-PIE -fno-strict-aliasing -fno-dwarf2-cfi-asm -mno-fdpic -fno-ipa-sra -mtp=cp15 -mabi=aapcs-linux -mfpu=vfp -funwind-tables -marm -Wa,-mno-warn-deprecated -march=armv7-a -msoft-float -Uarm -fno-delete-null-pointer-checks -O2 -fno-allow-store-data-races -fstack-protector-strong -fomit-frame-pointer -ftrivial-auto-var-init=zero -fno-stack-clash-protection -fstrict-flex-arrays=3 -fno-strict-overflow -fno-stack-check -fconserve-stack -fno-builtin-wcslen -fno-builtin-wcslen -Wall -Wextra -Wundef -Werror=implicit-function-declaration -Werror=implicit-int -Werror=return-type -Werror=strict-prototypes -Wno-format-security -Wno-trigraphs -Wno-frame-address -Wno-address-of-packed-member -Wmissing-declarations -Wmissing-prototypes -Wframe-larger-than=1024 -Wno-main -Wno-dangling-pointer -Wvla -Wno-pointer-sign -Wcast-function-type -Wno-array-bounds -Wno-stringop-overflow -Wno-alloc-size-larger-than -Wimplicit-fallthrough=5 -Werror=date-time -Werror=incompatible-pointer-types -Werror=designated-init -Wenum-conversion -Wunused -Wno-unused-but-set-variable -Wno-unused-const-variable -Wno-packed-not-aligned -Wno-format-overflow -Wno-format-truncation -Wno-stringop-truncation -Wno-override-init -Wno-missing-field-initializers -Wno-type-limits -Wno-shift-negative-value -Wno-maybe-uninitialized -Wno-sign-compare -Wno-unused-parameter -Wno-attribute-alias -mstack-protector-guard=tls -mstack-protector-guard-offset=1032    -DKBUILD_MODFILE='"crypto/zstd"' -DKBUILD_BASENAME='"zstd"' -DKBUILD_MODNAME='"zstd"' -D__KBUILD_MODNAME=kmod_zstd -c -o crypto/zstd.o crypto/zstd.c  
# AR      io_uring/built-in.a
  rm -f io_uring/built-in.a;  printf "io_uring/%s " io_uring.o opdef.o kbuf.o rsrc.o notif.o tctx.o filetable.o rw.o net.o poll.o eventfd.o uring_cmd.o openclose.o sqpoll.o xattr.o nop.o fs.o splice.o sync.o msg_ring.o advise.o epoll.o statx.o timeout.o fdinfo.o cancel.o waitid.o register.o truncate.o memmap.o io-wq.o futex.o napi.o | xargs /workspace/project/buildroot/buildroot-mchp/output/host/bin/arm-buildroot-linux-uclibcgnueabihf-ar cDPrST io_uring/built-in.a
# CC      crypto/hash_info.o
  /workspace/project/buildroot/buildroot-mchp/output/host/bin/arm-buildroot-linux-uclibcgnueabihf-gcc -Wp,-MMD,crypto/.hash_info.o.d -nostdinc -I./arch/arm/include -I./arch/arm/include/generated  -I./include -I./arch/arm/include/uapi -I./arch/arm/include/generated/uapi -I./include/uapi -I./include/generated/uapi -include ./include/linux/compiler-version.h -include ./include/linux/kconfig.h -include ./include/linux/compiler_types.h -D__KERNEL__ -mlittle-endian -D__LINUX_ARM_ARCH__=7 -fmacro-prefix-map=./= -std=gnu11 -fshort-wchar -funsigned-char -fno-common -fno-PIE -fno-strict-aliasing -fno-dwarf2-cfi-asm -mno-fdpic -fno-ipa-sra -mtp=cp15 -mabi=aapcs-linux -mfpu=vfp -funwind-tables -marm -Wa,-mno-warn-deprecated -march=armv7-a -msoft-float -Uarm -fno-delete-null-pointer-checks -O2 -fno-allow-store-data-races -fstack-protector-strong -fomit-frame-pointer -ftrivial-auto-var-init=zero -fno-stack-clash-protection -fstrict-flex-arrays=3 -fno-strict-overflow -fno-stack-check -fconserve-stack -fno-builtin-wcslen -fno-builtin-wcslen -Wall -Wextra -Wundef -Werror=implicit-function-declaration -Werror=implicit-int -Werror=return-type -Werror=strict-prototypes -Wno-format-security -Wno-trigraphs -Wno-frame-address -Wno-address-of-packed-member -Wmissing-declarations -Wmissing-prototypes -Wframe-larger-than=1024 -Wno-main -Wno-dangling-pointer -Wvla -Wno-pointer-sign -Wcast-function-type -Wno-array-bounds -Wno-stringop-overflow -Wno-alloc-size-larger-than -Wimplicit-fallthrough=5 -Werror=date-time -Werror=incompatible-pointer-types -Werror=designated-init -Wenum-conversion -Wunused -Wno-unused-but-set-variable -Wno-unused-const-variable -Wno-packed-not-aligned -Wno-format-overflow -Wno-format-truncation -Wno-stringop-truncation -Wno-override-init -Wno-missing-field-initializers -Wno-type-limits -Wno-shift-negative-value -Wno-maybe-uninitialized -Wno-sign-compare -Wno-unused-parameter -Wno-attribute-alias -mstack-protector-guard=tls -mstack-protector-guard-offset=1032    -DKBUILD_MODFILE='"crypto/hash_info"' -DKBUILD_BASENAME='"hash_info"' -DKBUILD_MODNAME='"hash_info"' -D__KBUILD_MODNAME=kmod_hash_info -c -o crypto/hash_info.o crypto/hash_info.c  
# CC [M]  crypto/af_alg.o
  /workspace/project/buildroot/buildroot-mchp/output/host/bin/arm-buildroot-linux-uclibcgnueabihf-gcc -Wp,-MMD,crypto/.af_alg.o.d -nostdinc -I./arch/arm/include -I./arch/arm/include/generated  -I./include -I./arch/arm/include/uapi -I./arch/arm/include/generated/uapi -I./include/uapi -I./include/generated/uapi -include ./include/linux/compiler-version.h -include ./include/linux/kconfig.h -include ./include/linux/compiler_types.h -D__KERNEL__ -mlittle-endian -D__LINUX_ARM_ARCH__=7 -fmacro-prefix-map=./= -std=gnu11 -fshort-wchar -funsigned-char -fno-common -fno-PIE -fno-strict-aliasing -fno-dwarf2-cfi-asm -mno-fdpic -fno-ipa-sra -mtp=cp15 -mabi=aapcs-linux -mfpu=vfp -funwind-tables -marm -Wa,-mno-warn-deprecated -march=armv7-a -msoft-float -Uarm -fno-delete-null-pointer-checks -O2 -fno-allow-store-data-races -fstack-protector-strong -fomit-frame-pointer -ftrivial-auto-var-init=zero -fno-stack-clash-protection -fstrict-flex-arrays=3 -fno-strict-overflow -fno-stack-check -fconserve-stack -fno-builtin-wcslen -fno-builtin-wcslen -Wall -Wextra -Wundef -Werror=implicit-function-declaration -Werror=implicit-int -Werror=return-type -Werror=strict-prototypes -Wno-format-security -Wno-trigraphs -Wno-frame-address -Wno-address-of-packed-member -Wmissing-declarations -Wmissing-prototypes -Wframe-larger-than=1024 -Wno-main -Wno-dangling-pointer -Wvla -Wno-pointer-sign -Wcast-function-type -Wno-array-bounds -Wno-stringop-overflow -Wno-alloc-size-larger-than -Wimplicit-fallthrough=5 -Werror=date-time -Werror=incompatible-pointer-types -Werror=designated-init -Wenum-conversion -Wunused -Wno-unused-but-set-variable -Wno-unused-const-variable -Wno-packed-not-aligned -Wno-format-overflow -Wno-format-truncation -Wno-stringop-truncation -Wno-override-init -Wno-missing-field-initializers -Wno-type-limits -Wno-shift-negative-value -Wno-maybe-uninitialized -Wno-sign-compare -Wno-unused-parameter -Wno-attribute-alias -mstack-protector-guard=tls -mstack-protector-guard-offset=1032  -DMODULE  -DKBUILD_BASENAME='"af_alg"' -DKBUILD_MODNAME='"af_alg"' -D__KBUILD_MODNAME=kmod_af_alg -c -o crypto/af_alg.o crypto/af_alg.c  
# CC [M]  crypto/algif_hash.o
  /workspace/project/buildroot/buildroot-mchp/output/host/bin/arm-buildroot-linux-uclibcgnueabihf-gcc -Wp,-MMD,crypto/.algif_hash.o.d -nostdinc -I./arch/arm/include -I./arch/arm/include/generated  -I./include -I./arch/arm/include/uapi -I./arch/arm/include/generated/uapi -I./include/uapi -I./include/generated/uapi -include ./include/linux/compiler-version.h -include ./include/linux/kconfig.h -include ./include/linux/compiler_types.h -D__KERNEL__ -mlittle-endian -D__LINUX_ARM_ARCH__=7 -fmacro-prefix-map=./= -std=gnu11 -fshort-wchar -funsigned-char -fno-common -fno-PIE -fno-strict-aliasing -fno-dwarf2-cfi-asm -mno-fdpic -fno-ipa-sra -mtp=cp15 -mabi=aapcs-linux -mfpu=vfp -funwind-tables -marm -Wa,-mno-warn-deprecated -march=armv7-a -msoft-float -Uarm -fno-delete-null-pointer-checks -O2 -fno-allow-store-data-races -fstack-protector-strong -fomit-frame-pointer -ftrivial-auto-var-init=zero -fno-stack-clash-protection -fstrict-flex-arrays=3 -fno-strict-overflow -fno-stack-check -fconserve-stack -fno-builtin-wcslen -fno-builtin-wcslen -Wall -Wextra -Wundef -Werror=implicit-function-declaration -Werror=implicit-int -Werror=return-type -Werror=strict-prototypes -Wno-format-security -Wno-trigraphs -Wno-frame-address -Wno-address-of-packed-member -Wmissing-declarations -Wmissing-prototypes -Wframe-larger-than=1024 -Wno-main -Wno-dangling-pointer -Wvla -Wno-pointer-sign -Wcast-function-type -Wno-array-bounds -Wno-stringop-overflow -Wno-alloc-size-larger-than -Wimplicit-fallthrough=5 -Werror=date-time -Werror=incompatible-pointer-types -Werror=designated-init -Wenum-conversion -Wunused -Wno-unused-but-set-variable -Wno-unused-const-variable -Wno-packed-not-aligned -Wno-format-overflow -Wno-format-truncation -Wno-stringop-truncation -Wno-override-init -Wno-missing-field-initializers -Wno-type-limits -Wno-shift-negative-value -Wno-maybe-uninitialized -Wno-sign-compare -Wno-unused-parameter -Wno-attribute-alias -mstack-protector-guard=tls -mstack-protector-guard-offset=1032  -DMODULE  -DKBUILD_BASENAME='"algif_hash"' -DKBUILD_MODNAME='"algif_hash"' -D__KBUILD_MODNAME=kmod_algif_hash -c -o crypto/algif_hash.o crypto/algif_hash.c  
# CC [M]  crypto/algif_skcipher.o
  /workspace/project/buildroot/buildroot-mchp/output/host/bin/arm-buildroot-linux-uclibcgnueabihf-gcc -Wp,-MMD,crypto/.algif_skcipher.o.d -nostdinc -I./arch/arm/include -I./arch/arm/include/generated  -I./include -I./arch/arm/include/uapi -I./arch/arm/include/generated/uapi -I./include/uapi -I./include/generated/uapi -include ./include/linux/compiler-version.h -include ./include/linux/kconfig.h -include ./include/linux/compiler_types.h -D__KERNEL__ -mlittle-endian -D__LINUX_ARM_ARCH__=7 -fmacro-prefix-map=./= -std=gnu11 -fshort-wchar -funsigned-char -fno-common -fno-PIE -fno-strict-aliasing -fno-dwarf2-cfi-asm -mno-fdpic -fno-ipa-sra -mtp=cp15 -mabi=aapcs-linux -mfpu=vfp -funwind-tables -marm -Wa,-mno-warn-deprecated -march=armv7-a -msoft-float -Uarm -fno-delete-null-pointer-checks -O2 -fno-allow-store-data-races -fstack-protector-strong -fomit-frame-pointer -ftrivial-auto-var-init=zero -fno-stack-clash-protection -fstrict-flex-arrays=3 -fno-strict-overflow -fno-stack-check -fconserve-stack -fno-builtin-wcslen -fno-builtin-wcslen -Wall -Wextra -Wundef -Werror=implicit-function-declaration -Werror=implicit-int -Werror=return-type -Werror=strict-prototypes -Wno-format-security -Wno-trigraphs -Wno-frame-address -Wno-address-of-packed-member -Wmissing-declarations -Wmissing-prototypes -Wframe-larger-than=1024 -Wno-main -Wno-dangling-pointer -Wvla -Wno-pointer-sign -Wcast-function-type -Wno-array-bounds -Wno-stringop-overflow -Wno-alloc-size-larger-than -Wimplicit-fallthrough=5 -Werror=date-time -Werror=incompatible-pointer-types -Werror=designated-init -Wenum-conversion -Wunused -Wno-unused-but-set-variable -Wno-unused-const-variable -Wno-packed-not-aligned -Wno-format-overflow -Wno-format-truncation -Wno-stringop-truncation -Wno-override-init -Wno-missing-field-initializers -Wno-type-limits -Wno-shift-negative-value -Wno-maybe-uninitialized -Wno-sign-compare -Wno-unused-parameter -Wno-attribute-alias -mstack-protector-guard=tls -mstack-protector-guard-offset=1032  -DMODULE  -DKBUILD_BASENAME='"algif_skcipher"' -DKBUILD_MODNAME='"algif_skcipher"' -D__KBUILD_MODNAME=kmod_algif_skcipher -c -o crypto/algif_skcipher.o crypto/algif_skcipher.c  
# cmd_mod crypto/af_alg.mod
  printf '%s
'   af_alg.o | awk '!x[$0]++ { print("crypto/"$0) }' > crypto/af_alg.mod
# cmd_mod crypto/algif_hash.mod
  printf '%s
'   algif_hash.o | awk '!x[$0]++ { print("crypto/"$0) }' > crypto/algif_hash.mod
# cmd_mod crypto/algif_skcipher.mod
  printf '%s
'   algif_skcipher.o | awk '!x[$0]++ { print("crypto/"$0) }' > crypto/algif_skcipher.mod
# CC      crypto/rsapubkey.asn1.o
  /workspace/project/buildroot/buildroot-mchp/output/host/bin/arm-buildroot-linux-uclibcgnueabihf-gcc -Wp,-MMD,crypto/.rsapubkey.asn1.o.d -nostdinc -I./arch/arm/include -I./arch/arm/include/generated  -I./include -I./arch/arm/include/uapi -I./arch/arm/include/generated/uapi -I./include/uapi -I./include/generated/uapi -include ./include/linux/compiler-version.h -include ./include/linux/kconfig.h -include ./include/linux/compiler_types.h -D__KERNEL__ -mlittle-endian -D__LINUX_ARM_ARCH__=7 -fmacro-prefix-map=./= -std=gnu11 -fshort-wchar -funsigned-char -fno-common -fno-PIE -fno-strict-aliasing -fno-dwarf2-cfi-asm -mno-fdpic -fno-ipa-sra -mtp=cp15 -mabi=aapcs-linux -mfpu=vfp -funwind-tables -marm -Wa,-mno-warn-deprecated -march=armv7-a -msoft-float -Uarm -fno-delete-null-pointer-checks -O2 -fno-allow-store-data-races -fstack-protector-strong -fomit-frame-pointer -ftrivial-auto-var-init=zero -fno-stack-clash-protection -fstrict-flex-arrays=3 -fno-strict-overflow -fno-stack-check -fconserve-stack -fno-builtin-wcslen -fno-builtin-wcslen -Wall -Wextra -Wundef -Werror=implicit-function-declaration -Werror=implicit-int -Werror=return-type -Werror=strict-prototypes -Wno-format-security -Wno-trigraphs -Wno-frame-address -Wno-address-of-packed-member -Wmissing-declarations -Wmissing-prototypes -Wframe-larger-than=1024 -Wno-main -Wno-dangling-pointer -Wvla -Wno-pointer-sign -Wcast-function-type -Wno-array-bounds -Wno-stringop-overflow -Wno-alloc-size-larger-than -Wimplicit-fallthrough=5 -Werror=date-time -Werror=incompatible-pointer-types -Werror=designated-init -Wenum-conversion -Wunused -Wno-unused-but-set-variable -Wno-unused-const-variable -Wno-packed-not-aligned -Wno-format-overflow -Wno-format-truncation -Wno-stringop-truncation -Wno-override-init -Wno-missing-field-initializers -Wno-type-limits -Wno-shift-negative-value -Wno-maybe-uninitialized -Wno-sign-compare -Wno-unused-parameter -Wno-attribute-alias -mstack-protector-guard=tls -mstack-protector-guard-offset=1032    -DKBUILD_MODFILE='"crypto/rsa_generic"' -DKBUILD_BASENAME='"rsapubkey.asn1"' -DKBUILD_MODNAME='"rsa_generic"' -D__KBUILD_MODNAME=kmod_rsa_generic -c -o crypto/rsapubkey.asn1.o crypto/rsapubkey.asn1.c  
# CC      crypto/rsaprivkey.asn1.o
  /workspace/project/buildroot/buildroot-mchp/output/host/bin/arm-buildroot-linux-uclibcgnueabihf-gcc -Wp,-MMD,crypto/.rsaprivkey.asn1.o.d -nostdinc -I./arch/arm/include -I./arch/arm/include/generated  -I./include -I./arch/arm/include/uapi -I./arch/arm/include/generated/uapi -I./include/uapi -I./include/generated/uapi -include ./include/linux/compiler-version.h -include ./include/linux/kconfig.h -include ./include/linux/compiler_types.h -D__KERNEL__ -mlittle-endian -D__LINUX_ARM_ARCH__=7 -fmacro-prefix-map=./= -std=gnu11 -fshort-wchar -funsigned-char -fno-common -fno-PIE -fno-strict-aliasing -fno-dwarf2-cfi-asm -mno-fdpic -fno-ipa-sra -mtp=cp15 -mabi=aapcs-linux -mfpu=vfp -funwind-tables -marm -Wa,-mno-warn-deprecated -march=armv7-a -msoft-float -Uarm -fno-delete-null-pointer-checks -O2 -fno-allow-store-data-races -fstack-protector-strong -fomit-frame-pointer -ftrivial-auto-var-init=zero -fno-stack-clash-protection -fstrict-flex-arrays=3 -fno-strict-overflow -fno-stack-check -fconserve-stack -fno-builtin-wcslen -fno-builtin-wcslen -Wall -Wextra -Wundef -Werror=implicit-function-declaration -Werror=implicit-int -Werror=return-type -Werror=strict-prototypes -Wno-format-security -Wno-trigraphs -Wno-frame-address -Wno-address-of-packed-member -Wmissing-declarations -Wmissing-prototypes -Wframe-larger-than=1024 -Wno-main -Wno-dangling-pointer -Wvla -Wno-pointer-sign -Wcast-function-type -Wno-array-bounds -Wno-stringop-overflow -Wno-alloc-size-larger-than -Wimplicit-fallthrough=5 -Werror=date-time -Werror=incompatible-pointer-types -Werror=designated-init -Wenum-conversion -Wunused -Wno-unused-but-set-variable -Wno-unused-const-variable -Wno-packed-not-aligned -Wno-format-overflow -Wno-format-truncation -Wno-stringop-truncation -Wno-override-init -Wno-missing-field-initializers -Wno-type-limits -Wno-shift-negative-value -Wno-maybe-uninitialized -Wno-sign-compare -Wno-unused-parameter -Wno-attribute-alias -mstack-protector-guard=tls -mstack-protector-guard-offset=1032    -DKBUILD_MODFILE='"crypto/rsa_generic"' -DKBUILD_BASENAME='"rsaprivkey.asn1"' -DKBUILD_MODNAME='"rsa_generic"' -D__KBUILD_MODNAME=kmod_rsa_generic -c -o crypto/rsaprivkey.asn1.o crypto/rsaprivkey.asn1.c  
# AR      crypto/built-in.a
  rm -f crypto/built-in.a;  printf "crypto/%s " api.o cipher.o compress.o algapi.o scatterwalk.o proc.o aead.o lskcipher.o skcipher.o ahash.o shash.o akcipher.o sig.o kpp.o rsapubkey.asn1.o rsaprivkey.asn1.o rsa.o rsa_helper.o rsa-pkcs1pad.o acompress.o scompress.o algboss.o testmgr.o cmac.o hmac.o crypto_null.o sha1_generic.o sha256_generic.o sha512_generic.o ecb.o cbc.o xts.o ctr.o gcm.o ccm.o des_generic.o aes_generic.o deflate.o crc32c_generic.o lzo.o lzo-rle.o rng.o ghash-generic.o zstd.o asymmetric_keys/built-in.a hash_info.o | xargs /workspace/project/buildroot/buildroot-mchp/output/host/bin/arm-buildroot-linux-uclibcgnueabihf-ar cDPrST crypto/built-in.a
# cmd_gen_order crypto/modules.order
  {   cat crypto/asymmetric_keys/modules.order;   echo crypto/af_alg.o;   echo crypto/algif_hash.o;   echo crypto/algif_skcipher.o; :; } > crypto/modules.order
make[2]: *** [/workspace/project/buildroot/buildroot-mchp/output/build/linux-custom/Makefile:1945: .] Error 2
make[1]: *** [Makefile:224: __sub-make] Error 2
make[1]: Leaving directory '/workspace/project/buildroot/buildroot-mchp/output/build/linux-custom'
make: *** [package/pkg-generic.mk:273: /workspace/project/buildroot/buildroot-mchp/output/build/linux-custom/.stamp_built] Error 2
